Date,OrderID,Customer,Region,Channel,Segment,Category,Product,Quantity,UnitPrice,Discount,Sales,Cost,Profit,MarketingSpend,CustomerSince
2025-02-28,ORD-100000,C-4849,APAC,Affiliate,Enterprise,Home,Beacon Lamp,1,192,0,192,144.33,47.67,15.88,2023-04-16
2025-02-28,ORD-100001,C-4823,North America,Email,Enterprise,Home,Nest Sensor,3,64,0,192,102.83,89.17,18.79,2024-10-23
2025-03-01,ORD-100002,C-4913,APAC,Affiliate,SMB,Wearables,Pulse Band,1,105,0,105,56.39,48.61,6.77,2025-02-22
2025-03-01,ORD-100003,C-4845,North America,Affiliate,SMB,Wearables,Aura Watch,1,329,0.050401459854014605,312.42,178.87,133.55,31.31,2024-01-19
2025-03-01,ORD-100004,C-4436,North America,Paid Search,Enterprise,Accessories,Shield Case,2,204,0.1501094890510949,346.76,275.78,70.98,38.2,2024-01-30
2025-03-01,ORD-100005,C-4909,North America,Organic,Enterprise,Accessories,Flux Cable,3,93,0,279,171.28,107.72,0,2025-03-29
2025-03-01,ORD-100006,C-4939,EMEA,Affiliate,Enterprise,Audio,Halo Headset,7,125,0,875,508.35,366.65,94.34,2023-01-02
2025-03-01,ORD-100007,C-4526,North America,Organic,SMB,Wearables,Pulse Band,1,105,0,105,56.39,48.61,0,2023-09-10
2025-03-01,ORD-100008,C-4677,North America,Affiliate,SMB,Wearables,Nimbus Ring,3,245,0.09,668.85,536.46,132.39,58.05,2024-05-23
2025-03-02,ORD-100009,C-4231,North America,Social,SMB,Audio,Halo Headset,2,125,0.08,230,145.24,84.76,24.73,2023-10-15
2025-03-02,ORD-100010,C-4256,APAC,Paid Search,Consumer,Accessories,Flux Cable,1,93,0.04021897810218978,89.26,57.09,32.17,9.85,2024-11-28
2025-03-02,ORD-100011,C-4208,EMEA,Organic,Enterprise,Accessories,Orbit Dock,9,208,0.06,1759.68,1079.7,679.98,0,2024-04-15
2025-03-02,ORD-100012,C-4338,APAC,Email,Enterprise,Wearables,Pulse Band,4,105,0.07,390.6,225.56,165.04,35.6,2023-12-16
2025-03-03,ORD-100013,C-4799,APAC,Email,SMB,Home,Vista Hub,1,214,0,214,151.52,62.48,20,2024-02-20
2025-03-03,ORD-100014,C-4869,EMEA,Social,Consumer,Wearables,Aura Watch,1,329,0.1012043795620438,295.7,178.96,116.74,18.91,2023-11-29
2025-03-03,ORD-100015,C-4896,EMEA,Email,SMB,Accessories,Shield Case,2,204,0.02,399.84,275.78,124.06,29.15,2025-07-05
2025-03-03,ORD-100016,C-4546,APAC,Paid Search,SMB,Home,Vista Hub,2,214,0.07032846715328468,397.9,303.03,94.87,43.97,2025-05-03
2025-03-03,ORD-100017,C-4927,EMEA,Email,Enterprise,Wearables,Pulse Band,8,105,0,840,451.12,388.88,67.09,2023-04-29
2025-03-04,ORD-100018,C-4975,EMEA,Organic,Consumer,Home,Beacon Lamp,3,192,0,576,432.99,143.01,0,2023-08-07
2025-03-04,ORD-100019,C-4209,North America,Affiliate,SMB,Wearables,Nimbus Ring,1,245,0,245,178.82,66.18,17.75,2024-10-31
2025-03-04,ORD-100020,C-4500,APAC,Affiliate,SMB,Audio,Halo Headset,3,125,0,375,217.87,157.13,39.21,2025-08-14
2025-03-04,ORD-100021,C-4111,APAC,Affiliate,Consumer,Wearables,Aura Watch,3,329,0.001605839416058394,985.42,537,448.42,106.92,2024-10-13
2025-03-04,ORD-100022,C-4953,APAC,Social,SMB,Audio,Echo Buds,3,79,0.05,225.15,170.65,54.5,15.98,2025-04-03
2025-03-04,ORD-100023,C-4543,EMEA,Organic,Enterprise,Home,Beacon Lamp,6,192,0.12,1013.76,865.98,147.78,0,2023-06-13
2025-03-04,ORD-100024,C-4970,APAC,Paid Search,Consumer,Accessories,Orbit Dock,2,208,0.09043795620437955,378.38,239.93,138.45,41.87,2025-06-27
2025-03-04,ORD-100025,C-4907,North America,Social,Consumer,Wearables,Pulse Band,1,105,0,105,56.39,48.61,8.09,2024-11-20
2025-03-05,ORD-100026,C-4991,North America,Affiliate,Enterprise,Home,Nest Sensor,4,64,0,256,137.11,118.89,26.36,2024-02-16
2025-03-05,ORD-100027,C-4466,North America,Organic,Enterprise,Home,Beacon Lamp,2,192,0.11,341.76,288.66,53.1,0,2024-04-09
2025-03-05,ORD-100028,C-4678,EMEA,Organic,Enterprise,Accessories,Orbit Dock,6,208,0,1248,719.8,528.2,0,2023-03-30
2025-03-05,ORD-100029,C-4210,North America,Email,Consumer,Wearables,Pulse Band,2,105,0,210,112.78,97.22,16.28,2025-03-19
2025-03-05,ORD-100030,C-4216,North America,Social,SMB,Home,Nest Sensor,1,64,0.02,62.72,34.28,28.44,5.63,2024-09-01
2025-03-05,ORD-100031,C-4688,EMEA,Affiliate,Consumer,Accessories,Orbit Dock,2,208,0,416,239.93,176.07,35.39,2023-07-05
2025-03-05,ORD-100032,C-4706,APAC,Social,SMB,Wearables,Aura Watch,2,329,0.0020072992700729928,656.68,358.09,298.59,69.18,2023-03-17
2025-03-06,ORD-100033,C-4474,EMEA,Social,Enterprise,Home,Beacon Lamp,3,192,0,576,432.99,143.01,40.11,2025-07-25
2025-03-06,ORD-100034,C-4674,North America,Paid Search,SMB,Accessories,Shield Case,2,204,0.0006569343065693431,407.73,275.78,131.95,45.25,2024-07-11
2025-03-06,ORD-100035,C-4497,APAC,Email,SMB,Wearables,Nimbus Ring,3,245,0,735,536.46,198.54,67.03,2024-12-10
2025-03-06,ORD-100036,C-4397,APAC,Social,Enterprise,Wearables,Pulse Band,7,105,0,735,394.73,340.27,75.84,2024-04-13
2025-03-06,ORD-100037,C-4192,EMEA,Paid Search,SMB,Accessories,Shield Case,3,204,0.0006569343065693431,611.6,413.67,197.93,67.88,2024-07-26
2025-03-06,ORD-100038,C-4240,North America,Affiliate,SMB,Accessories,Shield Case,1,204,0.01,201.96,137.89,64.07,16.26,2023-12-23
2025-03-06,ORD-100039,C-4687,North America,Paid Search,Enterprise,Home,Nest Sensor,3,64,0.14065693430656936,164.99,102.83,62.16,18.31,2024-08-20
2025-03-07,ORD-100040,C-4497,North America,Social,Enterprise,Audio,Halo Headset,1,125,0,125,72.62,52.38,7.67,2025-04-20
2025-03-07,ORD-100041,C-4619,APAC,Social,Consumer,Accessories,Orbit Dock,2,208,0,416,239.93,176.07,45.75,2023-03-05
2025-03-07,ORD-100042,C-4372,APAC,Social,SMB,Accessories,Flux Cable,2,93,0,186,114.19,71.81,16.48,2024-03-31
2025-03-07,ORD-100043,C-4894,APAC,Organic,Consumer,Accessories,Shield Case,2,204,0.11,363.12,275.78,87.34,0,2023-01-24
2025-03-07,ORD-100044,C-4778,North America,Affiliate,Consumer,Audio,Echo Buds,1,79,0,79,56.88,22.12,5.73,2023-04-08
2025-03-07,ORD-100045,C-4741,APAC,Paid Search,SMB,Audio,Echo Buds,1,79,0.08076642335766424,72.62,56.88,15.74,8.07,2023-05-14
2025-03-08,ORD-100046,C-4538,APAC,Social,Consumer,Wearables,Aura Watch,3,329,0.003211678832116788,983.83,537.55,446.28,99.56,2023-12-09
2025-03-08,ORD-100047,C-4655,North America,Affiliate,Enterprise,Accessories,Orbit Dock,8,208,0.12,1464.32,959.73,504.59,137.09,2025-02-14
2025-03-08,ORD-100048,C-4157,North America,Organic,SMB,Accessories,Flux Cable,2,93,0,186,114.19,71.81,0,2024-10-16
2025-03-08,ORD-100049,C-4470,North America,Affiliate,SMB,Home,Beacon Lamp,2,192,0,384,288.66,95.34,38.16,2024-03-07
2025-03-08,ORD-100050,C-4137,EMEA,Social,SMB,Accessories,Shield Case,1,204,0.14,175.44,137.89,37.55,15.96,2023-10-15
2025-03-08,ORD-100051,C-4863,APAC,Organic,Enterprise,Audio,Halo Headset,1,125,0.13,108.75,72.62,36.13,0,2023-08-13
2025-03-08,ORD-100052,C-4224,North America,Email,Consumer,Accessories,Flux Cable,3,93,0,279,171.28,107.72,20.25,2023-11-12
2025-03-08,ORD-100053,C-4972,North America,Social,Consumer,Wearables,Pulse Band,3,105,0.04,302.4,169.17,133.23,29.81,2024-06-11
2025-03-08,ORD-100054,C-4950,North America,Affiliate,Enterprise,Accessories,Shield Case,9,204,0.08,1689.12,1241.01,448.11,116.53,2025-07-19
2025-03-08,ORD-100055,C-4781,North America,Organic,SMB,Audio,Halo Headset,3,125,0,375,217.87,157.13,0,2025-03-06
2025-03-08,ORD-100056,C-4508,APAC,Social,Enterprise,Wearables,Nimbus Ring,7,245,0,1715,1251.74,463.26,125.31,2023-10-05
2025-03-09,ORD-100057,C-4325,EMEA,Affiliate,SMB,Wearables,Nimbus Ring,3,245,0.14,632.1,536.46,95.64,57.05,2023-10-13
2025-03-09,ORD-100058,C-4106,North America,Paid Search,Enterprise,Wearables,Nimbus Ring,4,245,0.040985401459854014,939.83,715.28,224.55,104.77,2023-05-16
2025-03-09,ORD-100059,C-4628,APAC,Affiliate,Consumer,Accessories,Shield Case,2,204,0,408,275.78,132.22,28.06,2025-02-21
2025-03-09,ORD-100060,C-4158,APAC,Organic,Enterprise,Accessories,Flux Cable,2,93,0,186,114.19,71.81,0,2025-01-20
2025-03-09,ORD-100061,C-4433,EMEA,Email,SMB,Home,Nest Sensor,1,64,0.1,57.6,34.28,23.32,4.86,2023-09-10
2025-03-09,ORD-100062,C-4691,North America,Social,Enterprise,Accessories,Orbit Dock,6,208,0,1248,719.8,528.2,102.52,2023-06-21
2025-03-09,ORD-100063,C-4910,EMEA,Social,SMB,Audio,Echo Buds,2,79,0.06,148.52,113.76,34.76,13.84,2023-03-05
2025-03-10,ORD-100064,C-4245,EMEA,Social,SMB,Wearables,Aura Watch,3,329,0.0040145985401459855,983.04,537.82,445.22,83.04,2023-09-20
2025-03-10,ORD-100065,C-4490,APAC,Email,Enterprise,Audio,Echo Buds,6,79,0,474,341.29,132.71,35.72,2025-05-19
2025-03-10,ORD-100066,C-4986,APAC,Affiliate,Enterprise,Audio,Halo Headset,1,125,0.13,108.75,72.62,36.13,9.43,2024-03-01
2025-03-10,ORD-100067,C-4209,APAC,Paid Search,SMB,Home,Nest Sensor,2,64,0.0610948905109489,120.18,68.56,51.62,13.42,2024-10-01
2025-03-10,ORD-100068,C-4375,EMEA,,Enterprise,Accessories,Shield Case,7,204,0.0610948905109489,1340.76,965.23,375.53,149.69,2024-09-30
2025-03-10,ORD-100069,C-4931,North America,Affiliate,Enterprise,Audio,Echo Buds,9,79,0.01,703.89,511.94,191.95,61.01,2023-10-15
2025-03-10,ORD-100070,C-4957,EMEA,Organic,SMB,Wearables,Aura Watch,2,329,0.0040145985401459855,655.36,358.54,296.82,0,2024-01-03
2025-03-10,ORD-100071,C-4819,APAC,Social,Consumer,Wearables,Aura Watch,3,329,0.014014598540145987,973.17,537.82,435.35,107,2024-02-10
2025-03-10,ORD-100072,C-4448,APAC,Organic,Enterprise,Accessories,Flux Cable,3,93,0,279,171.28,107.72,0,2025-07-09
2025-03-11,ORD-100073,C-4437,North America,Organic,Enterprise,Accessories,Orbit Dock,1,208,0,208,119.97,88.03,0,2023-02-01
2025-03-11,ORD-100074,C-4959,North America,Affiliate,SMB,Audio,Echo Buds,1,79,0,79,56.88,22.12,7.4,2025-08-01
2025-03-11,ORD-100075,C-4576,North America,Paid Search,Consumer,Accessories,Orbit Dock,3,208,0.0012043795620437956,623.25,359.9,263.35,69.68,2024-11-26
2025-03-11,ORD-100076,C-4869,North America,Paid Search,Enterprise,Audio,Halo Headset,1,125,0.0012043795620437956,124.85,72.62,52.23,13.96,2023-01-21
2025-03-11,ORD-100077,C-4754,EMEA,Paid Search,Consumer,Home,Nest Sensor,2,64,0.0012043795620437956,127.85,68.56,59.29,14.29,2025-02-10
2025-03-11,ORD-100078,C-4525,North America,Organic,Enterprise,Wearables,Aura Watch,9,329,0.09441605839416058,2681.43,1613.86,1067.57,0,2023-08-03
2025-03-11,ORD-100079,C-4687,APAC,Paid Search,SMB,Audio,Halo Headset,3,125,0.0012043795620437956,374.55,217.87,156.68,41.88,2023-07-05
2025-03-11,ORD-100080,C-4520,North America,Paid Search,Enterprise,Accessories,Orbit Dock,6,208,0.12120437956204379,1096.74,719.8,376.94,122.62,2025-04-30
2025-03-12,ORD-100081,C-4930,APAC,Email,SMB,Wearables,Nimbus Ring,2,245,0.04,470.4,357.64,112.76,47.34,2023-10-18
2025-03-12,ORD-100082,C-4699,North America,Paid Search,SMB,Accessories,Flux Cable,1,93,0.0013138686131386862,92.88,57.09,35.79,10.4,2023-05-21
2025-03-12,ORD-100083,C-4418,EMEA,Affiliate,Consumer,Audio,Echo Buds,3,79,0,237,170.65,66.35,14.26,2024-03-03
2025-03-12,ORD-100084,C-4557,EMEA,Social,Consumer,Home,Nest Sensor,1,64,0,64,34.28,29.72,4.54,2025-03-30
2025-03-12,ORD-100085,C-4728,EMEA,Paid Search,Consumer,Accessories,Orbit Dock,2,208,0.0013138686131386862,415.45,239.93,175.52,46.52,2024-12-28
2025-03-12,ORD-100086,C-4135,APAC,Paid Search,Consumer,Accessories,Orbit Dock,3,208,0.021313868613138685,610.7,359.9,250.8,68.38,2024-01-20
2025-03-12,ORD-100087,C-4607,EMEA,Paid Search,SMB,Wearables,Nimbus Ring,3,245,0.09131386861313869,667.88,536.46,131.42,74.78,2024-01-06
2025-03-12,ORD-100088,C-4242,EMEA,Social,Consumer,Home,Beacon Lamp,1,192,0,192,144.33,47.67,15.11,2024-02-25
2025-03-12,ORD-100089,C-4126,APAC,Organic,Consumer,Wearables,Nimbus Ring,2,245,0,490,357.64,132.36,0,2025-02-28
2025-03-12,ORD-100090,C-4593,North America,Organic,Enterprise,Home,Nest Sensor,8,64,0,512,274.22,237.78,0,2024-01-13
2025-03-12,ORD-100091,C-4997,EMEA,Affiliate,SMB,Wearables,Nimbus Ring,1,245,0.09,222.95,178.82,44.13,20.32,2024-10-27
2025-03-13,ORD-100092,C-4993,EMEA,Organic,SMB,Accessories,Flux Cable,3,93,0,279,171.28,107.72,0,2023-12-01
2025-03-13,ORD-100093,C-4612,EMEA,Affiliate,Enterprise,Home,Beacon Lamp,8,192,0.04,1474.56,1154.65,319.91,130,2025-06-18
2025-03-13,ORD-100094,C-4781,EMEA,Organic,Enterprise,Wearables,Pulse Band,7,105,0,735,394.73,340.27,0,2025-06-20
2025-03-13,ORD-100095,C-4141,APAC,Paid Search,SMB,Wearables,Nimbus Ring,2,245,0.0014233576642335764,489.3,357.64,131.66,54.87,2024-04-23
2025-03-13,ORD-100096,C-4363,EMEA,Paid Search,SMB,Accessories,Flux Cable,3,93,0.0014233576642335764,278.6,171.28,107.32,31.24,2023-12-12
2025-03-13,ORD-100097,C-4745,APAC,Paid Search,SMB,Home,Vista Hub,3,214,0.0014233576642335764,641.09,454.55,186.54,71.89,2023-02-14
2025-03-13,ORD-100098,C-4677,North America,Paid Search,Enterprise,Accessories,Flux Cable,7,93,0.08142335766423357,597.99,399.66,198.33,67.06,2023-05-05
2025-03-13,ORD-100099,C-4837,North America,Paid Search,Enterprise,Wearables,Pulse Band,7,105,0.02142335766423358,719.25,394.73,324.52,,2023-11-15
2025-03-14,ORD-100100,C-4146,North America,Email,Consumer,Wearables,Nimbus Ring,1,245,0,245,178.82,66.18,18.88,2023-04-21
2025-03-14,ORD-100101,C-4109,EMEA,Affiliate,Enterprise,Accessories,Flux Cable,4,93,0,372,228.38,143.62,22.7,2023-10-03
2025-03-14,ORD-100102,C-4257,APAC,Email,Consumer,Accessories,Orbit Dock,2,208,0.03,403.52,239.93,163.59,42.93,2025-08-26
2025-03-14,ORD-100103,C-4826,APAC,Email,SMB,Accessories,Flux Cable,1,93,0,93,57.09,35.91,8.24,2023-03-09
2025-03-14,ORD-100104,C-4481,EMEA,Affiliate,SMB,Accessories,Flux Cable,1,93,0.08,85.56,57.09,28.47,5.94,2025-09-14
2025-03-14,ORD-100105,C-4730,APAC,Social,SMB,Accessories,Shield Case,1,204,0.01,201.96,137.89,64.07,21.85,2025-05-02
2025-03-14,ORD-100106,C-4749,North America,Social,SMB,Home,Vista Hub,2,214,0.12,376.64,303.03,73.61,23.74,2023-10-21
2025-03-15,ORD-100107,C-4141,EMEA,Affiliate,SMB,Accessories,Orbit Dock,1,208,0,208,119.97,88.03,19.81,2025-04-15
2025-03-15,ORD-100108,C-4219,North America,Affiliate,SMB,Home,Beacon Lamp,1,192,0,192,144.33,47.67,17.37,2025-05-10
2025-03-15,ORD-100109,C-4587,APAC,Organic,SMB,Accessories,Shield Case,1,204,0,204,137.89,66.11,0,2025-04-15
2025-03-15,ORD-100110,C-4630,EMEA,Paid Search,Enterprise,Accessories,Flux Cable,5,93,0.12164233576642336,408.44,285.47,122.97,45.93,2025-05-12
2025-03-15,ORD-100111,C-4590,North America,Organic,Enterprise,Wearables,Nimbus Ring,7,245,0,1715,1251.74,463.26,0,2023-06-20
2025-03-15,ORD-100112,C-4620,APAC,Social,Consumer,Audio,Echo Buds,2,79,0.1,142.2,113.76,28.44,10.3,2025-03-14
2025-03-16,ORD-100113,C-4281,North America,Organic,Enterprise,Accessories,Flux Cable,4,93,0,372,228.38,143.62,0,2024-09-13
2025-03-16,ORD-100114,C-4109,North America,Social,SMB,Accessories,Flux Cable,2,93,0.05,176.7,114.19,62.51,17.53,2025-02-14
2025-03-16,ORD-100115,C-4449,APAC,Email,Enterprise,Audio,Halo Headset,1,125,0,125,72.62,52.38,9.3,2024-09-17
2025-03-16,ORD-100116,C-4617,APAC,Organic,SMB,Accessories,Orbit Dock,1,208,0.1,187.2,119.97,67.23,0,2025-04-02
2025-03-16,ORD-100117,C-4445,APAC,Social,Consumer,Wearables,Nimbus Ring,1,245,0,245,178.82,66.18,22.22,2025-04-20
2025-03-16,ORD-100118,C-4185,APAC,Email,Enterprise,Home,Vista Hub,9,214,0.14,1656.36,1363.66,292.7,150.15,2024-04-04
2025-03-16,ORD-100119,C-4958,North America,Social,SMB,Wearables,Aura Watch,3,329,0.006423357664233576,980.66,538.64,442.02,89.15,2024-08-25
2025-03-16,ORD-100120,C-4924,APAC,Social,Consumer,Accessories,Shield Case,3,204,0.03,593.64,413.67,179.97,39.87,2025-03-29
2025-03-16,ORD-100121,C-4371,EMEA,Social,SMB,Wearables,Nimbus Ring,2,245,0,490,357.64,132.36,33.06,2023-02-28
2025-03-16,ORD-100122,C-4659,APAC,Organic,SMB,Home,Nest Sensor,2,64,0.07,119.04,68.56,50.48,0,2023-09-04
2025-03-17,ORD-100123,C-4775,APAC,Social,Consumer,Accessories,Orbit Dock,1,208,0,208,119.97,88.03,19.6,2024-07-04
2025-03-17,ORD-100124,C-4184,EMEA,Social,Consumer,Accessories,Orbit Dock,3,208,0,624,359.9,264.1,46.95,2023-10-02
2025-03-17,ORD-100125,C-4118,North America,Paid Search,SMB,Accessories,Shield Case,3,204,0.0018613138686131387,610.86,413.67,197.19,68.9,2024-01-16
2025-03-17,ORD-100126,C-4294,North America,Social,SMB,Audio,Echo Buds,1,79,0.05,75.05,56.88,18.17,7.39,2024-10-13
2025-03-17,ORD-100127,C-4490,APAC,Organic,SMB,Home,Vista Hub,3,214,0.08,590.64,454.55,136.09,0,2025-02-08
2025-03-17,ORD-100128,C-4713,APAC,Social,Enterprise,Home,Nest Sensor,5,64,0,320,171.39,148.61,32.3,2024-06-01
2025-03-18,ORD-100129,C-4258,APAC,Paid Search,Enterprise,Wearables,Nimbus Ring,6,245,0.07197080291970803,1364.2,1072.92,291.28,154.09,2024-09-24
2025-03-18,ORD-100130,C-4170,EMEA,Affiliate,SMB,Home,Beacon Lamp,1,192,0.06,180.48,144.33,36.15,14.37,2023-03-30
2025-03-18,ORD-100131,C-4712,APAC,Email,Consumer,Home,Nest Sensor,3,64,0,192,102.83,89.17,12.25,2025-07-21
2025-03-18,ORD-100132,C-4561,APAC,Paid Search,Enterprise,Wearables,Nimbus Ring,4,245,0.001970802919708029,978.07,715.28,262.79,110.48,2024-06-07
2025-03-18,ORD-100133,C-4146,North America,Affiliate,SMB,Audio,Echo Buds,3,79,0,237,170.65,66.35,16.71,2023-07-06
2025-03-18,ORD-100134,C-4941,APAC,Email,Consumer,Accessories,Flux Cable,3,93,0.08,256.68,171.28,85.4,22.86,2023-06-05
2025-03-18,ORD-100135,C-4874,APAC,Social,SMB,Wearables,Nimbus Ring,3,245,0.05,698.25,536.46,161.79,63.11,2023-11-28
2025-03-18,ORD-100136,C-4151,EMEA,Affiliate,Enterprise,Wearables,Pulse Band,2,105,0,210,112.78,97.22,22.26,2025-08-30
2025-03-19,ORD-100137,C-4837,APAC,Email,Consumer,Accessories,Orbit Dock,2,208,0,416,239.93,176.07,32.49,2023-01-12
2025-03-19,ORD-100138,C-4951,EMEA,Paid Search,Enterprise,Home,Beacon Lamp,6,192,0.0020802919708029196,1149.6,865.98,283.62,130.04,2024-06-17
2025-03-19,ORD-100139,C-4781,EMEA,Affiliate,Consumer,Accessories,Orbit Dock,1,208,0,208,119.97,88.03,22.8,2025-02-15
2025-03-19,ORD-100140,C-4923,EMEA,Organic,Enterprise,Home,Nest Sensor,1,64,0.05,60.8,34.28,26.52,0,2025-04-10
2025-03-19,ORD-100141,C-4150,EMEA,Paid Search,SMB,Home,Nest Sensor,2,64,0.0020802919708029196,127.73,68.56,59.17,14.45,2025-07-03
2025-03-19,ORD-100142,C-4967,North America,Affiliate,Consumer,Accessories,Flux Cable,2,93,0.08,171.12,114.19,56.93,10.33,2025-02-10
2025-03-19,ORD-100143,C-4910,APAC,Social,SMB,Wearables,Aura Watch,1,329,0.007627737226277372,326.49,179.69,146.8,27.82,2023-03-24
2025-03-20,ORD-100144,C-4788,APAC,Email,Enterprise,Accessories,Orbit Dock,1,208,0,208,119.97,88.03,15.93,2023-07-31
2025-03-20,ORD-100145,C-4588,EMEA,Organic,Enterprise,Home,Nest Sensor,5,64,0,320,171.39,148.61,0,2024-12-11
2025-03-20,ORD-100146,C-4719,EMEA,Social,SMB,Accessories,Shield Case,3,204,0.09,556.92,413.67,143.25,37.99,2023-06-27
2025-03-20,ORD-100147,C-4359,EMEA,Social,Enterprise,Accessories,Shield Case,2,204,0.1,367.2,275.78,91.42,36.44,2023-03-02
2025-03-20,ORD-100148,C-4926,EMEA,Affiliate,Enterprise,Accessories,Flux Cable,6,93,0.13,485.46,342.57,142.89,39.97,2024-01-03
2025-03-20,ORD-100149,C-4939,EMEA,Affiliate,SMB,Audio,Echo Buds,3,79,0,237,170.65,66.35,23.86,2024-03-13
2025-03-20,ORD-100150,C-4102,North America,Organic,Consumer,Home,Vista Hub,2,214,0,428,303.03,124.97,0,2023-01-25
2025-03-20,ORD-100151,C-4945,North America,Social,Consumer,Home,Nest Sensor,2,64,0.03,124.16,68.56,55.6,10.1,2024-01-04
2025-03-20,ORD-100152,C-4743,North America,Social,Enterprise,Wearables,Aura Watch,2,329,0.028029197080291973,639.56,359.46,280.1,66.46,2023-12-18
2025-03-21,ORD-100153,C-4212,EMEA,Organic,Consumer,Home,Beacon Lamp,3,192,0,576,432.99,143.01,0,2024-08-19
2025-03-21,ORD-100154,C-4304,North America,Social,Consumer,Accessories,Flux Cable,2,93,0,186,114.19,71.81,18.49,2024-11-17
2025-03-21,ORD-100155,C-4330,APAC,Affiliate,Enterprise,Wearables,Aura Watch,4,329,0.06843065693430657,1225.95,719.1,506.85,126.45,2024-03-20
2025-03-21,ORD-100156,C-4508,North America,Affiliate,Enterprise,Home,Beacon Lamp,4,192,0,768,577.32,190.68,47.77,2023-07-24
2025-03-21,ORD-100157,C-4794,EMEA,Organic,Consumer,Home,Nest Sensor,2,64,0,128,68.56,59.44,0,2025-05-13
2025-03-22,ORD-100158,C-4816,North America,Affiliate,Consumer,Audio,Halo Headset,2,125,0.05,237.5,145.24,92.26,20.2,2024-02-01
2025-03-22,ORD-100159,C-4945,North America,Organic,Enterprise,Home,Vista Hub,9,214,0,1926,1363.66,562.34,0,2023-01-22
2025-03-22,ORD-100160,C-4913,North America,Paid Search,Consumer,Wearables,Aura Watch,2,329,0.011240875912408759,650.6,359.64,290.96,73.92,2023-08-20
2025-03-22,ORD-100161,C-4872,APAC,Social,Consumer,Accessories,Shield Case,1,204,0,204,137.89,66.11,16.17,2025-06-02
2025-03-22,ORD-100162,C-4750,EMEA,Social,SMB,Home,Vista Hub,1,214,0.08,196.88,151.52,45.36,20.98,2024-11-25
2025-03-22,ORD-100163,C-4624,North America,Email,Consumer,Accessories,Flux Cable,3,93,0.06,262.26,171.28,90.98,18.3,2023-03-31
2025-03-23,ORD-100164,C-4857,APAC,Paid Search,SMB,Wearables,Aura Watch,1,329,0.011751824817518249,325.13,179.87,145.26,36.99,2023-01-10
2025-03-23,ORD-100165,C-4887,North America,Paid Search,Enterprise,Wearables,Aura Watch,4,329,0.011751824817518249,1300.53,719.46,581.07,147.97,2024-09-04
2025-03-23,ORD-100166,C-4722,North America,Paid Search,SMB,Wearables,Aura Watch,1,329,0.14175182481751825,282.36,179.87,102.49,32.13,2023-07-20
2025-03-23,ORD-100167,C-4326,North America,Organic,Consumer,Audio,Echo Buds,1,79,0.1,71.1,56.88,14.22,0,2024-08-04
2025-03-23,ORD-100168,C-4144,APAC,Affiliate,Enterprise,Wearables,Pulse Band,4,105,0.03,407.4,225.56,181.84,29.96,2023-07-25
2025-03-23,ORD-100169,C-4169,APAC,Email,Enterprise,Wearables,Pulse Band,6,105,0,630,338.34,291.66,49.63,2024-11-15
2025-03-23,ORD-100170,C-4175,North America,Organic,Enterprise,Accessories,Orbit Dock,4,208,0.01,823.68,479.87,343.81,0,2023-06-06
2025-03-23,ORD-100171,C-4394,EMEA,Affiliate,SMB,Wearables,Pulse Band,1,105,0,105,56.39,48.61,6.85,2023-01-07
2025-03-23,ORD-100172,C-4771,APAC,Email,Consumer,Wearables,Aura Watch,3,329,0.15923357664233576,829.84,539.6,290.24,87.93,2024-05-05
2025-03-23,ORD-100173,C-4125,APAC,Paid Search,SMB,Home,Nest Sensor,2,64,0.0025182481751824816,127.68,68.56,59.12,14.53,2023-08-18
2025-03-23,ORD-100174,C-4535,North America,Email,Enterprise,Wearables,Pulse Band,5,105,0,525,281.95,243.05,43.77,2023-11-27
2025-03-24,ORD-100175,C-4511,EMEA,Affiliate,Enterprise,Audio,Halo Headset,9,125,0.08,1035,653.6,381.4,91.07,2024-04-14
2025-03-24,ORD-100176,C-4878,APAC,Organic,Enterprise,Wearables,Nimbus Ring,9,245,0.1,1984.5,1609.39,375.11,0,2023-10-29
2025-03-24,ORD-100177,C-4926,APAC,Paid Search,SMB,Home,Beacon Lamp,2,192,0.0026277372262773725,382.99,288.66,94.33,43.64,2024-01-26
2025-03-24,ORD-100178,C-4314,North America,Social,Consumer,Audio,Echo Buds,2,79,0,158,113.76,44.24,9.53,2025-08-12
2025-03-24,ORD-100179,C-4502,APAC,Social,Enterprise,Wearables,Aura Watch,4,329,0.009635036496350365,1303.32,719.65,583.67,115.2,2023-04-28
2025-03-24,ORD-100180,C-4129,EMEA,Paid Search,Consumer,Wearables,Pulse Band,3,105,0.06262773722627737,295.27,169.17,126.1,33.64,2025-01-01
2025-03-24,ORD-100181,C-4340,North America,Organic,Consumer,Accessories,Shield Case,1,204,0,204,137.89,66.11,0,2023-11-19
2025-03-24,ORD-100182,C-4471,EMEA,Paid Search,SMB,Accessories,Flux Cable,3,93,0.0026277372262773725,278.27,171.28,106.99,31.71,2025-09-09
2025-03-24,ORD-100183,C-4636,North America,Email,Enterprise,Home,Nest Sensor,6,64,0.12,337.92,205.67,132.25,33.82,2024-02-19
2025-03-24,ORD-100184,C-4948,North America,Organic,SMB,Wearables,Aura Watch,1,329,0.14963503649635038,279.77,179.92,99.85,0,2024-06-23
2025-03-24,ORD-100185,C-4989,EMEA,Organic,Enterprise,Accessories,Flux Cable,8,93,0,744,456.76,287.24,0,2023-06-03
2025-03-24,ORD-100186,C-4725,EMEA,Organic,Consumer,Wearables,Nimbus Ring,3,245,0.06,690.9,536.46,154.44,0,2024-12-02
2025-03-25,ORD-100187,C-4138,APAC,Organic,Consumer,Wearables,Nimbus Ring,2,245,0,490,357.64,132.36,0,2023-03-20
2025-03-25,ORD-100188,C-4175,EMEA,Affiliate,Consumer,Home,Beacon Lamp,1,192,0.02,188.16,144.33,43.83,16.93,2024-12-17
2025-03-25,ORD-100189,C-4540,EMEA,Email,Consumer,Accessories,Flux Cable,1,93,0,93,57.09,35.91,5.8,2025-06-25
2025-03-25,ORD-100190,C-4154,EMEA,Email,Enterprise,Wearables,Nimbus Ring,6,245,0.05,1396.5,1072.92,323.58,130.87,2025-06-15
2025-03-25,ORD-100191,C-4630,APAC,Organic,Enterprise,Home,Beacon Lamp,8,192,0.13,1336.32,1154.65,181.67,0,2023-10-27
2025-03-25,ORD-100192,C-4956,EMEA,Social,Consumer,Audio,Halo Headset,1,125,0.04,120,72.62,47.38,10.61,2024-12-14
2025-03-25,ORD-100193,C-4205,APAC,Email,Consumer,Wearables,Aura Watch,2,329,0.010036496350364963,651.4,359.91,291.49,64.5,2023-10-31
2025-03-25,ORD-100194,C-4298,APAC,Organic,SMB,Accessories,Shield Case,3,204,0.09,556.92,413.67,143.25,0,2024-06-14
2025-03-25,ORD-100195,C-4292,APAC,Paid Search,Consumer,Wearables,Nimbus Ring,3,245,0.04273722627737226,703.59,536.46,167.13,80.28,2023-05-05
2025-03-25,ORD-100196,C-4855,APAC,Email,Enterprise,Accessories,Shield Case,4,204,0.03,791.52,551.56,239.96,52.59,2023-05-16
2025-03-25,ORD-100197,C-4615,EMEA,Organic,Consumer,Audio,Halo Headset,1,125,0.1,112.5,72.62,39.88,0,2025-07-17
2025-03-26,ORD-100198,C-4877,APAC,Social,Consumer,Audio,Halo Headset,1,125,0.02,122.5,72.62,49.88,8.89,2024-11-21
2025-03-26,ORD-100199,C-4385,APAC,Paid Search,SMB,Home,Vista Hub,1,214,0.12284671532846715,187.71,151.52,36.19,21.45,2024-11-01
2025-03-26,ORD-100200,C-4690,EMEA,Paid Search,Consumer,Audio,Echo Buds,3,79,0.14284671532846716,203.15,170.65,32.5,23.21,2023-12-28
2025-03-26,ORD-100201,C-4114,North America,Organic,Enterprise,Wearables,Aura Watch,9,329,0.07043795620437956,2752.43,1620.03,1132.4,0,2025-01-04
2025-03-26,ORD-100202,C-4887,APAC,Social,Consumer,Audio,Halo Headset,3,125,0.02,367.5,217.87,149.63,30.97,2023-03-13
2025-03-26,ORD-100203,C-4760,APAC,Paid Search,Consumer,Wearables,Aura Watch,1,329,0.013284671532846714,324.63,180.01,144.62,37.1,2024-09-29
2025-03-26,ORD-100204,C-4318,EMEA,Organic,Enterprise,Wearables,Nimbus Ring,3,245,0,735,536.46,198.54,0,2025-01-25
2025-03-26,ORD-100205,C-4566,APAC,Social,Consumer,Wearables,Pulse Band,2,105,0.13,182.7,112.78,69.92,14.57,2024-01-14
2025-03-26,ORD-100206,C-4731,North America,Email,Enterprise,Audio,Halo Headset,8,125,0.14,860,580.98,279.02,89.02,2025-08-12
2025-03-26,ORD-100207,C-4985,EMEA,Paid Search,SMB,Accessories,Flux Cable,1,93,0.002846715328467153,92.74,57.09,35.65,10.6,2023-12-19
2025-03-26,ORD-100208,C-4845,APAC,Affiliate,Enterprise,Accessories,Shield Case,2,204,0,408,275.78,132.22,43.19,2025-09-25
2025-03-27,ORD-100209,C-4346,EMEA,Affiliate,Consumer,Home,Nest Sensor,2,64,0,128,68.56,59.44,7.81,2024-06-14
2025-03-27,ORD-100210,C-4310,North America,Paid Search,Consumer,Home,Beacon Lamp,2,192,0.07295620437956205,355.98,288.66,67.32,40.74,2024-07-18
2025-03-27,ORD-100211,C-4108,North America,Email,Enterprise,Accessories,Flux Cable,4,93,0,372,228.38,143.62,23.88,2023-08-15
2025-03-27,ORD-100212,C-4574,North America,Affiliate,Consumer,Accessories,Flux Cable,1,93,0,93,57.09,35.91,8.46,2025-06-04
2025-03-27,ORD-100213,C-4676,North America,Organic,SMB,Accessories,Flux Cable,2,93,0,186,114.19,71.81,0,2023-09-08
2025-03-27,ORD-100214,C-4963,EMEA,Social,SMB,Home,Nest Sensor,3,64,0,192,102.83,89.17,20.69,2023-11-30
2025-03-27,ORD-100215,C-4977,APAC,Email,Consumer,Accessories,Shield Case,2,204,0.05,387.6,275.78,111.82,42.13,2023-01-13
2025-03-27,ORD-100216,C-4420,North America,Affiliate,Enterprise,Accessories,Orbit Dock,8,208,0,1664,959.73,704.27,110.41,2024-04-03
2025-03-27,ORD-100217,C-4638,APAC,Email,Consumer,Accessories,Orbit Dock,1,208,0,208,119.97,88.03,22.24,2023-08-19
2025-03-27,ORD-100218,C-4385,EMEA,Email,Enterprise,Home,Nest Sensor,7,64,0.01,443.52,239.95,203.57,40.94,2023-05-26
2025-03-28,ORD-100219,C-4390,APAC,Paid Search,Consumer,Accessories,Orbit Dock,2,208,0.003065693430656934,414.72,239.93,174.79,47.53,2024-09-01
2025-03-28,ORD-100220,C-4635,APAC,Email,Consumer,Accessories,Flux Cable,3,93,0,279,171.28,107.72,26.74,2024-04-15
2025-03-28,ORD-100221,C-4216,EMEA,Email,SMB,Wearables,Nimbus Ring,3,245,0,735,536.46,198.54,58.88,2023-10-24
2025-03-28,ORD-100222,C-4548,North America,Affiliate,Enterprise,Home,Beacon Lamp,5,192,0,960,721.65,238.35,98.81,2025-04-29
2025-03-28,ORD-100223,C-4447,EMEA,Paid Search,SMB,Home,Nest Sensor,3,64,0.13306569343065694,166.45,102.83,63.62,19.07,2024-06-07
2025-03-29,ORD-100224,C-4335,North America,Organic,Enterprise,Home,Vista Hub,8,214,0.03,1660.64,1212.14,448.5,0,2024-03-30
2025-03-29,ORD-100225,C-4543,APAC,Affiliate,Consumer,Wearables,Pulse Band,2,105,0.15,178.5,112.78,65.72,13.8,2023-07-02
2025-03-29,ORD-100226,C-4714,North America,Affiliate,SMB,Audio,Halo Headset,1,125,0,125,72.62,52.38,12.37,2023-10-30
2025-03-29,ORD-100227,C-4374,EMEA,Social,Enterprise,Wearables,Aura Watch,6,329,0.011642335766423357,1951.02,1080.84,870.18,148.32,2023-11-30
2025-03-29,ORD-100228,C-4907,North America,Social,Enterprise,Wearables,Pulse Band,5,105,0,525,281.95,243.05,42.15,2025-04-19
2025-03-30,ORD-100229,C-4639,EMEA,Organic,SMB,Wearables,Nimbus Ring,1,245,0.02,240.1,178.82,61.28,0,2025-08-10
2025-03-30,ORD-100230,C-4770,APAC,Affiliate,Consumer,Accessories,Flux Cable,2,93,0,186,114.19,71.81,12.9,2024-04-02
2025-03-30,ORD-100231,C-4622,APAC,Affiliate,Consumer,Audio,Echo Buds,2,79,0.01,156.42,113.76,42.66,16.71,2023-10-14
2025-03-30,ORD-100232,C-4517,APAC,Paid Search,Enterprise,Accessories,Shield Case,2,204,0.11328467153284671,361.78,275.78,86,41.58,2024-08-15
2025-03-30,ORD-100233,C-4983,APAC,Organic,SMB,Audio,Halo Headset,2,125,0,250,145.24,104.76,0,2025-05-05
2025-03-30,ORD-100234,C-4144,APAC,Email,Consumer,Accessories,Orbit Dock,1,208,0,208,119.97,88.03,19.01,2024-10-29
2025-03-30,ORD-100235,C-4536,North America,Social,Consumer,Accessories,Flux Cable,1,93,0,93,57.09,35.91,9.05,2023-06-19
2025-03-30,ORD-100236,C-4320,North America,Email,SMB,Wearables,Aura Watch,2,329,0.012043795620437957,650.08,360.37,289.71,49.4,2024-12-17
2025-03-30,ORD-100237,C-4554,APAC,Social,Consumer,Home,Vista Hub,1,214,0.1,192.6,151.52,41.08,20.84,2023-08-02
2025-03-30,ORD-100238,C-4712,North America,Paid Search,SMB,Accessories,Orbit Dock,3,208,0.03328467153284671,603.23,359.9,243.33,69.33,2025-03-18
2025-03-30,ORD-100239,C-4107,APAC,Affiliate,SMB,Accessories,Orbit Dock,2,208,0.09,378.56,239.93,138.63,33.94,2023-05-07
2025-03-31,ORD-100240,C-4638,APAC,Organic,SMB,Audio,Echo Buds,2,79,0.06,148.52,113.76,34.76,0,2025-03-02
2025-03-31,ORD-100241,,EMEA,Affiliate,SMB,Home,Nest Sensor,1,64,0.03,62.08,34.28,27.8,4.04,2025-06-19
2025-03-31,ORD-100242,C-4237,APAC,Email,SMB,Home,Nest Sensor,1,64,0.15,54.4,34.28,20.12,4.04,2023-03-19
2025-03-31,ORD-100243,C-4128,EMEA,Paid Search,Consumer,Home,Beacon Lamp,3,192,0.09339416058394161,522.2,432.99,89.21,60.1,2025-03-29
2025-03-31,ORD-100244,C-4311,EMEA,Affiliate,SMB,Home,Vista Hub,1,214,0.01,211.86,151.52,60.34,17.11,2025-03-10
2025-03-31,ORD-100245,C-4416,EMEA,Affiliate,Enterprise,Accessories,Orbit Dock,8,208,0,1664,959.73,704.27,99.96,2025-07-30
2025-03-31,ORD-100246,C-4821,EMEA,Organic,SMB,Audio,Echo Buds,1,79,0,79,56.88,22.12,0,2025-08-14
2025-03-31,ORD-100247,C-4368,North America,Organic,SMB,Accessories,Orbit Dock,3,208,0,624,359.9,264.1,0,2023-02-24
2025-03-31,ORD-100248,C-4358,North America,Social,SMB,Audio,Echo Buds,1,79,0,79,56.88,22.12,5.18,2023-05-09
2025-03-31,ORD-100249,C-4527,APAC,Affiliate,SMB,Wearables,Nimbus Ring,2,245,0.15,416.5,357.64,58.86,39.58,2025-06-09
2025-04-01,ORD-100250,C-4481,APAC,Social,Consumer,Wearables,Aura Watch,1,329,0.022846715328467153,321.48,180.28,141.2,19.91,2025-08-26
2025-04-01,ORD-100251,C-4874,EMEA,Affiliate,SMB,Accessories,Flux Cable,1,93,0.02,91.14,57.09,34.05,9.71,2025-07-04
2025-04-01,ORD-100252,C-4713,North America,Email,SMB,Accessories,Flux Cable,3,93,0,279,171.28,107.72,30.64,2023-12-08
2025-04-01,ORD-100253,C-4397,North America,Email,Enterprise,Home,Vista Hub,6,214,0,1284,909.1,374.9,130.83,2025-06-13
2025-04-01,ORD-100254,C-4861,EMEA,Affiliate,Enterprise,Accessories,Shield Case,9,204,0,1836,1241.01,594.99,156.57,2023-08-27
2025-04-01,ORD-100255,,APAC,Affiliate,Enterprise,Home,Vista Hub,4,214,0,856,606.07,249.93,89.19,2023-05-20
2025-04-01,ORD-100256,C-4800,EMEA,Organic,Enterprise,Accessories,Shield Case,6,204,0.14,1052.64,827.34,225.3,0,2024-07-19
2025-04-01,ORD-100257,C-4967,North America,Social,Consumer,Accessories,Flux Cable,3,93,0,279,171.28,107.72,30.13,2023-05-09
2025-04-01,ORD-100258,C-4804,North America,Organic,Enterprise,Wearables,Nimbus Ring,8,245,0,1960,1430.56,529.44,0,2024-09-07
2025-04-01,ORD-100259,C-4365,North America,Paid Search,Consumer,Home,Nest Sensor,1,64,0.0035036496350364962,63.78,34.28,29.5,7.35,2024-09-24
2025-04-01,ORD-100260,C-4200,North America,Organic,Consumer,Wearables,Pulse Band,1,105,0.13,91.35,56.39,34.96,0,2023-08-12
2025-04-01,ORD-100261,C-4207,North America,Email,Enterprise,Home,Nest Sensor,4,64,0,256,137.11,118.89,21.22,2025-06-21
2025-04-01,ORD-100262,C-4370,EMEA,Organic,Enterprise,Home,Beacon Lamp,6,192,0.12,1013.76,865.98,147.78,0,2023-10-21
2025-04-01,ORD-100263,C-4701,APAC,Email,Consumer,Audio,Echo Buds,2,79,0.08,145.36,113.76,31.6,9.62,2023-12-22
2025-04-01,ORD-100264,C-4587,APAC,Affiliate,SMB,Accessories,Orbit Dock,1,208,0.05,197.6,119.97,77.63,21.31,2024-05-03
2025-04-01,ORD-100265,C-4448,APAC,Paid Search,SMB,Wearables,Nimbus Ring,2,245,0.0035036496350364962,488.28,357.64,130.64,56.28,2024-01-16
2025-04-01,ORD-100266,C-4786,North America,Social,SMB,Audio,Echo Buds,3,79,0.03,229.89,170.65,59.24,23.65,2023-07-23
2025-04-01,ORD-100267,C-4612,EMEA,Organic,SMB,Wearables,Pulse Band,2,105,0.06,197.4,112.78,84.62,0,2023-01-06
2025-04-02,ORD-100268,C-4308,EMEA,Social,SMB,Accessories,Shield Case,1,204,0.06,191.76,137.89,53.87,12.31,2023-01-19
2025-04-02,ORD-100269,C-4368,EMEA,Paid Search,Consumer,Wearables,Nimbus Ring,2,245,0.1036131386861314,439.23,357.64,81.59,50.7,2023-10-07
2025-04-02,ORD-100270,C-4947,APAC,Affiliate,SMB,Accessories,Flux Cable,2,93,0.07,172.98,114.19,58.79,13.09,2024-07-18
2025-04-02,ORD-100271,C-4768,North America,Organic,Enterprise,Wearables,Aura Watch,4,329,0.11324817518248176,1166.97,721.29,445.68,0,2025-09-10
2025-04-02,ORD-100272,C-4547,EMEA,Paid Search,SMB,Home,Vista Hub,2,214,0.1336131386861314,370.81,303.03,67.78,42.8,2025-08-14
2025-04-02,ORD-100273,C-4163,EMEA,Social,Consumer,Home,Nest Sensor,3,64,0.08,176.64,102.83,73.81,12.58,2024-09-24
2025-04-02,ORD-100274,C-4454,North America,Affiliate,Consumer,Wearables,Pulse Band,3,105,0.14,270.9,169.17,101.73,21.56,2023-05-06
2025-04-02,ORD-100275,C-4144,EMEA,Paid Search,Consumer,Home,Vista Hub,3,214,0.08361313868613139,588.32,454.55,133.77,67.9,2023-03-30
2025-04-03,ORD-100276,C-4954,APAC,Social,Enterprise,Wearables,Pulse Band,9,105,0.1,850.5,507.51,342.99,70.67,2023-11-08
2025-04-03,ORD-100277,C-4445,APAC,Organic,Consumer,Accessories,Shield Case,3,204,0,612,413.67,198.33,0,2023-05-16
2025-04-03,ORD-100278,C-4325,North America,Social,SMB,Accessories,Orbit Dock,2,208,0,416,239.93,176.07,36.84,2023-04-14
2025-04-03,ORD-100279,C-4338,APAC,Social,Consumer,Accessories,Flux Cable,3,93,0,279,171.28,107.72,24.98,2023-02-18
2025-04-03,ORD-100280,C-4863,North America,Email,Consumer,Wearables,Aura Watch,2,329,0.013649635036496351,649.02,360.74,288.28,42.37,2024-04-19
2025-04-03,ORD-100281,C-4649,EMEA,Paid Search,Enterprise,Accessories,Flux Cable,2,93,0.0037226277372262775,185.31,114.19,71.12,21.42,2023-05-07
2025-04-03,ORD-100282,C-4212,APAC,Paid Search,Consumer,Accessories,Orbit Dock,3,208,0.0037226277372262775,621.68,359.9,261.78,71.86,2025-06-16
2025-04-03,ORD-100283,C-4457,APAC,Paid Search,Enterprise,Wearables,Nimbus Ring,3,245,0.07372262773722628,680.81,536.46,144.35,78.69,2023-04-28
2025-04-03,ORD-100284,C-4424,APAC,Paid Search,Enterprise,Audio,Halo Headset,9,125,0.0037226277372262775,1120.81,653.6,467.21,129.55,2024-07-09
2025-04-03,ORD-100285,C-4460,North America,Email,SMB,Home,Beacon Lamp,2,192,0.07,357.12,288.66,68.46,38.08,2025-06-12
2025-04-04,ORD-100286,C-4835,APAC,Organic,Enterprise,Home,Nest Sensor,3,64,0,192,102.83,89.17,0,2024-04-24
2025-04-04,ORD-100287,C-4288,North America,Affiliate,Consumer,Home,Vista Hub,1,214,0.15,181.9,151.52,30.38,11.63,2023-04-01
2025-04-04,ORD-100288,C-4110,APAC,Paid Search,Enterprise,Home,Beacon Lamp,2,192,0.003832116788321168,382.53,288.66,93.87,44.28,2025-04-18
2025-04-04,ORD-100289,C-4413,North America,Social,Enterprise,Wearables,Pulse Band,8,105,0.09,764.4,451.12,313.28,59.87,2023-08-30
2025-04-04,ORD-100290,C-4817,APAC,Affiliate,Consumer,Audio,Halo Headset,2,125,0,250,145.24,104.76,24.95,2023-11-14
2025-04-04,ORD-100291,C-4290,North America,Paid Search,Consumer,Home,Beacon Lamp,1,192,0.003832116788321168,191.26,144.33,46.93,22.14,2024-08-18
2025-04-04,ORD-100292,C-4188,APAC,Affiliate,Consumer,Home,Vista Hub,2,214,0,428,303.03,124.97,29.79,2025-01-24
2025-04-04,ORD-100293,C-4319,APAC,Organic,Consumer,Wearables,Aura Watch,3,329,0.08405109489051096,904.04,541.25,362.79,0,2024-11-09
2025-04-04,ORD-100294,C-4799,APAC,Email,Enterprise,Accessories,Flux Cable,2,93,0,186,114.19,71.81,20.04,2023-12-25
2025-04-05,ORD-100295,C-4752,APAC,Affiliate,SMB,Accessories,Shield Case,2,204,0.1,367.2,275.78,91.42,28.71,2024-08-30
2025-04-05,ORD-100296,C-4849,North America,Paid Search,SMB,Home,Beacon Lamp,2,192,0.07394160583941606,355.61,288.66,66.95,41.22,2023-11-08
2025-04-05,ORD-100297,C-4353,EMEA,Social,SMB,Audio,Echo Buds,1,79,0.08,72.68,56.88,15.8,7.26,2023-03-22
2025-04-05,ORD-100298,C-4217,EMEA,Social,Consumer,Wearables,Pulse Band,2,105,0.06,197.4,112.78,84.62,15.97,2024-07-30
2025-04-05,ORD-100299,C-4266,North America,Affiliate,SMB,Wearables,Nimbus Ring,3,245,0.02,720.3,536.46,183.84,56.75,2025-09-02
2025-04-05,ORD-100300,C-4144,EMEA,Organic,Consumer,Wearables,Pulse Band,2,105,0,210,112.78,97.22,0,2025-05-15
2025-04-05,ORD-100301,C-4150,EMEA,Paid Search,Enterprise,Wearables,Nimbus Ring,3,245,0.003941605839416058,732.1,536.46,195.64,84.86,2024-07-17
2025-04-06,ORD-100302,C-4463,North America,Email,SMB,Wearables,Aura Watch,1,329,0.014854014598540147,324.11,180.51,143.6,27.13,2023-12-27
2025-04-06,ORD-100303,C-4389,EMEA,Organic,Consumer,Home,Nest Sensor,1,64,0.11,56.96,34.28,22.68,0,2024-09-05
2025-04-06,ORD-100304,C-4624,North America,Affiliate,Enterprise,Wearables,Pulse Band,5,105,0,525,281.95,243.05,32.9,2023-10-30
2025-04-06,ORD-100305,C-4569,EMEA,Organic,Consumer,Wearables,Pulse Band,3,105,0.02,308.7,169.17,139.53,0,2023-10-19
2025-04-06,ORD-100306,C-4176,North America,Affiliate,Enterprise,Audio,Halo Headset,7,125,0.02,857.5,508.35,349.15,90.23,2024-02-16
2025-04-06,ORD-100307,C-4336,North America,Social,SMB,Accessories,Shield Case,1,204,0,204,137.89,66.11,17.94,2024-07-05
2025-04-06,ORD-100308,C-4264,North America,Affiliate,Enterprise,Wearables,Aura Watch,3,329,0.014854014598540147,972.34,541.52,430.82,86.42,2023-01-06
2025-04-06,ORD-100309,C-4148,EMEA,Affiliate,Enterprise,Audio,Halo Headset,1,125,0,125,72.62,52.38,8.26,2023-11-03
2025-04-06,ORD-100310,C-4267,North America,Affiliate,SMB,Home,Vista Hub,2,214,0,428,303.03,124.97,27.67,2024-04-06
2025-04-07,ORD-100311,C-4436,EMEA,Paid Search,SMB,Audio,Halo Headset,2,125,0.004160583941605839,248.96,145.24,103.72,28.94,2025-01-29
2025-04-07,ORD-100312,C-4349,APAC,Social,Enterprise,Audio,Halo Headset,3,125,0,375,217.87,157.13,37.14,2025-05-11
2025-04-07,ORD-100313,C-4261,APAC,Organic,SMB,Wearables,Pulse Band,2,105,0.14,180.6,112.78,67.82,0,2023-03-03
2025-04-07,ORD-100314,C-4555,EMEA,Paid Search,Enterprise,Accessories,Flux Cable,9,93,0.004160583941605839,833.52,513.85,319.67,96.89,2023-06-07
2025-04-07,ORD-100315,C-4834,North America,Affiliate,Enterprise,Wearables,Aura Watch,2,329,0.015255474452554743,647.96,361.1,286.86,50.71,2024-09-08
2025-04-07,ORD-100316,C-4787,EMEA,Affiliate,Enterprise,Wearables,Nimbus Ring,5,245,0.05,1163.75,894.1,269.65,79.74,2025-08-13
2025-04-07,ORD-100317,C-4505,EMEA,Paid Search,Enterprise,Accessories,Orbit Dock,4,208,0.004160583941605839,828.54,479.87,348.67,96.31,2025-01-25
2025-04-07,ORD-100318,C-4889,APAC,Paid Search,Consumer,Accessories,Shield Case,3,204,0.004160583941605839,609.45,413.67,195.78,70.84,2025-06-27
2025-04-07,ORD-100319,C-4742,APAC,Affiliate,Consumer,Wearables,Pulse Band,2,105,0,210,112.78,97.22,13.01,2025-07-21
2025-04-07,ORD-100320,C-4286,APAC,Affiliate,SMB,Home,Vista Hub,2,214,0.07,398.04,303.03,95.01,27.87,2024-09-03
2025-04-07,ORD-100321,C-4850,North America,Paid Search,SMB,Audio,Echo Buds,2,79,0.004160583941605839,157.34,113.76,43.58,18.29,2023-10-16
2025-04-08,ORD-100322,C-4826,North America,Affiliate,SMB,Accessories,Flux Cable,3,93,0.13,242.73,171.28,71.45,24.94,2025-07-01
2025-04-08,ORD-100323,C-4116,APAC,Affiliate,Enterprise,Home,Nest Sensor,6,64,0,384,205.67,178.33,40.1,2025-09-01
2025-04-08,ORD-100324,C-4702,EMEA,Affiliate,SMB,Wearables,Nimbus Ring,3,245,0,735,536.46,198.54,49.71,2023-01-20
2025-04-08,ORD-100325,C-4958,APAC,Email,SMB,Wearables,Aura Watch,2,329,0.15565693430656935,555.58,361.19,194.39,33.64,2025-02-15
2025-04-08,ORD-100326,C-4400,APAC,Organic,Enterprise,Home,Nest Sensor,3,64,0,192,102.83,89.17,0,2025-05-14
2025-04-08,ORD-100327,C-4614,North America,Organic,Consumer,Home,Vista Hub,2,214,0,428,303.03,124.97,0,2024-10-10
2025-04-08,ORD-100328,C-4760,EMEA,Organic,Enterprise,Accessories,Shield Case,3,204,0.06,575.28,413.67,161.61,0,2024-10-25
2025-04-08,ORD-100329,C-4185,EMEA,Social,SMB,Accessories,Shield Case,2,204,0.11,363.12,275.78,87.34,36.72,2025-05-22
2025-04-08,ORD-100330,C-4572,APAC,Social,SMB,Home,Vista Hub,2,214,0,428,303.03,124.97,46.98,2025-09-03
2025-04-08,ORD-100331,C-4261,North America,Paid Search,Enterprise,Home,Vista Hub,1,214,0.09427007299270072,193.83,151.52,42.31,22.56,2024-12-31
2025-04-08,ORD-100332,C-4199,North America,Social,SMB,Wearables,Aura Watch,3,329,0.015656934306569344,971.55,541.79,429.76,70.04,2025-02-07
2025-04-09,ORD-100333,C-4949,APAC,Social,Enterprise,Accessories,Flux Cable,4,93,0.02,364.56,228.38,136.18,23.73,2024-10-08
2025-04-09,ORD-100334,C-4874,APAC,Affiliate,Enterprise,Wearables,Aura Watch,6,329,0.02605839416058394,1922.56,1083.85,838.71,178.09,2024-02-07
2025-04-09,ORD-100335,C-4459,APAC,Paid Search,Enterprise,Wearables,Aura Watch,1,329,0.16043795620437956,276.22,180.65,95.57,32.2,2023-01-05
2025-04-09,ORD-100336,C-4449,APAC,Social,SMB,Wearables,Nimbus Ring,1,245,0.06,230.3,178.82,51.48,17.13,2023-06-07
2025-04-09,ORD-100337,C-4703,APAC,Organic,Consumer,Wearables,Nimbus Ring,2,245,0.09,445.9,357.64,88.26,0,2024-04-08
2025-04-09,ORD-100338,C-4104,APAC,Affiliate,SMB,Audio,Echo Buds,2,79,0,158,113.76,44.24,15.29,2024-07-20
2025-04-09,ORD-100339,C-4974,North America,Organic,SMB,Home,Vista Hub,3,214,0.11,571.38,454.55,116.83,0,2023-05-21
2025-04-09,ORD-100340,C-4630,EMEA,Organic,Consumer,Accessories,Orbit Dock,3,208,0.08,574.08,359.9,214.18,0,2024-07-26
2025-04-09,ORD-100341,C-4684,APAC,Email,Consumer,Wearables,Pulse Band,2,105,0,210,112.78,97.22,21.34,2023-06-18
2025-04-10,ORD-100342,C-4705,APAC,Email,Enterprise,Home,Nest Sensor,5,64,0,320,171.39,148.61,26.18,2023-04-04
2025-04-10,ORD-100343,C-4754,APAC,Organic,SMB,Accessories,Orbit Dock,3,208,0,624,359.9,264.1,0,2023-11-28
2025-04-10,ORD-100344,C-4372,North America,Social,Enterprise,Audio,Halo Headset,5,125,0,625,363.11,261.89,49.14,2023-01-26
2025-04-10,ORD-100345,C-4557,EMEA,Social,Consumer,Accessories,Shield Case,1,204,0,204,137.89,66.11,18.5,2025-03-08
2025-04-10,ORD-100346,C-4927,EMEA,Affiliate,SMB,Home,Vista Hub,1,214,0,214,151.52,62.48,21.81,2023-09-11
2025-04-10,ORD-100347,C-4827,EMEA,Social,Consumer,Wearables,Nimbus Ring,3,245,0.1,661.5,536.46,125.04,64.74,2024-09-08
2025-04-10,ORD-100348,C-4215,EMEA,Organic,,Accessories,Flux Cable,1,93,0.11,82.77,57.09,25.68,0,2025-08-05
2025-04-10,ORD-100349,C-4171,APAC,Email,Consumer,Home,Beacon Lamp,3,192,0,576,432.99,143.01,43.41,2024-08-25
2025-04-10,ORD-100350,C-4244,North America,Organic,Enterprise,Home,Nest Sensor,4,64,0,256,137.11,118.89,0,2024-09-05
2025-04-10,ORD-100351,C-4540,APAC,Paid Search,SMB,Home,Nest Sensor,1,64,0.004489051094890511,63.71,34.28,29.43,7.44,2023-06-11
2025-04-10,ORD-100352,C-4701,APAC,Email,SMB,Audio,Halo Headset,3,125,0.03,363.75,217.87,145.88,22.98,2025-06-28
2025-04-10,ORD-100353,C-4900,North America,Paid Search,Consumer,Home,Vista Hub,1,214,0.1344890510948905,185.22,151.52,33.7,21.62,2023-11-26
2025-04-11,ORD-100354,C-4483,EMEA,Email,Enterprise,Audio,Echo Buds,1,79,0,79,56.88,22.12,4.89,2025-02-08
2025-04-11,ORD-100355,C-4431,North America,Affiliate,Enterprise,Home,Vista Hub,9,214,0,1926,1363.66,562.34,211.31,2025-04-07
2025-04-11,ORD-100356,C-4849,EMEA,Organic,Consumer,Wearables,Aura Watch,1,329,0.08686131386861315,300.42,180.74,119.68,0,2024-09-09
2025-04-11,ORD-100357,C-4641,APAC,Paid Search,Enterprise,Accessories,Shield Case,3,204,0.024598540145985403,596.95,413.67,183.28,69.78,2024-10-28
2025-04-11,ORD-100358,C-4112,APAC,Paid Search,Consumer,Audio,Echo Buds,3,79,0.004598540145985402,235.91,170.65,65.26,27.58,2024-10-03
2025-04-11,ORD-100359,C-4144,APAC,Organic,SMB,Wearables,Aura Watch,3,329,0.01686131386861314,970.36,542.21,428.15,0,2025-03-23
2025-04-12,ORD-100360,C-4589,EMEA,Social,Enterprise,Home,Nest Sensor,6,64,0,384,205.67,178.33,40.24,2024-03-23
2025-04-12,ORD-100361,C-4736,North America,Email,Enterprise,Wearables,Aura Watch,7,329,0.017262773722627738,2263.24,1265.46,997.78,240.47,2024-12-20
2025-04-12,ORD-100362,C-4944,North America,Social,Consumer,Wearables,Aura Watch,1,329,0.017262773722627738,323.32,180.78,142.54,20.76,2025-03-27
2025-04-12,ORD-100363,C-4494,EMEA,Affiliate,Enterprise,Wearables,Nimbus Ring,4,245,0,980,715.28,264.72,106.94,2024-09-13
2025-04-12,ORD-100364,C-4834,North America,Organic,Enterprise,Accessories,Flux Cable,5,93,0,465,285.47,179.53,0,2024-04-25
2025-04-12,ORD-100365,C-4144,APAC,Email,SMB,Accessories,Flux Cable,2,93,0,186,114.19,71.81,13.53,2024-06-05
2025-04-12,ORD-100366,C-4320,North America,Paid Search,Consumer,Audio,Halo Headset,3,125,0.03470802919708029,361.98,217.87,144.11,42.37,2023-10-12
2025-04-12,ORD-100367,C-4399,EMEA,Social,Consumer,Home,Vista Hub,2,214,0.11,380.92,303.03,77.89,41.71,2025-01-16
2025-04-12,ORD-100368,C-4271,APAC,Paid Search,Consumer,Wearables,Nimbus Ring,2,245,0.004708029197080292,487.69,357.64,130.05,57.09,2023-10-25
2025-04-12,ORD-100369,C-4345,EMEA,Social,SMB,Audio,Echo Buds,3,79,0.11,210.93,170.65,40.28,22.56,2025-02-03
2025-04-13,ORD-100370,C-4512,EMEA,Paid Search,Consumer,Accessories,Shield Case,1,204,0.07481751824817519,188.74,137.89,50.85,22.13,2023-12-06
2025-04-13,ORD-100371,C-4421,EMEA,Organic,SMB,Home,Nest Sensor,3,64,0,192,102.83,89.17,0,2023-08-02
2025-04-13,ORD-100372,C-4205,EMEA,Email,Consumer,Home,Beacon Lamp,1,192,0.15,163.2,144.33,18.87,14.6,2025-08-01
2025-04-13,ORD-100373,C-4199,North America,Social,SMB,Accessories,Shield Case,1,204,0.1,183.6,137.89,45.71,13.28,2025-01-28
2025-04-13,ORD-100374,C-4123,APAC,Affiliate,SMB,Accessories,Shield Case,2,204,0.03,395.76,275.78,119.98,27.76,2025-02-20
2025-04-13,ORD-100375,C-4252,EMEA,Social,Consumer,Home,Nest Sensor,2,64,0.01,126.72,68.56,58.16,10.96,2022-12-31
2025-04-13,ORD-100376,C-4144,North America,Paid Search,SMB,Audio,Echo Buds,2,79,0.0048175182481751825,157.24,113.76,43.48,18.43,2024-03-09
2025-04-13,ORD-100377,C-4801,APAC,Affiliate,SMB,Accessories,Flux Cable,2,93,0,186,114.19,71.81,19.91,2025-07-10
2025-04-13,ORD-100378,C-4675,North America,Email,Enterprise,Wearables,Pulse Band,6,105,0,630,338.34,291.66,56.06,2024-09-26
2025-04-13,ORD-100379,C-4430,APAC,Organic,Enterprise,Home,Beacon Lamp,2,192,0,384,288.66,95.34,0,2023-07-05
2025-04-14,ORD-100380,C-4449,EMEA,Paid Search,Consumer,Home,Nest Sensor,1,64,0.004927007299270073,63.68,34.28,29.4,7.48,2023-05-06
2025-04-14,ORD-100381,C-4424,EMEA,Email,Consumer,Audio,Echo Buds,2,79,0.05,150.1,113.76,36.34,12,2024-05-03
2025-04-14,ORD-100382,C-4516,EMEA,Social,Enterprise,Audio,Halo Headset,9,125,0,1125,653.6,471.4,79.54,2023-10-22
2025-04-14,ORD-100383,C-4108,North America,Paid Search,Consumer,Wearables,Pulse Band,1,105,0.004927007299270073,104.48,56.39,48.09,12.26,2024-08-02
2025-04-14,ORD-100384,C-4376,North America,Organic,SMB,Home,Vista Hub,1,214,0.03,207.58,151.52,56.06,0,2023-01-03
2025-04-14,ORD-100385,C-4160,North America,Affiliate,SMB,Home,Nest Sensor,1,64,0.05,60.8,34.28,26.52,6.12,2023-11-16
2025-04-14,ORD-100386,C-4801,EMEA,Affiliate,Consumer,Wearables,Aura Watch,2,329,0.018065693430656934,646.11,361.74,284.37,57.17,2024-04-17
2025-04-14,ORD-100387,C-4619,North America,Email,Consumer,Wearables,Aura Watch,2,329,0.018065693430656934,646.11,361.74,284.37,52.49,2024-02-07
2025-04-14,ORD-100388,C-4130,APAC,Organic,SMB,Home,Beacon Lamp,2,192,0,384,288.66,95.34,0,2025-07-01
2025-04-14,ORD-100389,C-4246,APAC,Affiliate,SMB,Accessories,Shield Case,3,204,0.1,550.8,413.67,137.13,42.43,2024-05-04
2025-04-14,ORD-100390,C-4913,North America,Email,Consumer,Accessories,Orbit Dock,1,208,0,208,119.97,88.03,12.61,2024-09-23
2025-04-14,ORD-100391,C-4724,North America,Email,Consumer,Wearables,Pulse Band,3,105,0,315,169.17,145.83,29.97,2025-07-26
2025-04-15,ORD-100392,C-4454,North America,Organic,Enterprise,Home,Beacon Lamp,8,192,0.12,1351.68,1154.65,197.03,0,2023-12-20
2025-04-15,ORD-100393,C-4704,APAC,Organic,Consumer,Accessories,Shield Case,1,204,0,204,137.89,66.11,0,2024-12-06
2025-04-15,ORD-100394,C-4307,North America,Paid Search,Enterprise,Accessories,Shield Case,5,204,0.13503649635036497,882.26,689.45,192.81,103.71,2024-06-12
2025-04-15,ORD-100395,C-4423,North America,Paid Search,SMB,Accessories,Flux Cable,2,93,0.005036496350364963,185.06,114.19,70.87,21.75,2023-05-01
2025-04-15,ORD-100396,C-4460,EMEA,Social,Enterprise,Home,Nest Sensor,1,64,0,64,34.28,29.72,6.05,2024-05-31
2025-04-15,ORD-100397,C-4962,North America,Affiliate,Consumer,Accessories,Shield Case,1,204,0,204,137.89,66.11,18.18,2024-09-23
2025-04-15,ORD-100398,C-4496,APAC,Email,SMB,Accessories,Orbit Dock,3,208,0,624,359.9,264.1,46,2024-04-02
2025-04-15,ORD-100399,C-4355,EMEA,Affiliate,SMB,Accessories,Shield Case,1,204,0,204,137.89,66.11,17.38,2024-07-27
2025-04-15,ORD-100400,C-4878,APAC,Social,Enterprise,Wearables,Aura Watch,5,329,0.018467153284671533,1614.62,904.59,710.03,111.44,2024-05-20
2025-04-15,ORD-100401,C-4571,EMEA,Social,Consumer,Accessories,Flux Cable,2,93,0.12,163.68,114.19,49.49,12.1,2023-05-01
2025-04-16,ORD-100402,C-4302,North America,Social,SMB,Wearables,Aura Watch,1,329,0.01886861313868613,322.79,180.97,141.82,29.6,2024-01-12
2025-04-16,ORD-100403,C-4513,North America,Organic,Enterprise,Audio,Echo Buds,6,79,0,474,341.29,132.71,0,2024-12-31
2025-04-16,ORD-100404,C-4680,North America,Paid Search,Consumer,Audio,Echo Buds,3,79,0.08514598540145986,216.82,170.65,46.17,25.52,2025-07-31
2025-04-16,ORD-100405,C-4949,North America,Email,Consumer,Home,Vista Hub,1,214,0.09,194.74,151.52,43.22,14.54,2025-05-14
2025-04-16,ORD-100406,C-4470,APAC,Social,Enterprise,Audio,Echo Buds,6,79,0,474,341.29,132.71,37.87,2023-09-04
2025-04-16,ORD-100407,C-4837,APAC,Organic,SMB,Wearables,Aura Watch,3,329,0.01886861313868613,968.38,542.89,425.49,0,2023-06-22
2025-04-17,ORD-100408,C-4152,North America,Organic,Consumer,Home,Beacon Lamp,2,192,0,384,288.66,95.34,0,2023-08-06
2025-04-17,ORD-100409,C-4157,North America,Social,Enterprise,Home,Nest Sensor,4,64,0,256,137.11,118.89,27.33,2024-11-10
2025-04-17,ORD-100410,C-4719,APAC,Affiliate,Enterprise,Wearables,Aura Watch,3,329,0.01927007299270073,967.98,543.03,424.95,69.59,2025-08-24
2025-04-17,ORD-100411,C-4242,EMEA,Affiliate,Enterprise,Audio,Echo Buds,1,79,0.1,71.1,56.88,14.22,5.64,2024-07-15
2025-04-17,ORD-100412,C-4930,EMEA,Organic,Enterprise,Wearables,Nimbus Ring,6,245,0.13,1278.9,1072.92,205.98,0,2024-03-28
2025-04-17,ORD-100413,C-4571,EMEA,Affiliate,Enterprise,Audio,Echo Buds,2,79,0,158,113.76,44.24,16.57,2023-10-28
2025-04-17,ORD-100414,C-4700,North America,Organic,SMB,Audio,Halo Headset,2,125,0,250,145.24,104.76,0,2024-08-03
2025-04-17,ORD-100415,C-4703,APAC,Affiliate,Enterprise,Wearables,Nimbus Ring,3,245,0.02,720.3,536.46,183.84,56.12,2024-10-31
2025-04-17,ORD-100416,C-4712,EMEA,Social,SMB,Wearables,Nimbus Ring,2,245,0.14,421.4,357.64,63.76,44.73,2025-05-10
2025-04-17,ORD-100417,C-4505,EMEA,Social,Consumer,Audio,Halo Headset,2,125,0,250,145.24,104.76,17.07,2025-09-07
2025-04-17,ORD-100418,C-4510,North America,Organic,Enterprise,Audio,Halo Headset,9,125,0,1125,653.6,471.4,0,2024-02-28
2025-04-17,ORD-100419,C-4870,North America,Email,SMB,Home,Beacon Lamp,3,192,0,576,432.99,143.01,62.42,2023-11-16
2025-04-18,ORD-100420,C-4808,EMEA,Social,Enterprise,Accessories,Flux Cable,2,93,0,186,114.19,71.81,12.81,2024-02-10
2025-04-18,ORD-100421,C-4905,North America,Affiliate,SMB,Audio,Echo Buds,3,79,0.05,225.15,170.65,54.5,15.36,2024-05-01
2025-04-18,ORD-100422,C-4896,EMEA,Email,SMB,Home,Nest Sensor,3,64,0.01,190.08,102.83,87.25,13.49,2025-04-28
2025-04-18,ORD-100423,C-4538,EMEA,Paid Search,Consumer,Audio,Halo Headset,2,125,0.04536496350364964,238.66,145.24,93.42,28.17,2024-09-13
2025-04-18,ORD-100424,C-4114,EMEA,Social,Consumer,Audio,Halo Headset,3,125,0,375,217.87,157.13,40.73,2023-10-05
2025-04-18,ORD-100425,C-4172,North America,Affiliate,Consumer,Home,Beacon Lamp,3,192,0.04,552.96,432.99,119.97,41.09,2024-09-12
2025-04-19,ORD-100426,C-4468,EMEA,Organic,SMB,Wearables,Pulse Band,1,105,0.04,100.8,56.39,44.41,0,2024-05-21
2025-04-19,ORD-100427,C-4270,APAC,Affiliate,Consumer,Accessories,Shield Case,2,204,0.13,354.96,275.78,79.18,25.98,2024-07-30
2025-04-19,ORD-100428,C-4114,EMEA,Email,Consumer,Wearables,Aura Watch,3,329,0.020072992700729927,967.19,543.3,423.89,93.93,2023-12-13
2025-04-19,ORD-100429,C-4523,North America,Affiliate,Enterprise,Audio,Halo Headset,6,125,0,750,435.73,314.27,49.68,2025-07-10
2025-04-19,ORD-100430,C-4167,EMEA,Affiliate,Enterprise,Home,Beacon Lamp,1,192,0,192,144.33,47.67,20.34,2024-06-01
2025-04-19,ORD-100431,C-4393,EMEA,Paid Search,SMB,Home,Vista Hub,1,214,0.04547445255474453,204.27,151.52,52.75,24.15,2025-09-03
2025-04-19,ORD-100432,C-4535,APAC,Affiliate,Consumer,Wearables,Aura Watch,1,329,0.05007299270072993,312.53,181.1,131.43,29.34,2023-04-24
2025-04-19,ORD-100433,C-4680,North America,Social,Enterprise,Accessories,Flux Cable,2,93,0.13,161.82,114.19,47.63,11.19,2023-07-05
2025-04-19,ORD-100434,C-4697,APAC,Paid Search,Enterprise,Audio,Echo Buds,1,79,0.005474452554744525,78.57,56.88,21.69,9.29,2024-01-14
2025-04-19,ORD-100435,C-4170,APAC,Organic,Enterprise,Wearables,Nimbus Ring,1,245,0,245,178.82,66.18,0,2024-11-09
2025-04-20,ORD-100436,C-4628,APAC,Social,SMB,Home,Beacon Lamp,1,192,0,192,144.33,47.67,19.16,2025-02-26
2025-04-20,ORD-100437,C-4680,APAC,Email,Enterprise,Home,Nest Sensor,5,64,0.02,313.6,171.39,142.21,28.24,2023-12-11
2025-04-20,ORD-100438,C-4757,EMEA,Affiliate,Consumer,Home,Vista Hub,1,214,0.02,209.72,151.52,58.2,15.86,2025-05-15
2025-04-20,ORD-100439,C-4320,APAC,Affiliate,Consumer,Home,Beacon Lamp,2,192,0.02,376.32,288.66,87.66,38.14,2023-12-06
2025-04-20,ORD-100440,C-4325,EMEA,Paid Search,Consumer,Home,Nest Sensor,1,64,0.035583941605839414,61.72,34.28,27.44,7.31,2024-04-03
2025-04-20,ORD-100441,C-4947,EMEA,Organic,Consumer,Home,Vista Hub,1,214,0,214,151.52,62.48,0,2025-01-18
2025-04-20,ORD-100442,C-4441,APAC,Organic,SMB,Audio,Echo Buds,1,79,0.07,73.47,56.88,16.59,0,2024-08-11
2025-04-20,ORD-100443,C-4248,EMEA,Organic,Consumer,Wearables,Aura Watch,1,329,0.08047445255474453,302.52,181.15,121.37,0,2023-03-03
2025-04-20,ORD-100444,C-4924,North America,Paid Search,Consumer,Audio,Echo Buds,1,79,0.005583941605839415,78.56,56.88,21.68,9.3,2024-12-17
2025-04-20,ORD-100445,C-4449,North America,Email,Enterprise,Wearables,Pulse Band,8,105,0.02,823.2,451.12,372.08,59.61,2024-10-02
2025-04-20,ORD-100446,C-4543,APAC,Social,Enterprise,Wearables,Aura Watch,7,329,0.020474452554744525,2255.85,1268.02,987.83,220.89,2023-06-25
2025-04-21,ORD-100447,C-4135,APAC,Paid Search,SMB,Home,Vista Hub,3,214,0.005693430656934306,638.34,454.55,183.79,75.67,2025-03-04
2025-04-21,ORD-100448,C-4428,EMEA,Email,SMB,Home,Nest Sensor,1,64,0,64,34.28,29.72,4.57,2025-01-16
2025-04-21,ORD-100449,C-4524,APAC,Organic,SMB,Wearables,Pulse Band,2,105,0,210,112.78,97.22,0,2023-10-28
2025-04-21,ORD-100450,C-4333,APAC,Affiliate,SMB,Wearables,Aura Watch,1,329,0.08087591240875912,302.39,181.2,121.19,28.1,2023-12-12
2025-04-21,ORD-100451,C-4388,APAC,Affiliate,SMB,Wearables,Pulse Band,2,105,0,210,112.78,97.22,20.57,2023-06-20
2025-04-21,ORD-100452,C-4762,APAC,Social,Enterprise,Wearables,Nimbus Ring,2,245,0,490,357.64,132.36,39.42,2024-03-09
2025-04-21,ORD-100453,C-4145,APAC,Social,Consumer,Home,Vista Hub,1,214,0,214,151.52,62.48,14.01,2024-02-01
2025-04-21,ORD-100454,C-4755,APAC,Email,Enterprise,Home,Nest Sensor,1,64,0.07,59.52,34.28,25.24,5.78,2023-11-30
2025-04-22,ORD-100455,C-4339,EMEA,Paid Search,SMB,Home,Beacon Lamp,3,192,0.005802919708029197,572.66,432.99,139.67,67.98,2024-06-07
2025-04-22,ORD-100456,C-4301,EMEA,Organic,Consumer,Accessories,Orbit Dock,3,208,0,624,359.9,264.1,0,2023-06-06
2025-04-22,ORD-100457,C-4564,North America,Affiliate,Enterprise,Home,Beacon Lamp,8,192,0.03,1489.92,1154.65,335.27,121.45,2025-05-04
2025-04-22,ORD-100458,C-4606,APAC,Affiliate,Enterprise,Home,Nest Sensor,6,64,0,384,205.67,178.33,26.53,2025-09-11
2025-04-22,ORD-100459,C-4936,APAC,Paid Search,Enterprise,Home,Nest Sensor,4,64,0.0258029197080292,249.39,137.11,112.28,29.6,2023-03-14
2025-04-22,ORD-100460,C-4530,EMEA,Organic,Consumer,Accessories,Flux Cable,2,93,0,186,114.19,71.81,0,2024-07-21
2025-04-22,ORD-100461,C-4221,APAC,Email,Consumer,Accessories,Shield Case,3,204,0,612,413.67,198.33,48.62,2023-07-02
2025-04-22,ORD-100462,C-4443,APAC,Social,Consumer,Audio,Echo Buds,1,79,0,79,56.88,22.12,6.04,2023-01-10
2025-04-22,ORD-100463,C-4985,APAC,Social,Consumer,Home,Nest Sensor,1,64,0,64,34.28,29.72,5.76,2024-09-03
2025-04-22,ORD-100464,C-4638,North America,Organic,Enterprise,Accessories,Flux Cable,4,93,0,372,228.38,143.62,0,2024-06-11
2025-04-22,ORD-100465,C-4811,EMEA,Social,Enterprise,Accessories,Shield Case,9,204,0,1836,1241.01,594.99,119.04,2024-12-29
2025-04-23,ORD-100466,C-4701,APAC,Affiliate,Enterprise,Accessories,Orbit Dock,7,208,0.07,1354.08,839.77,514.31,132.05,2023-03-07
2025-04-23,ORD-100467,C-4330,EMEA,Paid Search,Consumer,Home,Nest Sensor,1,64,0.0759124087591241,59.14,34.28,24.86,7.03,2025-02-21
2025-04-23,ORD-100468,C-4475,North America,Social,Consumer,Home,Beacon Lamp,2,192,0,384,288.66,95.34,24,2024-09-23
2025-04-23,ORD-100469,C-4657,EMEA,Affiliate,Consumer,Accessories,Shield Case,1,204,0.11,181.56,137.89,43.67,15.2,2023-07-30
2025-04-23,ORD-100470,C-4362,APAC,Affiliate,Enterprise,Accessories,Shield Case,5,204,0,1020,689.45,330.55,95.54,2023-12-26
2025-04-23,ORD-100471,C-4839,EMEA,Email,Enterprise,Wearables,Nimbus Ring,5,245,0.03,1188.25,894.1,294.15,102.52,2023-10-13
2025-04-23,ORD-100472,C-4554,EMEA,Affiliate,Consumer,Audio,Halo Headset,1,125,0,125,72.62,52.38,12.34,2025-06-03
2025-04-23,ORD-100473,C-4943,EMEA,Affiliate,Consumer,Home,Vista Hub,1,214,0,214,151.52,62.48,21.68,2024-08-12
2025-04-24,ORD-100474,C-4123,APAC,Affiliate,Consumer,Accessories,Orbit Dock,3,208,0.13,542.88,359.9,182.98,44.47,2023-01-19
2025-04-24,ORD-100475,C-4865,North America,Social,SMB,Wearables,Pulse Band,3,105,0,315,169.17,145.83,34.58,2024-05-18
2025-04-24,ORD-100476,C-4180,APAC,Affiliate,SMB,Home,Nest Sensor,2,64,0.1,115.2,68.56,46.64,7.2,2023-09-17
2025-04-24,ORD-100477,C-4168,APAC,Paid Search,Consumer,Audio,Echo Buds,2,79,0.04602189781021898,150.73,113.76,36.97,17.94,2023-10-30
2025-04-24,ORD-100478,C-4357,APAC,Organic,Consumer,Home,Nest Sensor,3,64,0.06,180.48,102.83,77.65,0,2024-11-27
2025-04-24,ORD-100479,C-4169,North America,Social,SMB,Wearables,Nimbus Ring,2,245,0,490,357.64,132.36,39.84,2024-10-20
2025-04-24,ORD-100480,C-4291,EMEA,Social,Enterprise,Home,Vista Hub,2,214,0,428,303.03,124.97,44.15,2024-02-24
2025-04-24,ORD-100481,C-4136,EMEA,Paid Search,Enterprise,Accessories,Shield Case,6,204,0.006021897810218978,1216.63,827.34,389.29,144.82,2024-09-19
2025-04-25,ORD-100482,C-4411,APAC,Email,Enterprise,Wearables,Aura Watch,1,329,0.04248175182481752,315.02,181.38,133.64,34.06,2024-09-12
2025-04-25,ORD-100483,C-4452,EMEA,Affiliate,SMB,Accessories,Flux Cable,2,93,0.05,176.7,114.19,62.51,13.87,2024-02-23
2025-04-25,ORD-100484,C-4589,EMEA,Affiliate,SMB,Wearables,Nimbus Ring,1,245,0,245,178.82,66.18,21.9,2024-06-03
2025-04-25,ORD-100485,C-4140,APAC,Affiliate,Consumer,Wearables,Nimbus Ring,3,245,0,735,536.46,198.54,54.93,2023-05-16
2025-04-25,ORD-100486,C-4974,EMEA,Social,Enterprise,Audio,Halo Headset,7,125,0.15,743.75,508.35,235.4,69.42,2023-08-10
2025-04-25,ORD-100487,C-4188,North America,Email,Enterprise,Home,Nest Sensor,9,64,0.07,535.68,308.5,227.18,42.97,2025-09-17
2025-04-25,ORD-100488,C-4250,EMEA,Email,Enterprise,Accessories,Flux Cable,9,93,0.1,753.3,513.85,239.45,65.47,2023-02-13
2025-04-25,ORD-100489,C-4923,APAC,Organic,Enterprise,Home,Nest Sensor,7,64,0,448,239.95,208.05,0,2024-04-24
2025-04-25,ORD-100490,C-4647,APAC,Organic,Consumer,Home,Nest Sensor,3,64,0.14,165.12,102.83,62.29,0,2023-06-09
2025-04-26,ORD-100491,C-4965,North America,Email,Consumer,Accessories,Orbit Dock,2,208,0.11,370.24,239.93,130.31,37.68,2025-05-09
2025-04-26,ORD-100492,C-4784,APAC,Affiliate,Consumer,Accessories,Flux Cable,3,93,0.05,265.05,171.28,93.77,23.94,2025-03-15
2025-04-26,ORD-100493,C-4627,APAC,Organic,Consumer,Accessories,Shield Case,2,204,0.11,363.12,275.78,87.34,0,2023-04-07
2025-04-26,ORD-100494,C-4627,APAC,Email,Enterprise,Accessories,Flux Cable,8,93,0,744,456.76,287.24,62.15,2024-11-23
2025-04-26,ORD-100495,C-4709,EMEA,Organic,Consumer,Home,Vista Hub,3,214,0,642,454.55,187.45,0,2023-03-11
2025-04-26,ORD-100496,C-4150,APAC,Paid Search,Enterprise,Wearables,Aura Watch,8,329,0.029124087591240876,2555.35,1451.35,1104,305.01,2023-10-12
2025-04-26,ORD-100497,C-4197,North America,Paid Search,SMB,Wearables,Pulse Band,2,105,0.006240875912408759,208.69,112.78,95.91,24.91,2025-06-27
2025-04-26,ORD-100498,C-4263,APAC,Organic,Enterprise,Home,Nest Sensor,5,64,0,320,171.39,148.61,0,2024-11-27
2025-04-27,ORD-100499,C-4369,APAC,Organic,SMB,Audio,Echo Buds,2,79,0,158,113.76,44.24,0,2024-04-13
2025-04-27,ORD-100500,C-4814,EMEA,Paid Search,Consumer,Home,Nest Sensor,1,64,0.006350364963503649,63.59,34.28,29.31,7.6,2023-11-08
2025-04-27,ORD-100501,C-4622,North America,Affiliate,Consumer,Accessories,Orbit Dock,1,208,0,208,119.97,88.03,15.61,2024-11-20
2025-04-27,ORD-100502,C-4594,North America,Email,Consumer,Accessories,Shield Case,1,204,0,204,137.89,66.11,13.44,2025-01-30
2025-04-27,ORD-100503,C-4398,North America,Social,Enterprise,Accessories,Orbit Dock,7,208,0.03,1412.32,839.77,572.55,134.55,2023-12-16
2025-04-27,ORD-100504,C-4590,APAC,Paid Search,Enterprise,Accessories,Flux Cable,8,93,0.006350364963503649,739.28,456.76,282.52,88.36,2024-07-09
2025-04-27,ORD-100505,C-4940,North America,Affiliate,Enterprise,Home,Vista Hub,7,214,0.09,1363.18,1060.62,302.56,114.83,2023-06-19
2025-04-27,ORD-100506,C-4395,North America,Organic,Enterprise,Home,Nest Sensor,3,64,0.05,182.4,102.83,79.57,0,2023-11-04
2025-04-27,ORD-100507,C-4847,EMEA,Organic,Consumer,Audio,Echo Buds,2,79,0.07,146.94,113.76,33.18,0,2025-04-11
2025-04-27,ORD-100508,C-4641,North America,Social,SMB,Home,Beacon Lamp,3,192,0.02,564.48,432.99,131.49,37.48,2024-05-07
2025-04-27,ORD-100509,C-4515,North America,Affiliate,Enterprise,Home,Beacon Lamp,2,192,0,384,288.66,95.34,40.82,2023-07-02
2025-04-27,ORD-100510,C-4745,APAC,Organic,Consumer,Accessories,Shield Case,2,204,0,408,275.78,132.22,0,2024-05-20
2025-04-27,ORD-100511,C-4170,APAC,Organic,Enterprise,Home,Nest Sensor,9,64,0,576,308.5,267.5,0,2025-09-21
2025-04-28,ORD-100512,C-4566,EMEA,Paid Search,Consumer,Home,Vista Hub,1,214,0.06645985401459854,199.78,151.52,48.26,23.91,2024-03-30
2025-04-28,ORD-100513,C-4956,APAC,Social,Enterprise,Audio,Halo Headset,4,125,0.02,490,290.49,199.51,46.04,2024-05-22
2025-04-28,ORD-100514,C-4716,EMEA,Paid Search,Consumer,Home,Nest Sensor,2,64,0.09645985401459854,115.65,68.56,47.09,13.84,2023-08-17
2025-04-28,ORD-100515,C-4886,North America,Organic,Enterprise,Home,Vista Hub,4,214,0,856,606.07,249.93,0,2025-04-16
2025-04-28,ORD-100516,C-4886,APAC,Social,Consumer,Accessories,Shield Case,2,204,0,408,275.78,132.22,33.03,2023-08-09
2025-04-28,ORD-100517,C-4727,North America,Paid Search,Enterprise,Wearables,Aura Watch,4,329,0.03014598540145985,1276.33,726.04,550.29,152.76,2024-05-20
2025-04-28,ORD-100518,C-4291,North America,Organic,Enterprise,Wearables,Nimbus Ring,5,245,0.14,1053.5,894.1,159.4,0,2025-08-17
2025-04-28,ORD-100519,C-4587,EMEA,Social,SMB,Wearables,Nimbus Ring,1,245,0,245,178.82,66.18,17.56,2023-04-24
2025-04-28,ORD-100520,C-4786,EMEA,Paid Search,SMB,Wearables,Aura Watch,3,329,0.03014598540145985,957.25,544.54,412.71,114.57,2025-08-16
2025-04-28,ORD-100521,C-4905,North America,Affiliate,Enterprise,Wearables,Nimbus Ring,1,245,0,245,178.82,66.18,16.96,2023-10-11
2025-04-28,ORD-100522,C-4491,APAC,Paid Search,Enterprise,Wearables,Aura Watch,6,329,0.15014598540145985,1677.61,1089.06,588.55,200.79,2023-05-10
2025-04-29,ORD-100523,C-4126,EMEA,Email,SMB,Accessories,Orbit Dock,2,208,0,416,239.93,176.07,33.2,2023-06-28
2025-04-29,ORD-100524,C-4645,APAC,Organic,Enterprise,Accessories,Flux Cable,8,93,0,744,456.76,287.24,0,2023-11-22
2025-04-29,ORD-100525,C-4755,EMEA,Email,Consumer,Accessories,Shield Case,3,204,0.04,587.52,413.67,173.85,44.67,2024-04-16
2025-04-29,ORD-100526,C-4333,APAC,Organic,Consumer,Home,Nest Sensor,1,64,0.13,55.68,34.28,21.4,0,2023-09-19
2025-04-29,ORD-100527,C-4847,EMEA,Paid Search,Consumer,Accessories,Shield Case,2,204,0.06656934306569343,380.84,275.78,105.06,45.65,2025-04-27
2025-04-29,ORD-100528,C-4173,North America,Email,SMB,Accessories,Flux Cable,3,93,0,279,171.28,107.72,24.85,2025-02-01
2025-04-29,ORD-100529,C-4902,APAC,Organic,Consumer,Wearables,Pulse Band,3,105,0,315,169.17,145.83,0,2024-07-11
2025-04-29,ORD-100530,C-4297,EMEA,Affiliate,Enterprise,Home,Nest Sensor,4,64,0.02,250.88,137.11,113.77,20.68,2025-04-10
2025-04-29,ORD-100531,C-4460,North America,Social,SMB,Audio,Halo Headset,1,125,0,125,72.62,52.38,13.45,2023-09-11
2025-04-29,ORD-100532,C-4295,North America,Affiliate,Consumer,Audio,Echo Buds,2,79,0.02,154.84,113.76,41.08,15.61,2025-01-11
2025-04-29,ORD-100533,C-4336,North America,Social,Consumer,Home,Vista Hub,2,214,0.14,368.08,303.03,65.05,32.71,2024-08-31
2025-04-30,ORD-100534,C-4778,North America,Affiliate,Enterprise,Accessories,Orbit Dock,7,208,0,1456,839.77,616.23,132.5,2024-09-24
2025-04-30,ORD-100535,C-4958,APAC,Social,SMB,Accessories,Flux Cable,3,93,0,279,171.28,107.72,25.25,2023-07-22
2025-04-30,ORD-100536,C-4597,APAC,Social,SMB,Home,Vista Hub,2,214,0.09,389.48,303.03,86.45,31.39,2025-04-29
2025-04-30,ORD-100537,C-4567,APAC,Affiliate,Consumer,Accessories,Orbit Dock,3,208,0,624,359.9,264.1,45.15,2024-10-05
2025-04-30,ORD-100538,C-4250,North America,Email,SMB,Accessories,Flux Cable,3,93,0,279,171.28,107.72,17.12,2023-01-10
2025-04-30,ORD-100539,C-4551,EMEA,Paid Search,Consumer,Home,Vista Hub,1,214,0.04667883211678832,204.01,151.52,52.49,24.48,2023-06-24
2025-04-30,ORD-100540,C-4191,APAC,Paid Search,Enterprise,Home,Beacon Lamp,6,192,0.15667883211678832,971.51,865.98,105.53,116.6,2025-05-07
2025-04-30,ORD-100541,C-4127,EMEA,Organic,Enterprise,Home,Nest Sensor,2,64,0,128,68.56,59.44,0,2025-09-03
2025-04-30,ORD-100542,C-4410,APAC,Organic,SMB,Wearables,Aura Watch,3,329,0.024489051094890513,962.83,544.81,418.02,0,2023-09-26
2025-04-30,ORD-100543,C-4910,North America,Social,SMB,Home,Vista Hub,1,214,0.13,186.18,151.52,34.66,18.4,2024-04-09
2025-04-30,ORD-100544,C-4555,APAC,Email,SMB,Accessories,Flux Cable,3,93,0,279,171.28,107.72,25.31,2024-04-18
2025-04-30,ORD-100545,C-4201,APAC,Email,SMB,Wearables,Aura Watch,3,329,0.1344890510948905,854.26,544.81,309.45,64.24,2025-04-13
2025-05-01,ORD-100546,C-4368,APAC,Organic,Enterprise,Wearables,Pulse Band,5,105,0,525,281.95,243.05,0,2025-08-10
2025-05-01,ORD-100547,C-4968,APAC,Affiliate,Enterprise,Home,Nest Sensor,4,64,0.15,217.6,137.11,80.49,13.42,2024-07-11
2025-05-01,ORD-100548,C-4616,EMEA,Email,SMB,Home,Beacon Lamp,2,192,0.03,372.48,288.66,83.82,24.98,2025-09-08
2025-05-01,ORD-100549,C-4915,North America,Paid Search,Enterprise,Home,Beacon Lamp,7,192,0.006788321167883212,1334.88,1010.32,324.56,160.43,2024-03-23
2025-05-01,ORD-100550,C-4765,APAC,Affiliate,SMB,Audio,Halo Headset,1,125,0,125,72.62,52.38,13.25,2024-12-21
2025-05-01,ORD-100551,C-4298,EMEA,Affiliate,SMB,Accessories,Shield Case,1,204,0.08,187.68,137.89,49.79,16.24,2025-02-01
2025-05-01,ORD-100552,C-4609,APAC,Affiliate,SMB,Accessories,Flux Cable,1,93,0,93,57.09,35.91,7.46,2024-12-03
2025-05-01,ORD-100553,C-4340,EMEA,Paid Search,Consumer,Wearables,Pulse Band,3,105,0.006788321167883212,312.86,169.17,143.69,37.6,2025-07-18
2025-05-01,ORD-100554,C-4746,EMEA,Affiliate,SMB,Accessories,Orbit Dock,1,208,0.12,183.04,119.97,63.07,18.98,2023-11-14
2025-05-01,ORD-100555,C-4627,North America,Email,Enterprise,Wearables,Pulse Band,7,105,0.11,654.15,394.73,259.42,50.76,2023-05-20
2025-05-01,ORD-100556,C-4951,North America,Social,SMB,Wearables,Aura Watch,2,329,0.11489051094890511,582.4,363.29,219.11,44.49,2024-03-02
2025-05-01,ORD-100557,C-4865,North America,Organic,Enterprise,Home,Vista Hub,3,214,0,642,454.55,187.45,0,2024-06-24
2025-05-02,ORD-100558,C-4850,EMEA,Organic,Consumer,Home,Vista Hub,1,214,0,214,151.52,62.48,0,2023-05-21
2025-05-02,ORD-100559,C-4697,North America,Affiliate,Consumer,Home,Beacon Lamp,1,192,0.07,178.56,144.33,34.23,11.71,2024-03-06
2025-05-02,ORD-100560,C-4999,North America,Organic,Enterprise,Audio,Echo Buds,9,79,0.09,647.01,511.94,135.07,0,2025-05-17
2025-05-02,ORD-100561,C-4143,EMEA,Email,SMB,Accessories,Flux Cable,3,93,0.11,248.31,171.28,77.03,15.56,2024-08-08
2025-05-02,ORD-100562,C-4339,North America,Paid Search,Enterprise,Home,Nest Sensor,3,64,0.006897810218978102,190.68,102.83,87.85,22.95,2023-07-07
2025-05-02,ORD-100563,C-4671,North America,Social,SMB,Wearables,Aura Watch,2,329,0.025291970802919707,641.36,363.39,277.97,66.45,2023-09-30
2025-05-02,ORD-100564,C-4473,APAC,Paid Search,Enterprise,Audio,Echo Buds,7,79,0.10689781021897811,493.89,398.17,95.72,59.44,2023-10-17
2025-05-02,ORD-100565,C-4182,APAC,Social,Consumer,Accessories,Shield Case,2,204,0.08,375.36,275.78,99.58,31.93,2024-04-02
2025-05-02,ORD-100566,C-4868,EMEA,Email,SMB,Wearables,Nimbus Ring,1,245,0,245,178.82,66.18,20.1,2025-02-14
2025-05-02,ORD-100567,C-4660,North America,Affiliate,Consumer,Audio,Echo Buds,1,79,0,79,56.88,22.12,7.44,2024-05-11
2025-05-03,ORD-100568,C-4908,North America,Social,Consumer,Accessories,Shield Case,1,204,0.15,173.4,137.89,35.51,13.9,2023-11-10
2025-05-03,ORD-100569,C-4890,APAC,Social,SMB,Accessories,Orbit Dock,2,208,0.13,361.92,239.93,121.99,24.47,2025-01-04
2025-05-03,ORD-100570,C-4367,EMEA,,Consumer,Home,Vista Hub,2,214,0.05,406.6,303.03,103.57,0,2025-02-08
2025-05-03,ORD-100571,C-4684,APAC,Organic,Enterprise,Audio,Echo Buds,3,79,0,237,170.65,66.35,0,2024-07-24
2025-05-03,ORD-100572,C-4991,North America,Paid Search,Enterprise,Accessories,Flux Cable,8,93,0.0070072992700729924,738.79,456.76,282.03,89.03,2024-01-13
2025-05-03,ORD-100573,C-4664,APAC,Email,Consumer,Accessories,Orbit Dock,2,208,0,416,239.93,176.07,33.52,2024-10-19
2025-05-03,ORD-100574,C-4851,North America,Social,SMB,Home,Nest Sensor,1,64,0,64,34.28,29.72,5.22,2023-03-29
2025-05-03,ORD-100575,C-4667,APAC,Social,Consumer,Home,Nest Sensor,1,64,0.01,63.36,34.28,29.08,4.89,2025-05-16
2025-05-04,ORD-100576,C-4387,North America,Email,SMB,Home,Beacon Lamp,3,192,0,576,432.99,143.01,35.78,2024-03-06
2025-05-04,ORD-100577,C-4996,North America,Email,SMB,Home,Beacon Lamp,3,192,0,576,432.99,143.01,59.5,2023-03-27
2025-05-04,ORD-100578,C-4262,EMEA,Social,Enterprise,Home,Vista Hub,1,214,0,214,151.52,62.48,15.11,2023-02-16
2025-05-04,ORD-100579,C-4862,APAC,Email,Enterprise,Wearables,Pulse Band,9,105,0,945,507.51,437.49,84.16,2025-06-05
2025-05-04,ORD-100580,C-4336,North America,Social,Consumer,Home,Nest Sensor,3,64,0.09,174.72,102.83,71.89,15.36,2023-01-07
2025-05-04,ORD-100581,C-4940,EMEA,Affiliate,SMB,Audio,Echo Buds,1,79,0,79,56.88,22.12,5.72,2024-09-10
2025-05-04,ORD-100582,C-4190,North America,Social,SMB,Wearables,Pulse Band,3,105,0.13,274.05,169.17,104.88,16.76,2024-05-08
2025-05-05,ORD-100583,C-4914,North America,Email,SMB,Home,Nest Sensor,1,64,0.03,62.08,34.28,27.8,4.27,2023-06-21
2025-05-05,ORD-100584,C-4588,North America,Social,Enterprise,Audio,Echo Buds,4,79,0,316,227.53,88.47,30.62,2025-01-30
2025-05-05,ORD-100585,C-4754,North America,Email,Enterprise,Home,Beacon Lamp,7,192,0.04,1290.24,1010.32,279.92,121.76,2024-01-29
2025-05-05,ORD-100586,C-4748,EMEA,Email,SMB,Home,Vista Hub,1,214,0,214,151.52,62.48,23.4,2023-02-04
2025-05-05,ORD-100587,C-4891,EMEA,Affiliate,Consumer,Audio,Echo Buds,2,79,0.07,146.94,113.76,33.18,12.65,2024-12-14
2025-05-05,ORD-100588,C-4922,APAC,Affiliate,Consumer,Accessories,Flux Cable,2,93,0,186,114.19,71.81,16.23,2025-08-14
2025-05-05,ORD-100589,C-4976,EMEA,Social,SMB,Home,Nest Sensor,2,64,0.14,110.08,68.56,41.52,11.68,2023-01-31
2025-05-05,ORD-100590,C-4403,EMEA,Social,Enterprise,Accessories,Orbit Dock,8,208,0,1664,959.73,704.27,157.55,2024-03-12
2025-05-05,ORD-100591,C-4833,EMEA,Email,SMB,Audio,Echo Buds,1,79,0,79,56.88,22.12,6.78,2024-03-28
2025-05-05,ORD-100592,C-4590,EMEA,Email,Consumer,Accessories,Orbit Dock,2,208,0.14,357.76,239.93,117.83,25.27,2024-12-15
2025-05-05,ORD-100593,C-4596,EMEA,Paid Search,Consumer,Accessories,Flux Cable,3,93,0.007226277372262774,276.98,171.28,105.7,33.47,2024-08-20
2025-05-05,ORD-100594,C-4451,EMEA,Social,Consumer,Home,Vista Hub,1,214,0.01,211.86,151.52,60.34,22.23,2023-09-30
2025-05-05,ORD-100595,C-4559,EMEA,Paid Search,Consumer,Wearables,Aura Watch,3,329,0.09372262773722628,894.5,545.5,349,108.09,2024-08-09
2025-05-05,ORD-100596,C-4983,APAC,Affiliate,Enterprise,Home,Nest Sensor,3,64,0,192,102.83,89.17,16.15,2025-03-28
2025-05-05,ORD-100597,C-4556,North America,Email,SMB,Accessories,Shield Case,1,204,0,204,137.89,66.11,21.26,2023-10-10
2025-05-06,ORD-100598,C-4623,EMEA,Social,Enterprise,Audio,Echo Buds,9,79,0,711,511.94,199.06,65.44,2025-09-14
2025-05-06,ORD-100599,C-4955,APAC,Email,SMB,Home,Nest Sensor,3,64,0,192,102.83,89.17,11.81,2025-05-02
2025-05-06,ORD-100600,C-4996,North America,Paid Search,SMB,Home,Vista Hub,1,214,0.0073357664233576645,212.43,151.52,60.91,25.7,2023-03-29
2025-05-06,ORD-100601,C-4675,APAC,Affiliate,Consumer,Wearables,Nimbus Ring,2,245,0.05,465.5,357.64,107.86,48.38,2023-06-14
2025-05-06,ORD-100602,C-4741,APAC,Email,Consumer,Audio,Halo Headset,3,125,0.09,341.25,217.87,123.38,35.49,2024-10-07
2025-05-06,ORD-100603,C-4861,APAC,Paid Search,Consumer,Home,Nest Sensor,3,64,0.057335766423357665,180.99,102.83,78.16,21.9,2023-07-31
2025-05-06,ORD-100604,C-4644,North America,Social,SMB,Wearables,Pulse Band,2,105,0,210,112.78,97.22,16.63,2024-04-08
2025-05-06,ORD-100605,C-4941,APAC,Organic,Consumer,Accessories,Flux Cable,3,93,0.11,248.31,171.28,77.03,0,2024-08-04
2025-05-06,ORD-100606,C-4597,APAC,Paid Search,Consumer,Wearables,Aura Watch,2,329,0.03423357664233577,635.47,363.75,271.72,76.89,2025-01-26
2025-05-06,ORD-100607,C-4620,APAC,,Enterprise,Wearables,Pulse Band,3,105,0,315,169.17,145.83,29.32,2024-05-14
2025-05-06,ORD-100608,C-4909,EMEA,Affiliate,Enterprise,Wearables,Aura Watch,3,329,0.026897810218978104,960.45,545.63,414.82,99.42,2025-07-13
2025-05-06,ORD-100609,C-4439,EMEA,Social,Consumer,Home,Vista Hub,2,214,0.11,380.92,303.03,77.89,32.37,2024-11-11
2025-05-06,ORD-100610,C-4379,APAC,Affiliate,SMB,Wearables,Pulse Band,3,105,0.14,270.9,169.17,101.73,18.2,2023-09-21
2025-05-06,ORD-100611,C-4375,APAC,Paid Search,Enterprise,Wearables,Pulse Band,6,105,0.057335766423357665,593.88,338.34,255.54,71.86,2025-09-03
2025-05-06,ORD-100612,C-4348,North America,Social,Enterprise,Audio,Echo Buds,7,79,0,553,398.17,154.83,46.04,2024-02-15
2025-05-07,ORD-100613,C-4145,EMEA,Email,Enterprise,Home,Vista Hub,9,214,0,1926,1363.66,562.34,125.97,2024-09-07
2025-05-07,ORD-100614,C-4504,EMEA,Organic,SMB,Home,Beacon Lamp,1,192,0.03,186.24,144.33,41.91,0,2024-03-07
2025-05-07,ORD-100615,C-4418,APAC,Organic,Enterprise,Home,Vista Hub,2,214,0.09,389.48,303.03,86.45,0,2024-11-25
2025-05-07,ORD-100616,C-4360,APAC,Social,SMB,Home,Nest Sensor,1,64,0.05,60.8,34.28,26.52,3.69,2025-06-06
2025-05-07,ORD-100617,C-4424,APAC,Social,SMB,Home,Beacon Lamp,3,192,0,576,432.99,143.01,54.28,2023-05-17
2025-05-07,ORD-100618,C-4346,EMEA,Organic,SMB,Wearables,Nimbus Ring,3,245,0.01,727.65,536.46,191.19,0,2025-05-22
2025-05-07,ORD-100619,C-4900,EMEA,Paid Search,Consumer,Home,Vista Hub,3,214,0.027445255474452555,624.38,454.55,169.83,75.65,2025-09-09
2025-05-07,ORD-100620,C-4880,EMEA,Affiliate,Enterprise,Home,Beacon Lamp,6,192,0,1152,865.98,286.02,126,2024-02-13
2025-05-07,ORD-100621,C-4704,North America,Social,SMB,Home,Nest Sensor,2,64,0.12,112.64,68.56,44.08,7.44,2023-09-17
2025-05-07,ORD-100622,C-4414,APAC,Email,Enterprise,Wearables,Nimbus Ring,5,245,0.13,1065.75,894.1,171.65,80.9,2024-06-12
2025-05-08,ORD-100623,C-4489,APAC,Organic,SMB,Wearables,Aura Watch,1,329,0.15770072992700732,277.12,181.97,95.15,0,2024-04-22
2025-05-08,ORD-100624,C-4742,North America,Organic,Consumer,Wearables,Pulse Band,2,105,0.12,184.8,112.78,72.02,0,2023-08-23
2025-05-08,ORD-100625,C-4527,EMEA,Paid Search,Enterprise,Accessories,Orbit Dock,1,208,0.007554744525547445,206.43,119.97,86.46,25.05,2024-08-25
2025-05-08,ORD-100626,C-4974,APAC,Paid Search,SMB,Home,Vista Hub,2,214,0.007554744525547445,424.77,303.03,121.74,51.54,2023-08-24
2025-05-08,ORD-100627,C-4691,APAC,Email,Consumer,Home,Beacon Lamp,1,192,0,192,144.33,47.67,15.05,2024-05-30
2025-05-08,ORD-100628,C-4934,EMEA,Organic,SMB,Home,Beacon Lamp,2,192,0,384,288.66,95.34,0,2023-10-05
2025-05-08,ORD-100629,C-4638,APAC,Social,Enterprise,Accessories,Flux Cable,3,93,0.11,248.31,171.28,77.03,20.49,2025-08-13
2025-05-08,ORD-100630,C-4551,APAC,Social,SMB,Audio,Halo Headset,2,125,0.09,227.5,145.24,82.26,22.2,2025-04-18
2025-05-09,ORD-100631,C-4506,North America,Paid Search,Consumer,Home,Nest Sensor,3,64,0.007664233576642336,190.53,102.83,87.7,23.15,2023-07-02
2025-05-09,ORD-100632,C-4379,EMEA,Email,SMB,Home,Vista Hub,1,214,0.04,205.44,151.52,53.92,12.56,2023-01-13
2025-05-09,ORD-100633,C-4270,North America,Affiliate,SMB,Accessories,Shield Case,3,204,0,612,413.67,198.33,54.77,2023-05-31
2025-05-09,ORD-100634,C-4373,North America,Affiliate,Consumer,Home,Beacon Lamp,1,192,0,192,144.33,47.67,20.89,2024-12-23
2025-05-09,ORD-100635,C-4418,North America,Organic,Enterprise,Accessories,Shield Case,7,204,0,1428,965.23,462.77,0,2024-03-19
2025-05-09,ORD-100636,C-4375,APAC,Social,SMB,Home,Vista Hub,2,214,0,428,303.03,124.97,34.59,2024-01-28
2025-05-09,ORD-100637,C-4478,EMEA,Paid Search,SMB,Accessories,Flux Cable,2,93,0.007664233576642336,184.57,114.19,70.38,22.42,2024-09-08
2025-05-09,ORD-100638,C-4213,North America,Organic,SMB,Wearables,Aura Watch,3,329,0.0281021897810219,959.26,546.04,413.22,0,2024-09-13
2025-05-09,ORD-100639,C-4104,North America,Email,Enterprise,Home,Nest Sensor,9,64,0,576,308.5,267.5,40.81,2025-03-18
2025-05-10,ORD-100640,C-4360,EMEA,Affiliate,Enterprise,Wearables,Pulse Band,4,105,0,420,225.56,194.44,44.28,2024-07-29
2025-05-10,ORD-100641,C-4509,EMEA,Paid Search,SMB,Accessories,Shield Case,1,204,0.14777372262773725,173.85,137.89,35.96,21.15,2023-10-01
2025-05-10,ORD-100642,C-4621,North America,Social,SMB,Wearables,Nimbus Ring,2,245,0.02,480.2,357.64,122.56,31.91,2025-07-25
2025-05-10,ORD-100643,C-4770,APAC,Paid Search,SMB,Home,Nest Sensor,2,64,0.007773722627737226,127,68.56,58.44,15.45,2024-06-07
2025-05-10,ORD-100644,C-4999,EMEA,Organic,Consumer,Audio,Echo Buds,2,79,0.02,154.84,113.76,41.08,0,2023-04-27
2025-05-11,ORD-100645,C-4700,EMEA,Paid Search,Enterprise,Home,Beacon Lamp,6,192,0.007883211678832117,1142.92,865.98,276.94,139.24,2025-05-30
2025-05-11,ORD-100646,C-4429,APAC,Affiliate,Consumer,Audio,Halo Headset,1,125,0.11,111.25,72.62,38.63,7.96,2023-10-16
2025-05-11,ORD-100647,C-4350,APAC,Organic,Consumer,Accessories,Flux Cable,2,93,0.06,174.84,114.19,60.65,0,2023-10-02
2025-05-11,ORD-100648,C-4259,APAC,Organic,Enterprise,Home,Vista Hub,3,214,0,642,454.55,187.45,0,2023-08-22
2025-05-11,ORD-100649,C-4508,APAC,Social,Consumer,Home,Vista Hub,1,214,0.12,188.32,151.52,36.8,19.96,2023-02-20
2025-05-11,ORD-100650,C-4237,North America,Paid Search,Consumer,Wearables,Aura Watch,3,329,0.03678832116788321,950.69,546.32,404.37,115.82,2024-08-12
2025-05-11,ORD-100651,C-4662,North America,Email,Enterprise,Home,Beacon Lamp,7,192,0,1344,1010.32,333.68,89.34,2025-07-28
2025-05-11,ORD-100652,C-4579,North America,Affiliate,Consumer,Home,Beacon Lamp,1,192,0,192,144.33,47.67,14.56,2024-12-17
2025-05-11,ORD-100653,C-4794,North America,Organic,Consumer,Accessories,Shield Case,2,204,0,408,275.78,132.22,0,2024-02-12
2025-05-12,ORD-100654,C-4180,EMEA,Affiliate,Enterprise,Audio,Echo Buds,7,79,0,553,398.17,154.83,38.2,2024-11-07
2025-05-12,ORD-100655,C-4275,North America,Organic,Consumer,Wearables,Aura Watch,3,329,0.0693065693430657,918.59,546.45,372.14,0,2025-03-16
2025-05-12,ORD-100656,C-4523,EMEA,Email,SMB,Wearables,Nimbus Ring,3,245,0,735,536.46,198.54,64.5,2024-03-07
2025-05-12,ORD-100657,C-4947,North America,Paid Search,Consumer,Audio,Halo Headset,1,125,0.04799270072992701,119,72.62,46.38,14.52,2023-03-12
2025-05-12,ORD-100658,C-4194,APAC,Affiliate,Consumer,Accessories,Orbit Dock,3,208,0,624,359.9,264.1,52.96,2023-06-19
2025-05-12,ORD-100659,C-4840,North America,Social,Consumer,Wearables,Nimbus Ring,3,245,0.04,705.6,536.46,169.14,46.81,2023-06-04
2025-05-12,ORD-100660,C-4932,EMEA,Affiliate,SMB,Home,Vista Hub,3,214,0.01,635.58,454.55,181.03,54.51,2023-01-20
2025-05-12,ORD-100661,C-4546,EMEA,Email,Consumer,Wearables,Nimbus Ring,3,245,0,735,536.46,198.54,47.69,2025-08-01
2025-05-12,ORD-100662,C-4596,EMEA,Paid Search,SMB,Accessories,Orbit Dock,1,208,0.127992700729927,181.38,119.97,61.41,22.13,2025-04-22
2025-05-12,ORD-100663,C-4913,North America,Affiliate,Consumer,Accessories,Orbit Dock,2,208,0.11,370.24,239.93,130.31,37.17,2024-01-06
2025-05-12,ORD-100664,C-4664,EMEA,Affiliate,SMB,Wearables,Pulse Band,1,105,0,105,56.39,48.61,7.39,2023-04-07
2025-05-12,ORD-100665,C-4465,EMEA,Email,Enterprise,Audio,Halo Headset,2,125,0,250,145.24,104.76,17.54,2023-01-12
2025-05-13,ORD-100666,C-4101,North America,Affiliate,Consumer,Accessories,Flux Cable,2,93,0.11,165.54,114.19,51.35,11.48,2025-05-16
2025-05-13,ORD-100667,C-4404,APAC,Social,SMB,Accessories,Flux Cable,1,93,0,93,57.09,35.91,6.26,2024-01-09
2025-05-13,ORD-100668,C-4770,North America,Email,Enterprise,Audio,Halo Headset,3,125,0.13,326.25,217.87,108.38,22.42,2024-05-11
2025-05-13,ORD-100669,C-4450,North America,Social,SMB,Accessories,Orbit Dock,3,208,0.05,592.8,359.9,232.9,65.1,2025-04-01
2025-05-13,ORD-100670,C-4217,EMEA,Affiliate,Enterprise,Wearables,Nimbus Ring,7,245,0.09,1560.65,1251.74,308.91,109.2,2025-01-14
2025-05-13,ORD-100671,C-4994,North America,Email,Consumer,Audio,Halo Headset,3,125,0.08,345,217.87,127.13,21.08,2024-09-28
2025-05-13,ORD-100672,C-4189,APAC,Social,SMB,Home,Beacon Lamp,1,192,0,192,144.33,47.67,12.04,2025-06-20
2025-05-13,ORD-100673,C-4601,EMEA,Email,SMB,Audio,Echo Buds,2,79,0,158,113.76,44.24,16.71,2025-05-14
2025-05-13,ORD-100674,C-4273,APAC,Social,Enterprise,Home,Nest Sensor,4,64,0.11,227.84,137.11,90.73,20.38,2023-11-07
2025-05-13,ORD-100675,C-4605,EMEA,Paid Search,Consumer,Home,Vista Hub,3,214,0.1481021897810219,546.92,454.55,92.37,66.81,2025-01-16
2025-05-13,ORD-100676,C-4307,EMEA,Email,Enterprise,Accessories,Flux Cable,7,93,0.04,624.96,399.66,225.3,40.4,2023-12-27
2025-05-13,ORD-100677,C-4776,EMEA,Affiliate,SMB,Wearables,Aura Watch,2,329,0.0797080291970803,605.55,364.39,241.16,59.6,2023-09-07
2025-05-13,ORD-100678,C-4776,EMEA,Email,Enterprise,Wearables,Pulse Band,6,105,0.13,548.1,338.34,209.76,33.41,2024-06-26
2025-05-13,ORD-100679,C-4337,EMEA,Affiliate,Consumer,Home,Beacon Lamp,2,192,0,384,288.66,95.34,27.98,2024-04-28
2025-05-14,ORD-100680,C-4561,North America,Email,Consumer,Accessories,Orbit Dock,2,208,0,416,239.93,176.07,43.64,2025-06-22
2025-05-14,ORD-100681,C-4709,North America,Affiliate,SMB,Accessories,Orbit Dock,2,208,0,416,239.93,176.07,27.15,2024-01-07
2025-05-14,ORD-100682,C-4282,APAC,Email,Consumer,Accessories,Shield Case,2,204,0.07,379.44,275.78,103.66,37.06,2025-06-12
2025-05-14,ORD-100683,C-4173,APAC,Affiliate,Consumer,Home,Vista Hub,1,214,0,214,151.52,62.48,19.64,2023-12-22
2025-05-14,ORD-100684,C-4831,EMEA,Email,Enterprise,Accessories,Flux Cable,3,93,0,279,171.28,107.72,24.81,2023-09-05
2025-05-14,ORD-100685,C-4627,EMEA,Affiliate,Consumer,Accessories,Orbit Dock,3,208,0.11,555.36,359.9,195.46,35.36,2025-01-11
2025-05-14,ORD-100686,C-4898,APAC,Affiliate,Consumer,Accessories,Shield Case,2,204,0.05,387.6,275.78,111.82,40.18,2023-06-19
2025-05-14,ORD-100687,C-4988,EMEA,Affiliate,Consumer,Accessories,Orbit Dock,2,208,0.08,382.72,239.93,142.79,26.39,2023-11-25
2025-05-14,ORD-100688,C-4593,APAC,Affiliate,Enterprise,Wearables,Pulse Band,8,105,0,840,451.12,388.88,51.18,2023-10-07
2025-05-14,ORD-100689,C-4918,EMEA,Social,Consumer,Wearables,Nimbus Ring,1,245,0.11,218.05,178.82,39.23,23.15,2024-08-23
2025-05-14,ORD-100690,C-4410,North America,Email,SMB,Wearables,Aura Watch,1,329,0.030109489051094892,319.09,182.25,136.84,20.71,2024-10-25
2025-05-14,ORD-100691,C-4288,EMEA,Social,Enterprise,Wearables,Pulse Band,3,105,0.12,277.2,169.17,108.03,23.75,2023-03-27
2025-05-15,ORD-100692,C-4782,APAC,Social,Consumer,Home,Vista Hub,1,214,0,214,151.52,62.48,17.41,2023-10-31
2025-05-15,ORD-100693,C-4505,EMEA,Affiliate,Enterprise,Accessories,Shield Case,4,204,0,816,551.56,264.44,81,2024-06-25
2025-05-15,ORD-100694,C-4356,North America,Email,Enterprise,Audio,Echo Buds,6,79,0.14,407.64,341.29,66.35,40.4,2024-11-23
2025-05-15,ORD-100695,C-4462,APAC,Email,SMB,Home,Nest Sensor,3,64,0,192,102.83,89.17,12.18,2025-01-24
2025-05-15,ORD-100696,C-4279,North America,Paid Search,SMB,Audio,Halo Headset,2,125,0.02832116788321168,242.92,145.24,97.68,29.75,2023-11-01
2025-05-15,ORD-100697,C-4645,EMEA,Organic,SMB,Home,Nest Sensor,3,64,0,192,102.83,89.17,0,2025-08-07
2025-05-15,ORD-100698,C-4979,EMEA,Social,SMB,Wearables,Pulse Band,1,105,0,105,56.39,48.61,9.35,2025-09-12
2025-05-15,ORD-100699,C-4588,EMEA,Organic,SMB,Wearables,Nimbus Ring,3,245,0.05,698.25,536.46,161.79,0,2025-09-12
2025-05-15,ORD-100700,C-4583,APAC,Social,Enterprise,Home,Nest Sensor,7,64,0.01,443.52,239.95,203.57,33.61,2024-08-31
2025-05-15,ORD-100701,C-4934,EMEA,Email,Enterprise,Accessories,Orbit Dock,7,208,0.11,1295.84,839.77,456.07,137.22,2025-09-19
2025-05-15,ORD-100702,C-4133,EMEA,Email,Enterprise,Audio,Halo Headset,6,125,0,750,435.73,314.27,65.84,2024-02-16
2025-05-15,ORD-100703,C-4940,EMEA,Paid Search,Consumer,Accessories,Shield Case,3,204,0.008321167883211678,606.91,413.67,193.24,74.34,2024-05-13
2025-05-16,ORD-100704,C-4889,APAC,Social,SMB,Wearables,Aura Watch,1,329,0.08091240875912409,302.38,182.34,120.04,23.11,2024-01-30
2025-05-16,ORD-100705,C-4312,APAC,Paid Search,SMB,Audio,Halo Headset,1,125,0.13843065693430656,107.7,72.62,35.08,13.21,2024-02-08
2025-05-16,ORD-100706,C-4108,North America,Paid Search,Consumer,Wearables,Nimbus Ring,3,245,0.00843065693430657,728.8,536.46,192.34,89.38,2024-06-18
2025-05-16,ORD-100707,C-4588,North America,Affiliate,Consumer,Home,Vista Hub,2,214,0,428,303.03,124.97,26,2023-01-17
2025-05-16,ORD-100708,C-4541,North America,Social,Enterprise,Wearables,Aura Watch,4,329,0.030912408759124085,1275.32,729.33,545.99,111.31,2024-12-29
2025-05-16,ORD-100709,C-4815,North America,Social,Enterprise,Accessories,Orbit Dock,3,208,0.12,549.12,359.9,189.22,38.87,2025-09-20
2025-05-16,ORD-100710,C-4804,APAC,Organic,Consumer,Audio,Echo Buds,1,79,0.12,69.52,56.88,12.64,0,2023-08-02
2025-05-16,ORD-100711,C-4743,North America,Paid Search,SMB,Wearables,Nimbus Ring,3,245,0.14843065693430657,625.9,536.46,89.44,76.76,2024-11-14
2025-05-17,ORD-100712,C-4911,North America,Organic,Enterprise,Home,Nest Sensor,5,64,0,320,171.39,148.61,0,2024-12-23
2025-05-17,ORD-100713,C-4361,North America,Affiliate,Enterprise,Audio,Echo Buds,7,79,0,553,398.17,154.83,36.31,2023-07-11
2025-05-17,ORD-100714,C-4796,APAC,Organic,Enterprise,Home,Vista Hub,6,214,0,1284,909.1,374.9,0,2024-01-21
2025-05-17,ORD-100715,C-4346,APAC,Email,Consumer,Accessories,Orbit Dock,2,208,0,416,239.93,176.07,34.86,2024-10-05
2025-05-17,ORD-100716,C-4513,APAC,Organic,Enterprise,Home,Vista Hub,5,214,0,1070,757.59,312.41,0,2023-07-24
2025-05-17,ORD-100717,C-4362,EMEA,Paid Search,Enterprise,Home,Vista Hub,8,214,0.14854014598540147,1457.7,1212.14,245.56,,2024-05-09
2025-05-17,ORD-100718,C-4789,APAC,Email,Consumer,Home,Vista Hub,3,214,0,642,454.55,187.45,43.71,2024-05-18
2025-05-17,ORD-100719,C-4401,APAC,Affiliate,Consumer,Home,Vista Hub,1,214,0.09,194.74,151.52,43.22,19.81,2023-05-17
2025-05-18,ORD-100720,C-4718,North America,Affiliate,SMB,Wearables,Pulse Band,1,105,0,105,56.39,48.61,9.87,2023-09-02
2025-05-18,ORD-100721,C-4512,APAC,Email,Consumer,Home,Vista Hub,2,214,0,428,303.03,124.97,25.78,2024-02-16
2025-05-18,ORD-100722,C-4665,North America,Affiliate,Enterprise,Wearables,Pulse Band,6,105,0,630,338.34,291.66,43.75,2024-12-08
2025-05-18,ORD-100723,C-4475,EMEA,Affiliate,SMB,Home,Nest Sensor,1,64,0.03,62.08,34.28,27.8,4.53,2023-11-14
2025-05-18,ORD-100724,C-4378,EMEA,Social,Consumer,Audio,Echo Buds,2,79,0.08,145.36,113.76,31.6,15.14,2023-12-14
2025-05-18,ORD-100725,C-4249,North America,Paid Search,SMB,Audio,Halo Headset,2,125,0.008649635036496349,247.84,145.24,102.6,30.48,2025-05-12
2025-05-18,ORD-100726,C-4286,EMEA,Affiliate,Enterprise,Home,Beacon Lamp,2,192,0.01,380.16,288.66,91.5,35.96,2025-01-09
2025-05-18,ORD-100727,C-4830,APAC,Email,Enterprise,Accessories,Orbit Dock,3,208,0.11,555.36,359.9,195.46,48.46,2023-09-01
2025-05-18,ORD-100728,C-4529,North America,Paid Search,Enterprise,Wearables,Pulse Band,9,105,0.008649635036496349,936.83,507.51,429.32,115.21,2023-03-01
2025-05-18,ORD-100729,C-4771,EMEA,Organic,Enterprise,Accessories,Shield Case,9,204,0,1836,1241.01,594.99,0,2023-12-11
2025-05-18,ORD-100730,C-4326,APAC,Email,SMB,Accessories,Orbit Dock,1,208,0.12,183.04,119.97,63.07,12.16,2025-03-23
2025-05-18,ORD-100731,C-4517,APAC,Paid Search,SMB,Accessories,Orbit Dock,2,208,0.008649635036496349,412.4,239.93,172.47,50.71,2025-07-22
2025-05-18,ORD-100732,C-4207,EMEA,Social,Consumer,Audio,Halo Headset,2,125,0,250,145.24,104.76,18.25,2023-01-24
2025-05-18,ORD-100733,C-4903,APAC,Organic,Consumer,Wearables,Nimbus Ring,3,245,0.03,712.95,536.46,176.49,0,2023-11-20
2025-05-19,ORD-100734,C-4418,EMEA,Paid Search,Enterprise,Accessories,Shield Case,6,204,0.00875912408759124,1213.28,827.34,385.94,149.4,2023-08-31
2025-05-19,ORD-100735,C-4822,APAC,Paid Search,Consumer,Accessories,Shield Case,3,204,0.14875912408759126,520.96,413.67,107.29,64.15,2025-06-12
2025-05-19,ORD-100736,C-4327,EMEA,Paid Search,SMB,Home,Nest Sensor,1,64,0.15875912408759124,53.84,34.28,19.56,6.63,2024-03-07
2025-05-19,ORD-100737,C-4163,North America,Email,Consumer,Wearables,Nimbus Ring,2,245,0,490,357.64,132.36,41.92,2023-02-10
2025-05-19,ORD-100738,C-4299,APAC,Paid Search,Enterprise,Wearables,Nimbus Ring,6,245,0.00875912408759124,1457.12,1072.92,384.2,179.43,2023-09-25
2025-05-19,ORD-100739,C-4970,EMEA,Social,Consumer,Home,Beacon Lamp,1,192,0,192,144.33,47.67,12.52,2025-04-19
2025-05-19,ORD-100740,C-4182,APAC,Affiliate,SMB,Home,Beacon Lamp,1,192,0,192,144.33,47.67,15.14,2023-11-01
2025-05-19,ORD-100741,C-4539,EMEA,Paid Search,Enterprise,Wearables,Aura Watch,9,329,0.09087591240875914,2691.92,1642.23,1049.69,331.48,2024-07-21
2025-05-19,ORD-100742,C-4843,APAC,Paid Search,SMB,Wearables,Aura Watch,3,329,0.09087591240875914,897.31,547.41,349.9,110.49,2024-03-26
2025-05-20,ORD-100743,C-4667,EMEA,Affiliate,Enterprise,Accessories,Shield Case,3,204,0,612,413.67,198.33,57.45,2023-09-23
2025-05-20,ORD-100744,C-4578,EMEA,Social,SMB,Audio,Echo Buds,1,79,0,79,56.88,22.12,6.75,2024-06-22
2025-05-20,ORD-100745,C-4726,North America,Social,Consumer,Audio,Halo Headset,3,125,0.05,356.25,217.87,138.38,37.54,2024-02-24
2025-05-20,ORD-100746,C-4474,APAC,Paid Search,Consumer,Accessories,Flux Cable,3,93,0.008868613138686131,276.53,171.28,105.25,34.1,2023-06-12
2025-05-20,ORD-100747,C-4890,APAC,Organic,Consumer,Accessories,Orbit Dock,2,208,0.1,374.4,239.93,134.47,0,2023-11-09
2025-05-20,ORD-100748,C-4928,APAC,Affiliate,SMB,Accessories,Flux Cable,2,93,0.03,180.42,114.19,66.23,17.19,2023-05-08
2025-05-20,ORD-100749,C-4909,APAC,Paid Search,Consumer,Audio,Echo Buds,2,79,0.008868613138686131,156.6,113.76,42.84,19.31,2024-02-19
2025-05-20,ORD-100750,C-4282,North America,Social,Enterprise,Home,Nest Sensor,3,64,0.12,168.96,102.83,66.13,17.71,2023-12-01
2025-05-20,ORD-100751,C-4530,APAC,Social,Consumer,Accessories,Orbit Dock,3,208,0,624,359.9,264.1,63.81,2023-08-18
2025-05-20,ORD-100752,C-4120,North America,Paid Search,Enterprise,Home,Vista Hub,5,214,0.04886861313868613,1017.71,757.59,260.12,125.49,2023-11-16
2025-05-20,ORD-100753,C-4334,North America,Affiliate,Consumer,Home,Vista Hub,2,214,0.14,368.08,303.03,65.05,38.25,2023-01-17
2025-05-20,ORD-100754,C-4606,EMEA,Email,Consumer,Wearables,Pulse Band,2,105,0.07,195.3,112.78,82.52,16.48,2024-01-29
2025-05-20,ORD-100755,C-4915,North America,Social,Consumer,Home,Nest Sensor,3,64,0,192,102.83,89.17,12.3,2023-03-29
2025-05-20,ORD-100756,C-4254,North America,Paid Search,SMB,Home,Nest Sensor,2,64,0.008868613138686131,126.86,68.56,58.3,15.64,2025-02-06
2025-05-21,ORD-100757,C-4619,North America,Organic,SMB,Wearables,Aura Watch,2,329,0.15291970802919708,557.38,365.12,192.26,0,2024-07-15
2025-05-21,ORD-100758,C-4435,EMEA,Paid Search,Enterprise,Accessories,Flux Cable,5,93,0.008978102189781022,460.83,285.47,175.36,56.9,2024-03-05
2025-05-21,ORD-100759,C-4911,North America,Affiliate,SMB,Accessories,Flux Cable,2,93,0,186,114.19,71.81,17.56,2025-01-04
2025-05-21,ORD-100760,C-4342,EMEA,Paid Search,Enterprise,Audio,Echo Buds,6,79,0.008978102189781022,469.74,341.29,128.45,58,2025-07-06
2025-05-21,ORD-100761,C-4242,APAC,Organic,Consumer,Wearables,Nimbus Ring,3,245,0.07,683.55,536.46,147.09,0,2023-12-10
2025-05-21,ORD-100762,C-4357,North America,Organic,Consumer,Wearables,Pulse Band,1,105,0,105,56.39,48.61,0,2024-01-17
2025-05-21,ORD-100763,C-4757,APAC,Social,Enterprise,Home,Vista Hub,4,214,0,856,606.07,249.93,81.01,2025-03-05
2025-05-21,ORD-100764,C-4313,EMEA,Organic,Enterprise,Audio,Halo Headset,8,125,0.14,860,580.98,279.02,0,2023-09-10
2025-05-21,ORD-100765,C-4308,North America,Organic,Enterprise,Accessories,Flux Cable,4,93,0.14,319.92,228.38,91.54,0,2024-07-03
2025-05-22,ORD-100766,C-4565,EMEA,Email,SMB,Home,Vista Hub,2,214,0,428,303.03,124.97,32.94,2023-09-11
2025-05-22,ORD-100767,C-4841,North America,Organic,SMB,Accessories,Flux Cable,1,93,0.09,84.63,57.09,27.54,0,2023-01-08
2025-05-22,ORD-100768,C-4846,North America,Affiliate,Enterprise,Home,Beacon Lamp,3,192,0,576,432.99,143.01,47.81,2024-07-04
2025-05-22,ORD-100769,C-4132,EMEA,Email,Consumer,Accessories,Orbit Dock,3,208,0,624,359.9,264.1,68.58,2025-09-04
2025-05-22,ORD-100770,C-4182,EMEA,Organic,Consumer,Accessories,Flux Cable,1,93,0,93,57.09,35.91,0,2025-05-21
2025-05-22,ORD-100771,C-4158,North America,Email,Enterprise,Accessories,Orbit Dock,1,208,0,208,119.97,88.03,16.73,2023-04-03
2025-05-22,ORD-100772,C-4191,EMEA,Affiliate,SMB,Home,Nest Sensor,3,64,0,192,102.83,89.17,13.36,2023-07-11
2025-05-22,ORD-100773,C-4852,EMEA,Affiliate,SMB,Home,Vista Hub,3,214,0.07,597.06,454.55,142.51,43.67,2025-09-07
2025-05-22,ORD-100774,C-4976,North America,Paid Search,Enterprise,Wearables,Aura Watch,3,329,0.04240875912408759,945.14,547.83,397.31,116.85,2024-08-31
2025-05-22,ORD-100775,C-4917,APAC,Paid Search,Consumer,Audio,Echo Buds,2,79,0.009087591240875912,156.56,113.76,42.8,19.36,2023-11-24
2025-05-23,ORD-100776,C-4842,North America,Affiliate,SMB,Accessories,Flux Cable,2,93,0.04,178.56,114.19,64.37,17.77,2025-07-12
2025-05-23,ORD-100777,C-4548,North America,Email,Enterprise,Wearables,Pulse Band,9,105,0.05,897.75,507.51,390.24,77.49,2024-09-12
2025-05-23,ORD-100778,C-4450,EMEA,Social,SMB,Audio,Halo Headset,2,125,0.07,232.5,145.24,87.26,20.52,2023-11-07
2025-05-23,ORD-100779,C-4376,EMEA,Email,SMB,Wearables,Pulse Band,1,105,0,105,56.39,48.61,9.3,2025-04-09
2025-05-23,ORD-100780,C-4518,EMEA,Email,Consumer,Audio,Echo Buds,2,79,0.05,150.1,113.76,36.34,12.27,2023-07-25
2025-05-23,ORD-100781,C-4215,EMEA,Organic,Enterprise,Accessories,Orbit Dock,1,208,0.02,203.84,119.97,83.87,0,2024-01-19
2025-05-23,ORD-100782,C-4618,North America,Affiliate,Enterprise,Wearables,Aura Watch,2,329,0.1637226277372263,550.27,365.3,184.97,55.08,2023-07-12
2025-05-24,ORD-100783,C-4750,North America,Social,SMB,Wearables,Nimbus Ring,3,245,0.03,712.95,536.46,176.49,64.31,2023-11-27
2025-05-24,ORD-100784,C-4882,EMEA,Affiliate,Consumer,Accessories,Orbit Dock,2,208,0.11,370.24,239.93,130.31,33.41,2023-04-27
2025-05-24,ORD-100785,C-4456,North America,Paid Search,Consumer,Wearables,Pulse Band,1,105,0.009306569343065693,104.02,56.39,47.63,12.89,2023-02-12
2025-05-24,ORD-100786,C-4544,APAC,Paid Search,SMB,Audio,Echo Buds,2,79,0.009306569343065693,156.53,113.76,42.77,19.4,2023-08-26
2025-05-24,ORD-100787,C-4948,North America,Paid Search,Consumer,Accessories,Shield Case,2,204,0.009306569343065693,404.2,275.78,128.42,50.1,2025-09-21
2025-05-24,ORD-100788,C-4576,North America,Organic,SMB,Wearables,Nimbus Ring,2,245,0,490,357.64,132.36,0,2024-08-27
2025-05-24,ORD-100789,C-4664,EMEA,Social,Enterprise,Home,Beacon Lamp,5,192,0,960,721.65,238.35,62.88,2025-06-05
2025-05-24,ORD-100790,C-4354,North America,Affiliate,Consumer,Audio,Echo Buds,1,79,0,79,56.88,22.12,4.86,2025-07-29
2025-05-24,ORD-100791,C-4527,APAC,Email,Enterprise,Audio,Halo Headset,8,125,0,1000,580.98,419.02,105.51,2023-03-30
2025-05-24,ORD-100792,C-4355,EMEA,Affiliate,Consumer,Home,Vista Hub,1,214,0.01,211.86,151.52,60.34,13.09,2023-01-28
2025-05-25,ORD-100793,C-4503,EMEA,Organic,SMB,Audio,Echo Buds,1,79,0.07,73.47,56.88,16.59,0,2025-03-25
2025-05-25,ORD-100794,C-4110,North America,Affiliate,SMB,Audio,Halo Headset,1,125,0,125,72.62,52.38,12.51,2023-07-22
2025-05-25,ORD-100795,C-4451,North America,Social,SMB,Home,Vista Hub,2,214,0.07,398.04,303.03,95.01,43.47,2024-07-02
2025-05-25,ORD-100796,C-4592,EMEA,Email,Consumer,Accessories,Shield Case,2,204,0.09,371.28,275.78,95.5,35.1,2024-09-21
2025-05-25,ORD-100797,C-4787,EMEA,Affiliate,SMB,Audio,Halo Headset,3,125,0,375,217.87,157.13,28.32,2025-01-11
2025-05-25,ORD-100798,C-4464,North America,Organic,Enterprise,Wearables,Nimbus Ring,3,245,0.11,654.15,536.46,117.69,0,2023-12-18
2025-05-25,ORD-100799,C-4414,EMEA,Organic,SMB,Wearables,Pulse Band,3,105,0,315,169.17,145.83,0,2024-07-20
2025-05-25,ORD-100800,C-4227,EMEA,Email,Enterprise,Accessories,Shield Case,3,204,0.11,544.68,413.67,131.01,38.75,2024-04-19
2025-05-25,ORD-100801,C-4871,EMEA,Organic,Consumer,Accessories,Orbit Dock,3,208,0.09,567.84,359.9,207.94,0,2023-03-11
2025-05-26,ORD-100802,C-4570,EMEA,Social,Enterprise,Home,Vista Hub,8,214,0,1712,1212.14,499.86,108.73,2024-01-15
2025-05-26,ORD-100803,C-4175,North America,Organic,Consumer,Wearables,Pulse Band,2,105,0.12,184.8,112.78,72.02,0,2024-07-14
2025-05-26,ORD-100804,C-4376,North America,Social,Enterprise,Accessories,Orbit Dock,7,208,0.08,1339.52,839.77,499.75,130.14,2024-02-01
2025-05-26,ORD-100805,C-4233,North America,Affiliate,Consumer,Wearables,Aura Watch,1,329,0.03492700729927007,317.51,182.79,134.72,21.09,2023-06-02
2025-05-26,ORD-100806,C-4219,APAC,Email,SMB,Home,Beacon Lamp,2,192,0.08,353.28,288.66,64.62,21.82,2023-05-07
2025-05-26,ORD-100807,C-4557,North America,Email,Enterprise,Wearables,Aura Watch,7,329,0.03492700729927007,2222.56,1279.53,943.03,219.01,2024-03-14
2025-05-26,ORD-100808,C-4129,APAC,Organic,,Home,Vista Hub,1,214,0.09,194.74,151.52,43.22,0,2025-05-28
2025-05-26,ORD-100809,C-4560,EMEA,Organic,Enterprise,Wearables,Pulse Band,7,105,0,735,394.73,340.27,0,2025-02-17
2025-05-26,ORD-100810,C-4675,APAC,Social,Consumer,Wearables,Pulse Band,2,105,0.15,178.5,112.78,65.72,11.47,2023-09-22
2025-05-26,ORD-100811,C-4327,APAC,Affiliate,Enterprise,Home,Vista Hub,5,214,0.1,963,757.59,205.41,90.52,2025-08-27
2025-05-26,ORD-100812,C-4208,North America,Social,Enterprise,Wearables,Aura Watch,6,329,0.11492700729927008,1747.13,1096.74,650.39,167.23,2024-06-01
2025-05-26,ORD-100813,C-4434,APAC,Social,Consumer,Wearables,Pulse Band,2,105,0.03,203.7,112.78,90.92,22.02,2025-05-26
2025-05-27,ORD-100814,C-4240,APAC,Organic,SMB,Wearables,Pulse Band,1,105,0.12,92.4,56.39,36.01,0,2024-06-07
2025-05-27,ORD-100815,C-4573,APAC,Paid Search,Consumer,Audio,Halo Headset,2,125,0.009635036496350365,247.59,145.24,102.35,30.81,2024-11-20
2025-05-27,ORD-100816,C-4749,APAC,Email,Consumer,Home,Vista Hub,1,214,0,214,151.52,62.48,17.45,2023-12-08
2025-05-27,ORD-100817,C-4539,North America,Email,SMB,Audio,Halo Headset,3,125,0,375,217.87,157.13,39.51,2023-06-10
2025-05-27,ORD-100818,C-4505,North America,Social,SMB,Wearables,Pulse Band,2,105,0,210,112.78,97.22,14.41,2023-08-27
2025-05-27,ORD-100819,C-4380,North America,Organic,Enterprise,Accessories,Shield Case,5,204,0.03,989.4,689.45,299.95,0,2024-11-24
2025-05-27,ORD-100820,C-4580,APAC,Social,Enterprise,Accessories,Orbit Dock,8,208,0,1664,959.73,704.27,153.44,2025-01-12
2025-05-27,ORD-100821,C-4337,APAC,Organic,Consumer,Accessories,Orbit Dock,3,208,0,624,359.9,264.1,0,2025-08-17
2025-05-28,ORD-100822,C-4669,EMEA,Affiliate,SMB,Audio,Echo Buds,3,79,0,237,170.65,66.35,21.64,2024-04-24
2025-05-28,ORD-100823,C-4979,North America,Organic,Enterprise,Audio,Echo Buds,1,79,0,79,56.88,22.12,0,2024-12-16
2025-05-28,ORD-100824,C-4793,APAC,Organic,Consumer,Audio,Halo Headset,1,125,0,125,72.62,52.38,0,2024-07-08
2025-05-28,ORD-100825,C-4756,North America,Email,SMB,Home,Nest Sensor,1,64,0,64,34.28,29.72,5.24,2025-05-22
2025-05-28,ORD-100826,C-4621,North America,Organic,Consumer,Wearables,Nimbus Ring,2,245,0.03,475.3,357.64,117.66,0,2024-11-16
2025-05-28,ORD-100827,C-4990,EMEA,Paid Search,Enterprise,Home,Vista Hub,1,214,0.009744525547445254,211.91,151.52,60.39,26.41,2023-03-25
2025-05-28,ORD-100828,C-4351,North America,Email,SMB,Audio,Halo Headset,1,125,0.14,107.5,72.62,34.88,8.28,2023-05-23
2025-05-28,ORD-100829,C-4536,EMEA,Email,SMB,Accessories,Shield Case,1,204,0.01,201.96,137.89,64.07,13.33,2025-08-12
2025-05-28,ORD-100830,C-4183,APAC,Paid Search,SMB,Wearables,Aura Watch,3,329,0.04547445255474452,942.12,548.65,393.47,117.4,2024-08-17
2025-05-28,ORD-100831,C-4981,North America,Organic,Enterprise,Wearables,Nimbus Ring,6,245,0,1470,1072.92,397.08,0,2024-09-06
2025-05-28,ORD-100832,C-4287,APAC,Social,Consumer,Audio,Halo Headset,1,125,0,125,72.62,52.38,12.18,2024-05-09
2025-05-29,ORD-100833,C-4395,North America,Social,SMB,Home,Beacon Lamp,2,192,0,384,288.66,95.34,34.2,2025-04-26
2025-05-29,ORD-100834,C-4419,North America,Social,Enterprise,Audio,Echo Buds,6,79,0,474,341.29,132.71,47.82,2025-06-06
2025-05-29,ORD-100835,C-4571,North America,Paid Search,Consumer,Home,Nest Sensor,3,64,0.009854014598540146,190.11,102.83,87.28,23.72,2023-09-01
2025-05-29,ORD-100836,C-4225,EMEA,Email,Consumer,Wearables,Nimbus Ring,2,245,0.05,465.5,357.64,107.86,41.01,2025-01-03
2025-05-29,ORD-100837,C-4173,North America,Social,Consumer,Home,Beacon Lamp,2,192,0.01,380.16,288.66,91.5,31.01,2025-03-11
2025-05-29,ORD-100838,C-4644,APAC,Paid Search,SMB,Home,Vista Hub,1,214,0.07985401459854015,196.91,151.52,45.39,24.57,2025-02-09
2025-05-29,ORD-100839,C-4241,APAC,Paid Search,Consumer,Audio,Halo Headset,2,125,0.07985401459854015,230.04,145.24,84.8,28.7,2025-08-25
2025-05-30,ORD-100840,C-4686,EMEA,Social,Consumer,Wearables,Pulse Band,3,105,0,315,169.17,145.83,20.39,2025-06-03
2025-05-30,ORD-100841,C-4528,APAC,Social,Enterprise,Wearables,Pulse Band,4,105,0,420,225.56,194.44,42.89,2024-11-27
2025-05-30,ORD-100842,C-4417,North America,Paid Search,Consumer,Home,Beacon Lamp,1,192,0.009963503649635035,190.09,144.33,45.76,23.75,2025-08-24
2025-05-30,ORD-100843,C-4878,EMEA,Affiliate,SMB,Wearables,Nimbus Ring,1,245,0,245,178.82,66.18,22.46,2024-07-07
2025-05-30,ORD-100844,C-4261,EMEA,Social,SMB,Audio,Halo Headset,2,125,0,250,145.24,104.76,18.05,2023-04-21
2025-05-30,ORD-100845,C-4427,North America,Paid Search,Consumer,Wearables,Nimbus Ring,2,245,0.009963503649635035,485.12,357.64,127.48,60.61,2023-11-24
2025-05-30,ORD-100846,C-4514,EMEA,Social,Enterprise,Home,Nest Sensor,9,64,0.03,558.72,308.5,250.22,58.26,2024-08-30
2025-05-30,ORD-100847,C-4792,APAC,Email,Enterprise,Accessories,Flux Cable,2,93,0.03,180.42,114.19,66.23,12.8,2023-07-10
2025-05-31,ORD-100848,C-4130,APAC,Email,SMB,Accessories,Shield Case,1,204,0,204,137.89,66.11,17.93,2023-06-22
2025-05-31,ORD-100849,C-4265,APAC,Paid Search,SMB,Home,Beacon Lamp,2,192,0.010072992700729927,380.13,288.66,91.47,47.56,2023-01-08
2025-05-31,ORD-100850,C-4451,APAC,Organic,Consumer,Home,Beacon Lamp,1,192,0.09,174.72,144.33,30.39,0,2023-08-25
2025-05-31,ORD-100851,C-4152,North America,Social,SMB,Audio,Echo Buds,3,79,0,237,170.65,66.35,25.66,2023-04-20
2025-05-31,ORD-100852,C-4542,APAC,Social,Enterprise,Wearables,Pulse Band,9,105,0,945,507.51,437.49,66.53,2025-05-18
2025-05-31,ORD-100853,C-4958,EMEA,Organic,SMB,Home,Vista Hub,1,214,0.04,205.44,151.52,53.92,0,2024-07-05
2025-05-31,ORD-100854,C-4324,APAC,Social,Consumer,Wearables,Nimbus Ring,2,245,0,490,357.64,132.36,47.17,2024-02-16
2025-06-01,ORD-100855,C-4749,APAC,Paid Search,Consumer,Audio,Echo Buds,3,79,0.11018248175182482,210.89,170.65,40.24,26.42,2024-08-23
2025-06-01,ORD-100856,C-4863,EMEA,Social,SMB,Audio,Echo Buds,2,79,0.14,135.88,113.76,22.12,11.1,2025-08-31
2025-06-01,ORD-100857,C-4352,North America,Organic,Enterprise,Audio,Halo Headset,7,125,0.1,787.5,508.35,279.15,0,2025-03-14
2025-06-01,ORD-100858,C-4199,EMEA,Affiliate,SMB,Audio,Echo Buds,2,79,0.12,139.04,113.76,25.28,13.73,2025-03-16
2025-06-01,ORD-100859,C-4151,APAC,Paid Search,Consumer,Audio,Echo Buds,2,79,0.08018248175182482,145.33,113.76,31.57,18.21,2025-01-31
2025-06-01,ORD-100860,C-4214,North America,Affiliate,Enterprise,Wearables,Aura Watch,1,329,0.03733576642335766,316.72,183.07,133.65,34.65,2024-11-09
2025-06-01,ORD-100861,C-4883,North America,Paid Search,SMB,Wearables,Aura Watch,3,329,0.10751824817518248,880.88,549.2,331.68,110.35,2024-05-03
2025-06-01,ORD-100862,C-4696,APAC,Social,Consumer,Accessories,Orbit Dock,3,208,0,624,359.9,264.1,54.29,2023-09-25
2025-06-01,ORD-100863,C-4880,EMEA,Organic,Consumer,Wearables,Nimbus Ring,1,245,0.01,242.55,178.82,63.73,0,2023-09-24
2025-06-02,ORD-100864,C-4776,North America,Social,SMB,Accessories,Shield Case,1,204,0.11,181.56,137.89,43.67,17.24,2025-01-24
2025-06-02,ORD-100865,C-4751,North America,Affiliate,Enterprise,Home,Nest Sensor,7,64,0,448,239.95,208.05,30.98,2023-11-09
2025-06-02,ORD-100866,C-4831,APAC,Social,Enterprise,Accessories,Flux Cable,9,93,0,837,513.85,323.15,77.03,2025-06-16
2025-06-02,ORD-100867,C-4168,APAC,Email,Enterprise,Home,Nest Sensor,8,64,0,512,274.22,237.78,51.93,2025-03-23
2025-06-02,ORD-100868,C-4550,EMEA,Social,Enterprise,Accessories,Shield Case,4,204,0,816,551.56,264.44,83.77,2023-05-04
2025-06-02,ORD-100869,C-4287,APAC,Affiliate,Enterprise,Home,Vista Hub,6,214,0.15,1091.4,909.1,182.3,70.75,2024-03-07
2025-06-02,ORD-100870,C-4274,EMEA,Affiliate,SMB,Home,Beacon Lamp,1,192,0.05,182.4,144.33,38.07,15.32,2024-07-20
2025-06-02,ORD-100871,C-4294,North America,Organic,Enterprise,Accessories,Shield Case,6,204,0,1224,827.34,396.66,0,2024-12-08
2025-06-02,ORD-100872,C-4378,EMEA,Paid Search,SMB,Home,Vista Hub,2,214,0.09029197080291972,389.36,303.03,86.33,48.84,2023-10-12
2025-06-02,ORD-100873,C-4886,EMEA,Email,Enterprise,Audio,Echo Buds,7,79,0,553,398.17,154.83,50.96,2024-04-01
2025-06-03,ORD-100874,C-4883,APAC,Organic,SMB,Wearables,Pulse Band,1,105,0.13,91.35,56.39,34.96,0,2025-08-03
2025-06-03,ORD-100875,C-4759,APAC,Social,Consumer,Audio,Halo Headset,2,125,0.01,247.5,145.24,102.26,17.56,2023-11-16
2025-06-03,ORD-100876,C-4888,APAC,Affiliate,SMB,Home,Beacon Lamp,3,192,0,576,432.99,143.01,40.13,2024-11-06
2025-06-03,ORD-100877,C-4642,EMEA,Paid Search,Consumer,Wearables,Pulse Band,2,105,0.010401459854014599,207.82,112.78,95.04,26.1,2025-09-03
2025-06-03,ORD-100878,C-4560,North America,Affiliate,Enterprise,Accessories,Orbit Dock,5,208,0,1040,599.83,440.17,96.16,2023-10-22
2025-06-03,ORD-100879,C-4179,EMEA,Affiliate,SMB,Audio,Echo Buds,1,79,0,79,56.88,22.12,6.21,2025-04-14
2025-06-03,ORD-100880,C-4267,APAC,Organic,Consumer,Accessories,Orbit Dock,2,208,0,416,239.93,176.07,0,2023-01-20
2025-06-03,ORD-100881,C-4490,EMEA,Email,SMB,Home,Beacon Lamp,1,192,0,192,144.33,47.67,14.14,2024-11-14
2025-06-03,ORD-100882,C-4257,EMEA,Organic,SMB,Accessories,Orbit Dock,2,208,0.05,395.2,239.93,155.27,0,2023-09-26
2025-06-03,ORD-100883,C-4711,North America,Paid Search,Consumer,Home,Vista Hub,3,214,0.010401459854014599,635.32,454.55,180.77,79.8,2025-05-30
2025-06-03,ORD-100884,C-4120,APAC,Social,Enterprise,Wearables,Pulse Band,5,105,0.11,467.25,281.95,185.3,49.88,2024-09-27
2025-06-03,ORD-100885,C-4506,EMEA,Organic,Consumer,Audio,Echo Buds,2,79,0.08,145.36,113.76,31.6,0,2025-05-27
2025-06-03,ORD-100886,C-4394,North America,Paid Search,Enterprise,Wearables,Pulse Band,2,105,0.010401459854014599,207.82,112.78,95.04,26.1,2025-06-24
2025-06-03,ORD-100887,C-4614,EMEA,Paid Search,Enterprise,Accessories,Shield Case,2,204,0.040401459854014596,391.52,275.78,115.74,49.18,2024-12-02
2025-06-04,ORD-100888,C-4175,APAC,Email,SMB,Audio,Halo Headset,1,125,0,125,72.62,52.38,11.22,2023-11-24
2025-06-04,ORD-100889,C-4386,EMEA,Email,SMB,Home,Vista Hub,3,214,0.14,552.12,454.55,97.57,48.8,2025-01-18
2025-06-04,ORD-100890,C-4657,North America,Affiliate,SMB,Audio,Echo Buds,2,79,0,158,113.76,44.24,17.07,2024-04-06
2025-06-04,ORD-100891,C-4602,North America,Paid Search,Enterprise,Audio,Echo Buds,2,79,0.01051094890510949,156.34,113.76,42.58,19.66,2024-10-11
2025-06-04,ORD-100892,C-4824,APAC,Paid Search,SMB,Home,Nest Sensor,1,64,0.01051094890510949,63.33,34.28,29.05,7.96,2024-08-03
2025-06-04,ORD-100893,C-4879,EMEA,Affiliate,Consumer,Accessories,Shield Case,2,204,0.05,387.6,275.78,111.82,41.18,2023-06-04
2025-06-04,ORD-100894,C-4733,APAC,Email,Enterprise,Accessories,Orbit Dock,6,208,0.05,1185.6,719.8,465.8,129.51,2024-09-15
2025-06-04,ORD-100895,C-4619,APAC,Affiliate,Consumer,Accessories,Orbit Dock,3,208,0,624,359.9,264.1,53.85,2023-11-19
2025-06-04,ORD-100896,C-4134,APAC,Paid Search,Enterprise,Wearables,Pulse Band,4,105,0.01051094890510949,415.59,225.56,190.03,52.27,2024-04-11
2025-06-04,ORD-100897,C-4544,APAC,Paid Search,Enterprise,Accessories,Shield Case,9,204,0.10051094890510949,1651.46,1241.01,410.45,207.7,2025-05-25
2025-06-04,ORD-100898,C-4250,APAC,Email,Enterprise,Home,Vista Hub,4,214,0,856,606.07,249.93,65.96,2025-06-20
2025-06-04,ORD-100899,C-4675,North America,Organic,SMB,Wearables,Aura Watch,1,329,0.03854014598540146,316.32,183.21,133.11,0,2025-09-19
2025-06-04,ORD-100900,C-4450,APAC,Social,SMB,Wearables,Nimbus Ring,1,245,0.04,235.2,178.82,56.38,15.54,2025-02-02
2025-06-04,ORD-100901,C-4649,EMEA,Email,Consumer,Home,Vista Hub,2,214,0,428,303.03,124.97,34.21,2024-06-30
2025-06-04,ORD-100902,C-4858,EMEA,Social,Enterprise,Wearables,Pulse Band,4,105,0,420,225.56,194.44,29.33,2024-08-12
2025-06-04,ORD-100903,C-4546,North America,Organic,Consumer,Audio,Halo Headset,3,125,0,375,217.87,157.13,0,2025-08-29
2025-06-04,ORD-100904,C-4175,APAC,Social,SMB,Audio,Echo Buds,2,79,0.08,145.36,113.76,31.6,9.26,2024-04-20
2025-06-05,ORD-100905,C-4477,EMEA,Paid Search,Enterprise,Home,Vista Hub,2,214,0.01062043795620438,423.45,303.03,120.42,53.33,2024-05-15
2025-06-05,ORD-100906,C-4437,APAC,Social,Consumer,Wearables,Aura Watch,1,329,0.03894160583941606,316.19,183.25,132.94,24.06,2023-12-17
2025-06-05,ORD-100907,C-4922,North America,Paid Search,SMB,Wearables,Pulse Band,1,105,0.01062043795620438,103.88,56.39,47.49,13.08,2023-11-14
2025-06-05,ORD-100908,C-4348,North America,Affiliate,SMB,Wearables,Nimbus Ring,1,245,0,245,178.82,66.18,15.59,2024-01-24
2025-06-05,ORD-100909,C-4658,North America,Organic,SMB,Accessories,Shield Case,2,204,0.14,350.88,275.78,75.1,0,2025-08-28
2025-06-05,ORD-100910,C-4578,North America,Affiliate,SMB,Audio,Echo Buds,1,79,0,79,56.88,22.12,7.79,2025-03-03
2025-06-05,ORD-100911,C-4475,North America,Social,Enterprise,Home,Nest Sensor,3,64,0,192,102.83,89.17,13.87,2025-05-28
2025-06-05,ORD-100912,C-4850,EMEA,Organic,Enterprise,Wearables,Pulse Band,9,105,0,945,507.51,437.49,0,2023-01-17
2025-06-05,ORD-100913,C-4848,EMEA,Social,SMB,Accessories,Orbit Dock,2,208,0,416,239.93,176.07,26.46,2025-05-24
2025-06-05,ORD-100914,C-4813,North America,Email,SMB,Accessories,Orbit Dock,1,208,0.04,199.68,119.97,79.71,12.6,2024-02-28
2025-06-05,ORD-100915,C-4384,EMEA,Paid Search,Consumer,Audio,Halo Headset,1,125,0.07062043795620437,116.17,72.62,43.55,14.63,2023-10-24
2025-06-05,ORD-100916,C-4148,North America,Paid Search,Enterprise,Wearables,Aura Watch,6,329,0.049562043795620445,1876.16,1099.48,776.68,236.27,2023-08-07
2025-06-05,ORD-100917,C-4241,EMEA,Organic,SMB,Audio,Echo Buds,2,79,0,158,113.76,44.24,0,2024-06-05
2025-06-05,ORD-100918,C-4564,APAC,Social,SMB,Wearables,Aura Watch,3,329,0.03894160583941606,948.56,549.74,398.82,88.26,2025-02-06
2025-06-06,ORD-100919,C-4857,APAC,Paid Search,Consumer,Accessories,Shield Case,3,204,0.010729927007299269,605.43,413.67,191.76,76.34,2023-07-14
2025-06-06,ORD-100920,C-4892,North America,Organic,Consumer,Wearables,Nimbus Ring,1,245,0.04,235.2,178.82,56.38,0,2025-06-21
2025-06-06,ORD-100921,C-4497,North America,Social,Consumer,Home,Beacon Lamp,1,192,0,192,144.33,47.67,14.45,2023-09-12
2025-06-06,ORD-100922,C-4575,APAC,Affiliate,SMB,Home,Vista Hub,2,214,0.08,393.76,303.03,90.73,31.13,2023-06-28
2025-06-06,ORD-100923,C-4776,North America,Email,Consumer,Wearables,Nimbus Ring,2,245,0.06,460.6,357.64,102.96,47.22,2023-03-17
2025-06-06,ORD-100924,C-4205,North America,Social,Consumer,Accessories,Flux Cable,1,93,0.14,79.98,57.09,22.89,6.53,2025-08-06
2025-06-07,ORD-100925,C-4675,North America,Organic,Enterprise,Home,Vista Hub,8,214,0.06,1609.28,1212.14,397.14,0,2024-05-19
2025-06-07,ORD-100926,C-4505,APAC,Email,Consumer,Accessories,Shield Case,1,204,0.09,185.64,137.89,47.75,18.48,2022-12-31
2025-06-07,ORD-100927,C-4365,APAC,Email,SMB,Home,Beacon Lamp,3,192,0.11,512.64,432.99,79.65,49.72,2023-10-11
2025-06-07,ORD-100928,C-4605,APAC,Affiliate,Enterprise,Home,Vista Hub,6,214,0.02,1258.32,909.1,349.22,124.99,2024-07-10
2025-06-07,ORD-100929,C-4465,APAC,Affiliate,SMB,Wearables,Nimbus Ring,3,245,0.1,661.5,536.46,125.04,62.06,2023-05-21
2025-06-07,ORD-100930,C-4988,APAC,Email,Enterprise,Wearables,Pulse Band,1,105,0,105,56.39,48.61,8.3,2024-06-13
2025-06-07,ORD-100931,C-4907,EMEA,Social,Enterprise,Audio,Halo Headset,2,125,0,250,145.24,104.76,26.58,2023-08-18
2025-06-07,ORD-100932,C-4190,APAC,Email,Enterprise,Wearables,Nimbus Ring,1,245,0.06,230.3,178.82,51.48,24.73,2023-12-12
2025-06-07,ORD-100933,C-4688,APAC,Affiliate,Enterprise,Accessories,Orbit Dock,8,208,0.12,1464.32,959.73,504.59,154.55,2025-08-17
2025-06-07,ORD-100934,C-4434,EMEA,Email,Consumer,Wearables,Aura Watch,2,329,0.03974452554744526,631.85,366.68,265.17,40.41,2024-05-15
2025-06-07,ORD-100935,C-4173,North America,Affiliate,Enterprise,Audio,Echo Buds,5,79,0.01,391.05,284.41,106.64,24.89,2024-09-09
2025-06-07,ORD-100936,C-4121,APAC,Affiliate,Enterprise,Home,Nest Sensor,3,64,0.02,188.16,102.83,85.33,18.51,2025-07-08
2025-06-07,ORD-100937,C-4967,APAC,Affiliate,Enterprise,Accessories,Shield Case,2,204,0,408,275.78,132.22,41.22,2024-01-06
2025-06-07,ORD-100938,C-4513,APAC,Organic,SMB,Home,Beacon Lamp,2,192,0.05,364.8,288.66,76.14,0,2023-02-15
2025-06-08,ORD-100939,C-4529,APAC,Organic,Consumer,Home,Vista Hub,2,214,0,428,303.03,124.97,0,2023-09-24
2025-06-08,ORD-100940,C-4619,EMEA,Organic,SMB,Wearables,Pulse Band,3,105,0.13,274.05,169.17,104.88,0,2025-04-21
2025-06-08,ORD-100941,C-4746,North America,Social,Enterprise,Home,Vista Hub,4,214,0,856,606.07,249.93,52.82,2023-09-13
2025-06-08,ORD-100942,C-4569,EMEA,Social,SMB,Wearables,Pulse Band,2,105,0,210,112.78,97.22,13.39,2024-08-24
2025-06-08,ORD-100943,C-4303,North America,Social,SMB,Audio,Echo Buds,3,79,0,237,170.65,66.35,22.21,2023-11-16
2025-06-08,ORD-100944,C-4564,North America,Paid Search,SMB,Home,Beacon Lamp,3,192,0.01094890510948905,569.69,432.99,136.7,72.02,2025-06-11
2025-06-08,ORD-100945,C-4492,EMEA,Email,SMB,Home,Vista Hub,2,214,0.02,419.44,303.03,116.41,34,2025-01-12
2025-06-08,ORD-100946,C-4782,APAC,Social,Consumer,Wearables,Aura Watch,3,329,0.040145985401459854,947.38,550.15,397.23,97.08,2023-10-30
2025-06-08,ORD-100947,C-4895,North America,Social,SMB,Accessories,Orbit Dock,2,208,0.07,386.88,239.93,146.95,37.76,2024-11-19
2025-06-08,ORD-100948,C-4304,APAC,Organic,SMB,Home,Beacon Lamp,3,192,0.14,495.36,432.99,62.37,0,2025-01-27
2025-06-08,ORD-100949,C-4696,North America,Email,Consumer,Accessories,Shield Case,3,204,0.15,520.2,413.67,106.53,37.53,2025-04-12
2025-06-08,ORD-100950,C-4270,APAC,Affiliate,Enterprise,Audio,Echo Buds,5,79,0,395,284.41,110.59,39.29,2024-12-19
2025-06-09,ORD-100951,C-4251,APAC,Paid Search,SMB,Audio,Halo Headset,2,125,0.08105839416058394,229.74,145.24,84.5,29.08,2023-11-17
2025-06-09,ORD-100952,C-4161,North America,Social,SMB,Accessories,Orbit Dock,3,208,0.15,530.4,359.9,170.5,37.83,2024-02-28
2025-06-09,ORD-100953,C-4908,North America,Organic,Consumer,Home,Vista Hub,1,214,0.04,205.44,151.52,53.92,0,2024-02-17
2025-06-09,ORD-100954,C-4481,EMEA,Email,Consumer,Audio,Echo Buds,1,79,0,79,56.88,22.12,5.01,2025-02-04
2025-06-09,ORD-100955,C-4538,APAC,Email,Enterprise,Home,Beacon Lamp,5,192,0.01,950.4,721.65,228.75,65.69,2023-02-08
2025-06-09,ORD-100956,C-4481,APAC,Social,SMB,Wearables,Pulse Band,3,105,0.1,283.5,169.17,114.33,25.83,2024-05-25
2025-06-09,ORD-100957,C-4980,APAC,Paid Search,Enterprise,Audio,Echo Buds,4,79,0.12105839416058395,277.75,227.53,50.22,35.16,2024-01-16
2025-06-09,ORD-100958,C-4462,EMEA,Email,Enterprise,Accessories,Orbit Dock,4,208,0.12,732.16,479.87,252.29,54.13,2024-04-11
2025-06-09,ORD-100959,C-4757,North America,Paid Search,SMB,Accessories,Flux Cable,1,93,0.011058394160583941,91.97,57.09,34.88,11.64,2023-03-19
2025-06-09,ORD-100960,C-4639,APAC,Organic,Consumer,Home,Nest Sensor,1,64,0.11,56.96,34.28,22.68,0,2025-04-13
2025-06-09,ORD-100961,C-4336,APAC,Affiliate,SMB,Wearables,Nimbus Ring,3,245,0,735,536.46,198.54,78.05,2024-03-02
2025-06-09,ORD-100962,C-4562,APAC,Paid Search,SMB,Home,Nest Sensor,1,64,0.011058394160583941,63.29,34.28,29.01,8.01,2025-03-24
2025-06-09,ORD-100963,C-4477,EMEA,Affiliate,Consumer,Home,Nest Sensor,2,64,0.09,116.48,68.56,47.92,9.11,2024-02-20
2025-06-10,ORD-100964,C-4402,EMEA,Organic,Enterprise,Wearables,Pulse Band,2,105,0,210,112.78,97.22,0,2025-09-14
2025-06-10,ORD-100965,C-4311,EMEA,Organic,Enterprise,Home,Vista Hub,1,214,0,214,151.52,62.48,0,2024-05-27
2025-06-10,ORD-100966,C-4747,North America,Organic,SMB,Audio,Halo Headset,1,125,0,125,72.62,52.38,0,2025-01-16
2025-06-10,ORD-100967,C-4386,EMEA,Affiliate,Enterprise,Accessories,Orbit Dock,8,208,0,1664,959.73,704.27,104.38,2025-09-05
2025-06-10,ORD-100968,C-4319,EMEA,Paid Search,Consumer,Accessories,Flux Cable,2,93,0.01116788321167883,183.92,114.19,69.73,23.31,2023-07-12
2025-06-10,ORD-100969,C-4486,North America,Email,Enterprise,Home,Beacon Lamp,5,192,0.05,912,721.65,190.35,77.42,2025-09-09
2025-06-10,ORD-100970,C-4546,North America,Social,Consumer,Wearables,Aura Watch,1,329,0.04094890510948905,315.53,183.48,132.05,34.42,2023-06-29
2025-06-10,ORD-100971,C-4768,EMEA,Social,Enterprise,Accessories,Orbit Dock,5,208,0,1040,599.83,440.17,87.97,2023-07-09
2025-06-10,ORD-100972,C-4531,APAC,Affiliate,Consumer,Wearables,Nimbus Ring,1,245,0,245,178.82,66.18,21.27,2023-06-11
2025-06-10,ORD-100973,C-4472,EMEA,Social,Enterprise,Accessories,Shield Case,8,204,0,1632,1103.12,528.88,174.85,2023-12-24
2025-06-10,ORD-100974,C-4631,APAC,Social,Enterprise,Home,Nest Sensor,1,64,0,64,34.28,29.72,7.02,2023-05-27
2025-06-11,ORD-100975,C-4726,North America,Affiliate,SMB,Wearables,Pulse Band,1,105,0.05,99.75,56.39,43.36,8.72,2023-03-27
2025-06-11,ORD-100976,C-4247,EMEA,Social,SMB,Home,Nest Sensor,1,64,0,64,34.28,29.72,6.44,2023-01-13
2025-06-11,ORD-100977,C-4937,North America,Paid Search,Enterprise,Wearables,Nimbus Ring,8,245,0.011277372262773722,1937.9,1430.56,507.34,245.95,2023-03-05
2025-06-11,ORD-100978,C-4125,EMEA,Organic,SMB,Wearables,Pulse Band,2,105,0.07,195.3,112.78,82.52,0,2024-05-21
2025-06-11,ORD-100979,C-4863,EMEA,Social,Enterprise,Home,Beacon Lamp,2,192,0.01,380.16,288.66,91.5,39.81,2024-01-28
2025-06-11,ORD-100980,C-4226,North America,Affiliate,Consumer,Accessories,Shield Case,2,204,0,408,275.78,132.22,25.97,2024-08-11
2025-06-11,ORD-100981,C-4741,North America,Social,Consumer,Audio,Halo Headset,2,125,0.14,215,145.24,69.76,20.81,2023-12-22
2025-06-11,ORD-100982,C-4145,APAC,Paid Search,Consumer,Audio,Halo Headset,2,125,0.011277372262773722,247.18,145.24,101.94,31.37,2023-06-18
2025-06-11,ORD-100983,C-4185,North America,Social,Consumer,Home,Nest Sensor,3,64,0.06,180.48,102.83,77.65,16.44,2023-05-07
2025-06-11,ORD-100984,C-4211,North America,Affiliate,SMB,Home,Vista Hub,1,214,0,214,151.52,62.48,19.61,2024-06-29
2025-06-11,ORD-100985,C-4610,APAC,Email,Enterprise,Audio,Halo Headset,5,125,0,625,363.11,261.89,43.78,2024-12-14
2025-06-11,ORD-100986,C-4856,EMEA,Social,Consumer,Wearables,Aura Watch,1,329,0.041350364963503645,315.4,183.53,131.87,29.26,2024-08-01
2025-06-11,ORD-100987,C-4246,APAC,Organic,SMB,Accessories,Shield Case,1,204,0.1,183.6,137.89,45.71,0,2025-07-15
2025-06-12,ORD-100988,C-4756,EMEA,Social,SMB,Home,Beacon Lamp,2,192,0,384,288.66,95.34,40.69,2024-10-22
2025-06-12,ORD-100989,C-4705,APAC,Paid Search,Enterprise,Accessories,Shield Case,5,204,0.14138686131386863,875.79,689.45,186.34,111.3,2023-06-15
2025-06-12,ORD-100990,C-4157,APAC,Paid Search,SMB,Home,Nest Sensor,1,64,0.011386861313868612,63.27,34.28,28.99,8.04,2025-01-28
2025-06-12,ORD-100991,C-4603,EMEA,Affiliate,Enterprise,Accessories,Shield Case,2,204,0.13,354.96,275.78,79.18,34.59,2023-04-27
2025-06-12,ORD-100992,C-4750,North America,Organic,SMB,Home,Beacon Lamp,3,192,0,576,432.99,143.01,0,2024-08-18
2025-06-12,ORD-100993,C-4157,EMEA,Organic,Enterprise,Accessories,Shield Case,3,204,0,612,413.67,198.33,0,2023-03-28
2025-06-12,ORD-100994,C-4137,EMEA,Affiliate,SMB,Audio,Halo Headset,2,125,0.06,235,145.24,89.76,19.57,2023-06-25
2025-06-12,ORD-100995,C-4485,North America,Email,SMB,Home,Nest Sensor,2,64,0,128,68.56,59.44,12.18,2023-08-08
2025-06-12,ORD-100996,C-4764,APAC,Paid Search,SMB,Wearables,Pulse Band,2,105,0.06138686131386861,197.11,112.78,84.33,25.05,2024-08-08
2025-06-13,ORD-100997,C-4637,APAC,Organic,Enterprise,Wearables,Nimbus Ring,9,245,0.13,1918.35,1609.39,308.96,0,2023-04-07
2025-06-13,ORD-100998,C-4121,APAC,Organic,SMB,Wearables,Pulse Band,1,105,0,105,56.39,48.61,0,2023-06-25
2025-06-13,ORD-100999,C-4726,APAC,Organic,Consumer,Accessories,Shield Case,1,204,0,204,137.89,66.11,0,2024-03-26
2025-06-13,ORD-101000,C-4854,EMEA,Organic,SMB,Home,Vista Hub,1,214,0.13,186.18,151.52,34.66,0,2025-03-12
2025-06-13,ORD-101001,C-4903,EMEA,Email,Enterprise,Audio,Echo Buds,4,79,0,316,227.53,88.47,30.44,2024-03-24
2025-06-13,ORD-101002,C-4208,North America,Paid Search,Enterprise,Accessories,Shield Case,2,204,0.011496350364963503,403.31,275.78,127.53,51.32,2024-06-27
2025-06-13,ORD-101003,C-4178,North America,Organic,Consumer,Audio,Halo Headset,3,125,0,375,217.87,157.13,0,2025-06-16
2025-06-13,ORD-101004,C-4625,North America,Affiliate,SMB,Home,Vista Hub,3,214,0.14,552.12,454.55,97.57,55.07,2023-12-13
2025-06-14,ORD-101005,C-4538,North America,Paid Search,Consumer,Audio,Halo Headset,3,125,0.011605839416058394,370.65,217.87,152.78,47.22,2024-01-31
2025-06-14,ORD-101006,C-4636,North America,Organic,Enterprise,Wearables,Aura Watch,5,329,0.07255474452554744,1525.65,918.29,607.36,0,2024-04-03
2025-06-14,ORD-101007,C-4394,North America,Affiliate,SMB,Accessories,Orbit Dock,2,208,0.06,391.04,239.93,151.11,36.18,2023-01-29
2025-06-15,ORD-101008,C-4242,North America,Email,SMB,Audio,Echo Buds,2,79,0,158,113.76,44.24,11.47,2025-03-21
2025-06-15,ORD-101009,C-4910,North America,Email,Enterprise,Home,Vista Hub,2,214,0.11,380.92,303.03,77.89,37.31,2023-06-08
2025-06-15,ORD-101010,C-4985,EMEA,Social,,Audio,Echo Buds,2,79,0.01,156.42,113.76,42.66,15.59,2023-02-04
2025-06-15,ORD-101011,C-4406,EMEA,Paid Search,Consumer,Wearables,Pulse Band,3,105,0.011715328467153285,311.31,169.17,142.14,39.71,2025-04-16
2025-06-15,ORD-101012,C-4363,North America,Organic,Enterprise,Accessories,Flux Cable,4,93,0.05,353.4,228.38,125.02,0,2025-02-18
2025-06-15,ORD-101013,C-4864,EMEA,Paid Search,SMB,Wearables,Nimbus Ring,2,245,0.1417153284671533,420.56,357.64,62.92,53.65,2023-09-05
2025-06-15,ORD-101014,C-4869,EMEA,Affiliate,Enterprise,Accessories,Orbit Dock,9,208,0,1872,1079.7,792.3,125.66,2025-09-08
2025-06-15,ORD-101015,C-4516,EMEA,Affiliate,Enterprise,Accessories,Shield Case,9,204,0.06,1725.84,1241.01,484.83,140.1,2024-06-18
2025-06-15,ORD-101016,C-4313,APAC,Email,Enterprise,Home,Vista Hub,7,214,0.03,1453.06,1060.62,392.44,93.79,2023-09-06
2025-06-15,ORD-101017,C-4965,APAC,Paid Search,Consumer,Wearables,Nimbus Ring,2,245,0.011715328467153285,484.26,357.64,126.62,61.78,2023-05-23
2025-06-15,ORD-101018,C-4766,EMEA,Organic,Enterprise,Home,Vista Hub,9,214,0,1926,1363.66,562.34,0,2023-02-27
2025-06-15,ORD-101019,C-4706,EMEA,Organic,Consumer,Accessories,Flux Cable,1,93,0.04,89.28,57.09,32.19,0,2025-05-02
2025-06-15,ORD-101020,C-4165,EMEA,Email,SMB,Home,Beacon Lamp,3,192,0.03,558.72,432.99,125.73,43.11,2024-04-11
2025-06-15,ORD-101021,C-4860,APAC,Paid Search,Consumer,Audio,Echo Buds,2,79,0.1417153284671533,135.61,113.76,21.85,17.3,2024-02-11
2025-06-15,ORD-101022,C-4481,North America,Social,Enterprise,Accessories,Flux Cable,3,93,0,279,171.28,107.72,30.5,2024-04-22
2025-06-15,ORD-101023,C-4887,EMEA,Social,Consumer,Home,Vista Hub,1,214,0.11,190.46,151.52,38.94,17.53,2023-05-29
2025-06-15,ORD-101024,C-4440,North America,Paid Search,Consumer,Wearables,Nimbus Ring,3,245,0.011715328467153285,726.39,536.46,189.93,92.67,2025-07-10
2025-06-16,ORD-101025,C-4908,North America,Organic,Consumer,Accessories,Flux Cable,3,93,0,279,171.28,107.72,0,2025-08-25
2025-06-16,ORD-101026,C-4116,APAC,Organic,Consumer,Home,Beacon Lamp,2,192,0,384,288.66,95.34,0,2024-04-06
2025-06-16,ORD-101027,C-4909,EMEA,Email,Enterprise,Home,Beacon Lamp,1,192,0,192,144.33,47.67,12.29,2023-09-14
2025-06-16,ORD-101028,C-4508,EMEA,Organic,Enterprise,Audio,Echo Buds,9,79,0.14,611.46,511.94,99.52,0,2025-03-26
2025-06-16,ORD-101029,C-4129,EMEA,Email,Enterprise,Audio,Echo Buds,2,79,0,158,113.76,44.24,12.28,2023-05-23
2025-06-16,ORD-101030,C-4393,EMEA,Email,Consumer,Audio,Halo Headset,1,125,0.08,115,72.62,42.38,12.27,2023-07-01
2025-06-16,ORD-101031,C-4544,North America,Organic,SMB,Home,Vista Hub,1,214,0.08,196.88,151.52,45.36,0,2023-06-04
2025-06-16,ORD-101032,C-4274,APAC,Organic,Enterprise,Audio,Halo Headset,2,125,0,250,145.24,104.76,0,2025-02-06
2025-06-16,ORD-101033,C-4996,EMEA,Paid Search,Enterprise,Accessories,Shield Case,4,204,0.12182481751824817,716.59,551.56,165.03,91.54,2025-06-05
2025-06-16,ORD-101034,C-4488,EMEA,Email,Consumer,Accessories,Shield Case,1,204,0.09,185.64,137.89,47.75,16.96,2024-04-25
2025-06-16,ORD-101035,C-4327,North America,Email,Enterprise,Accessories,Orbit Dock,8,208,0.12,1464.32,959.73,504.59,140.97,2024-09-18
2025-06-16,ORD-101036,C-4982,North America,Email,Enterprise,Wearables,Pulse Band,7,105,0.15,624.75,394.73,230.02,46.23,2025-07-20
2025-06-16,ORD-101037,C-4612,APAC,Email,Consumer,Audio,Echo Buds,1,79,0,79,56.88,22.12,7.01,2023-04-05
2025-06-16,ORD-101038,C-4233,North America,Organic,SMB,Home,Vista Hub,3,214,0,642,454.55,187.45,0,2024-10-28
2025-06-16,ORD-101039,C-4608,EMEA,Organic,SMB,Home,Vista Hub,3,214,0,642,454.55,187.45,0,2024-04-11
2025-06-17,ORD-101040,C-4233,North America,Affiliate,SMB,Audio,Echo Buds,2,79,0,158,113.76,44.24,13.21,2025-02-20
2025-06-17,ORD-101041,C-4822,EMEA,Email,Enterprise,Home,Beacon Lamp,1,192,0,192,144.33,47.67,20.82,2025-04-28
2025-06-17,ORD-101042,C-4319,North America,Organic,SMB,Home,Nest Sensor,1,64,0,64,34.28,29.72,0,2024-11-27
2025-06-17,ORD-101043,C-4582,APAC,Organic,Enterprise,Audio,Echo Buds,8,79,0,632,455.05,176.95,0,2023-05-17
2025-06-17,ORD-101044,C-4709,APAC,Social,SMB,Home,Beacon Lamp,2,192,0.11,341.76,288.66,53.1,23.81,2023-11-09
2025-06-17,ORD-101045,C-4864,North America,Social,Consumer,Accessories,Shield Case,1,204,0.07,189.72,137.89,51.83,12.79,2024-06-23
2025-06-17,ORD-101046,C-4639,North America,Paid Search,Consumer,Home,Beacon Lamp,3,192,0.011934306569343066,569.13,432.99,136.14,72.79,2024-07-27
2025-06-17,ORD-101047,C-4106,EMEA,Email,SMB,Accessories,Flux Cable,1,93,0,93,57.09,35.91,9,2023-01-18
2025-06-17,ORD-101048,C-4712,EMEA,Organic,Consumer,Accessories,Flux Cable,3,93,0,279,171.28,107.72,0,2023-07-04
2025-06-17,ORD-101049,C-4495,APAC,Organic,Consumer,Wearables,Aura Watch,3,329,0.14375912408759126,845.11,551.39,293.72,0,2022-12-31
2025-06-17,ORD-101050,C-4389,EMEA,Email,Enterprise,Accessories,Shield Case,9,204,0,1836,1241.01,594.99,110.76,2024-04-12
2025-06-17,ORD-101051,C-4888,EMEA,Paid Search,SMB,Home,Vista Hub,2,214,0.011934306569343066,422.89,303.03,119.86,54.09,2025-01-20
2025-06-17,ORD-101052,C-4839,North America,Organic,Enterprise,Home,Nest Sensor,3,64,0,192,102.83,89.17,0,2024-12-07
2025-06-18,ORD-101053,C-4845,North America,Social,SMB,Accessories,Flux Cable,2,93,0.02,182.28,114.19,68.09,19.8,2024-09-06
2025-06-18,ORD-101054,C-4380,North America,Paid Search,Consumer,Wearables,Nimbus Ring,1,245,0.12204379562043796,215.1,178.82,36.28,27.55,2023-05-23
2025-06-18,ORD-101055,C-4664,North America,Social,Consumer,Home,Vista Hub,3,214,0,642,454.55,187.45,56.33,2024-10-20
2025-06-18,ORD-101056,C-4543,North America,Email,Consumer,Home,Beacon Lamp,1,192,0.07,178.56,144.33,34.23,17.15,2025-01-07
2025-06-18,ORD-101057,C-4959,EMEA,Social,Enterprise,Audio,Halo Headset,1,125,0.1,112.5,72.62,39.88,8.73,2024-09-15
2025-06-18,ORD-101058,C-4236,North America,Affiliate,Enterprise,Home,Vista Hub,9,214,0.08,1771.92,1363.66,408.26,124.21,2024-03-02
2025-06-18,ORD-101059,C-4238,APAC,Email,Enterprise,Wearables,Nimbus Ring,1,245,0.01,242.55,178.82,63.73,26.19,2024-07-31
2025-06-18,ORD-101060,C-4193,EMEA,Paid Search,Enterprise,Accessories,Flux Cable,4,93,0.14204379562043795,319.16,228.38,90.78,40.87,2023-12-13
2025-06-18,ORD-101061,C-4690,EMEA,Organic,Enterprise,Accessories,Shield Case,9,204,0,1836,1241.01,594.99,0,2023-08-10
2025-06-18,ORD-101062,C-4170,North America,Organic,SMB,Wearables,Aura Watch,3,329,0.18416058394160584,805.23,551.53,253.7,0,2023-08-23
2025-06-18,ORD-101063,C-4210,North America,Organic,SMB,Audio,Halo Headset,3,125,0.03,363.75,217.87,145.88,0,2025-09-03
2025-06-18,ORD-101064,C-4216,EMEA,Social,SMB,Accessories,Flux Cable,3,93,0,279,171.28,107.72,20.26,2023-02-16
2025-06-18,ORD-101065,C-4510,North America,Organic,Consumer,Home,Vista Hub,3,214,0.11,571.38,454.55,116.83,0,2024-03-29
2025-06-18,ORD-101066,C-4518,North America,Organic,SMB,Wearables,Aura Watch,3,329,0.04416058394160584,943.41,551.53,391.88,0,2023-05-08
2025-06-18,ORD-101067,C-4777,North America,Social,Consumer,Home,Beacon Lamp,2,192,0.12,337.92,288.66,49.26,25.21,2025-08-19
2025-06-18,ORD-101068,C-4205,EMEA,Social,SMB,Audio,Echo Buds,3,79,0.08,218.04,170.65,47.39,14.06,2025-04-22
2025-06-18,ORD-101069,C-4210,North America,Affiliate,Enterprise,Wearables,Aura Watch,8,329,0.04416058394160584,2515.77,1470.72,1045.05,270.99,2024-06-02
2025-06-19,ORD-101070,C-4653,APAC,Email,SMB,Wearables,Nimbus Ring,3,245,0.02,720.3,536.46,183.84,67,2024-02-24
2025-06-19,ORD-101071,C-4468,APAC,Organic,Consumer,Home,Nest Sensor,3,64,0.11,170.88,102.83,68.05,0,2023-10-20
2025-06-19,ORD-101072,C-4179,APAC,Email,Consumer,Home,Nest Sensor,3,64,0,192,102.83,89.17,16.25,2023-08-07
2025-06-19,ORD-101073,C-4706,North America,Social,Consumer,Home,Nest Sensor,2,64,0,128,68.56,59.44,8.42,2024-10-15
2025-06-19,ORD-101074,C-4892,North America,Affiliate,Consumer,Audio,Halo Headset,2,125,0.07,232.5,145.24,87.26,18.71,2023-12-16
2025-06-19,ORD-101075,C-4112,EMEA,Social,Enterprise,Wearables,Nimbus Ring,8,245,0,1960,1430.56,529.44,130.57,2023-02-09
2025-06-19,ORD-101076,C-4242,EMEA,Organic,Consumer,Accessories,Shield Case,3,204,0.04,587.52,413.67,173.85,0,2023-10-26
2025-06-19,ORD-101077,C-4574,EMEA,Social,Consumer,Wearables,Pulse Band,2,105,0,210,112.78,97.22,17.97,2025-09-20
2025-06-19,ORD-101078,C-4710,EMEA,Affiliate,Consumer,Home,Nest Sensor,2,64,0,128,68.56,59.44,8.38,2023-10-23
2025-06-19,ORD-101079,C-4108,EMEA,Email,SMB,Home,Nest Sensor,2,64,0.04,122.88,68.56,54.32,8.54,2025-09-06
2025-06-19,ORD-101080,C-4959,APAC,Social,Consumer,Home,Vista Hub,1,214,0,214,151.52,62.48,21.51,2025-05-17
2025-06-19,ORD-101081,C-4361,North America,Paid Search,SMB,Home,Vista Hub,3,214,0.07215328467153284,595.68,454.55,141.13,76.38,2023-10-17
2025-06-19,ORD-101082,C-4272,APAC,Email,Consumer,Accessories,Orbit Dock,2,208,0,416,239.93,176.07,42.7,2024-07-02
2025-06-19,ORD-101083,C-4808,EMEA,Email,Consumer,Wearables,Pulse Band,3,105,0.1,283.5,169.17,114.33,25.16,2025-09-10
2025-06-20,ORD-101084,C-4632,APAC,Social,Consumer,Accessories,Flux Cable,1,93,0,93,57.09,35.91,7.15,2023-12-27
2025-06-20,ORD-101085,C-4579,North America,Social,SMB,Accessories,Orbit Dock,2,208,0,416,239.93,176.07,25.94,2025-08-07
2025-06-20,ORD-101086,C-4253,EMEA,Email,Enterprise,Wearables,Nimbus Ring,1,245,0.1,220.5,178.82,41.68,22.56,2025-04-23
2025-06-20,ORD-101087,C-4339,APAC,Email,Consumer,Home,Nest Sensor,2,64,0.08,117.76,68.56,49.2,9.32,2025-07-11
2025-06-20,ORD-101088,C-4287,EMEA,Paid Search,Consumer,Accessories,Orbit Dock,2,208,0.04226277372262774,398.42,239.93,158.49,51.15,2025-01-17
2025-06-20,ORD-101089,C-4381,APAC,Paid Search,SMB,Audio,Echo Buds,2,79,0.06226277372262774,148.16,113.76,34.4,19.02,2025-02-06
2025-06-20,ORD-101090,C-4603,EMEA,Paid Search,Consumer,Audio,Halo Headset,3,125,0.012262773722627737,370.4,217.87,152.53,47.56,2024-03-03
2025-06-20,ORD-101091,C-4917,EMEA,Social,SMB,Accessories,Flux Cable,1,93,0,93,57.09,35.91,5.89,2025-07-19
2025-06-20,ORD-101092,C-4824,APAC,Social,Enterprise,Accessories,Flux Cable,9,93,0.09,761.67,513.85,247.82,61.82,2023-11-20
2025-06-20,ORD-101093,C-4610,EMEA,Email,Enterprise,Audio,Echo Buds,6,79,0,474,341.29,132.71,43.93,2024-07-07
2025-06-21,ORD-101094,C-4424,North America,Paid Search,Consumer,Home,Nest Sensor,1,64,0.012372262773722628,63.21,34.28,28.93,8.13,2024-10-05
2025-06-21,ORD-101095,C-4497,EMEA,Social,Enterprise,Accessories,Shield Case,5,204,0.15,867,689.45,177.55,57.83,2024-11-29
2025-06-21,ORD-101096,C-4755,EMEA,Paid Search,Enterprise,Accessories,Shield Case,3,204,0.012372262773722628,604.43,413.67,190.76,77.7,2024-07-12
2025-06-21,ORD-101097,C-4598,North America,Email,Enterprise,Home,Beacon Lamp,4,192,0,768,577.32,190.68,61.48,2023-12-23
2025-06-21,ORD-101098,C-4384,North America,Paid Search,Enterprise,Accessories,Shield Case,2,204,0.07237226277372262,378.47,275.78,102.69,48.66,2023-03-29
2025-06-21,ORD-101099,C-4295,EMEA,Affiliate,SMB,Accessories,Orbit Dock,1,208,0,208,119.97,88.03,17.53,2024-01-05
2025-06-21,ORD-101100,C-4674,EMEA,Social,Consumer,Accessories,Orbit Dock,3,208,0,624,359.9,264.1,44.27,2023-11-20
2025-06-21,ORD-101101,C-4952,EMEA,Affiliate,Enterprise,Accessories,Orbit Dock,6,208,0,1248,719.8,528.2,130.37,2023-03-25
2025-06-21,ORD-101102,C-4394,EMEA,Social,Consumer,Wearables,Aura Watch,3,329,0.13536496350364963,853.39,551.94,301.45,89.27,2024-12-01
2025-06-21,ORD-101103,C-4436,EMEA,Social,Consumer,Audio,Echo Buds,2,79,0.01,156.42,113.76,42.66,10.86,2025-07-04
2025-06-21,ORD-101104,C-4574,EMEA,Organic,Consumer,Home,Beacon Lamp,3,192,0,576,432.99,143.01,0,2023-02-26
2025-06-22,ORD-101105,C-4157,APAC,Social,SMB,Audio,Halo Headset,3,125,0,375,217.87,157.13,40.36,2023-08-06
2025-06-22,ORD-101106,C-4291,EMEA,Social,SMB,Home,Nest Sensor,1,64,0,64,34.28,29.72,4.08,2024-10-16
2025-06-22,ORD-101107,C-4260,EMEA,Paid Search,SMB,Wearables,Nimbus Ring,2,245,0.07248175182481752,454.48,357.64,96.84,58.5,2024-08-11
2025-06-22,ORD-101108,C-4767,APAC,Social,Consumer,Accessories,Flux Cable,1,93,0.14,79.98,57.09,22.89,7.39,2023-05-28
2025-06-22,ORD-101109,C-4878,North America,Affiliate,Consumer,Accessories,Shield Case,1,204,0.1,183.6,137.89,45.71,12.55,2024-04-26
2025-06-22,ORD-101110,C-4778,EMEA,Affiliate,Enterprise,Home,Nest Sensor,8,64,0.08,471.04,274.22,196.82,32.36,2025-05-10
2025-06-22,ORD-101111,C-4894,EMEA,Organic,Enterprise,Audio,Halo Headset,2,125,0.13,217.5,145.24,72.26,0,2024-08-16
2025-06-22,ORD-101112,C-4760,APAC,Affiliate,Enterprise,Home,Nest Sensor,8,64,0,512,274.22,237.78,40.53,2024-07-10
2025-06-22,ORD-101113,C-4956,EMEA,Affiliate,SMB,Wearables,Aura Watch,2,329,0.14576642335766424,562.09,368.05,194.04,40.09,2024-04-10
2025-06-22,ORD-101114,C-4965,EMEA,Paid Search,SMB,Accessories,Flux Cable,3,93,0.04248175182481752,267.15,171.28,95.87,34.39,2024-11-27
2025-06-22,ORD-101115,C-4834,EMEA,Paid Search,SMB,Home,Beacon Lamp,2,192,0.012481751824817517,379.21,288.66,90.55,48.81,2024-08-08
2025-06-22,ORD-101116,C-4713,North America,Social,Consumer,Home,Beacon Lamp,3,192,0,576,432.99,143.01,55.32,2025-02-19
2025-06-23,ORD-101117,C-4565,EMEA,Email,Consumer,Accessories,Flux Cable,3,93,0.02,273.42,171.28,102.14,25.61,2025-01-21
2025-06-23,ORD-101118,C-4308,APAC,Paid Search,Consumer,Wearables,Aura Watch,3,329,0.08875912408759123,899.39,552.21,347.18,115.92,2024-12-29
2025-06-23,ORD-101119,C-4806,North America,Email,Enterprise,Audio,Halo Headset,3,125,0.05,356.25,217.87,138.38,25.08,2023-03-07
2025-06-23,ORD-101120,C-4973,APAC,Email,Enterprise,Accessories,Orbit Dock,4,208,0,832,479.87,352.13,64.78,2023-11-16
2025-06-23,ORD-101121,C-4262,APAC,Social,Enterprise,Accessories,Shield Case,2,204,0,408,275.78,132.22,30.61,2024-08-17
2025-06-23,ORD-101122,C-4583,APAC,Organic,Enterprise,Accessories,Shield Case,1,204,0,204,137.89,66.11,0,2023-08-05
2025-06-23,ORD-101123,C-4748,EMEA,Affiliate,Enterprise,Accessories,Orbit Dock,6,208,0,1248,719.8,528.2,97.62,2023-05-17
2025-06-23,ORD-101124,C-4314,APAC,Social,Enterprise,Accessories,Orbit Dock,8,208,0.04,1597.44,959.73,637.71,104.4,2025-09-17
2025-06-23,ORD-101125,C-4776,North America,Email,Consumer,Home,Nest Sensor,1,64,0,64,34.28,29.72,6.26,2023-06-04
2025-06-23,ORD-101126,C-4948,EMEA,Email,Enterprise,Accessories,Shield Case,3,204,0,612,413.67,198.33,43.19,2025-02-11
2025-06-23,ORD-101127,C-4744,EMEA,Organic,SMB,Wearables,Pulse Band,1,105,0,105,56.39,48.61,0,2023-10-05
2025-06-23,ORD-101128,C-4437,APAC,Paid Search,SMB,Wearables,Pulse Band,2,105,0.06259124087591242,196.86,112.78,84.08,25.37,2024-07-10
2025-06-23,ORD-101129,C-4327,APAC,Paid Search,Consumer,Accessories,Flux Cable,1,93,0.032591240875912406,89.97,57.09,32.88,11.6,2024-07-07
2025-06-23,ORD-101130,C-4347,North America,Paid Search,SMB,Wearables,Nimbus Ring,1,245,0.012591240875912409,241.92,178.82,63.1,31.18,2025-01-07
2025-06-23,ORD-101131,C-4362,North America,Social,Consumer,Wearables,Aura Watch,1,329,0.09616788321167884,297.36,184.07,113.29,25.4,2023-12-15
2025-06-24,ORD-101132,C-4603,APAC,Social,SMB,Home,Beacon Lamp,3,192,0,576,432.99,143.01,36.48,2023-09-26
2025-06-24,ORD-101133,C-4577,EMEA,Affiliate,Consumer,Audio,Echo Buds,1,79,0.02,77.42,56.88,20.54,7.55,2023-04-24
2025-06-24,ORD-101134,C-4670,North America,Email,Consumer,Wearables,Nimbus Ring,1,245,0.06,230.3,178.82,51.48,20.4,2024-07-18
2025-06-24,ORD-101135,C-4113,North America,Email,SMB,Audio,Echo Buds,2,79,0,158,113.76,44.24,14.03,2023-10-21
2025-06-24,ORD-101136,C-4843,APAC,Paid Search,Enterprise,Audio,Halo Headset,8,125,0.012700729927007298,987.3,580.98,406.32,127.41,2023-07-25
2025-06-24,ORD-101137,C-4126,APAC,Paid Search,Consumer,Wearables,Pulse Band,1,105,0.0627007299270073,98.42,56.39,42.03,12.7,2024-11-12
2025-06-24,ORD-101138,C-4945,North America,Email,SMB,Home,Beacon Lamp,2,192,0.03,372.48,288.66,83.82,34.83,2023-08-24
2025-06-24,ORD-101139,C-4775,North America,Organic,SMB,Wearables,Nimbus Ring,1,245,0,245,178.82,66.18,0,2023-04-20
2025-06-24,ORD-101140,C-4620,EMEA,Affiliate,SMB,Audio,Echo Buds,1,79,0.01,78.21,56.88,21.33,6.73,2023-08-28
2025-06-24,ORD-101141,C-4872,APAC,Email,Consumer,Accessories,Flux Cable,1,93,0,93,57.09,35.91,6.07,2025-03-16
2025-06-24,ORD-101142,C-4436,EMEA,Organic,Consumer,Wearables,Pulse Band,3,105,0,315,169.17,145.83,0,2025-08-01
2025-06-24,ORD-101143,C-4147,North America,Paid Search,Enterprise,Accessories,Flux Cable,7,93,0.0927007299270073,590.65,399.66,190.99,76.22,2023-09-26
2025-06-24,ORD-101144,C-4659,North America,Social,Enterprise,Wearables,Nimbus Ring,5,245,0,1225,894.1,330.9,74.8,2023-10-26
2025-06-24,ORD-101145,C-4212,North America,Organic,SMB,Wearables,Nimbus Ring,1,245,0,245,178.82,66.18,0,2024-06-02
2025-06-25,ORD-101146,C-4433,EMEA,Organic,Enterprise,Accessories,Orbit Dock,6,208,0.02,1223.04,719.8,503.24,0,2025-04-09
2025-06-25,ORD-101147,C-4739,APAC,Email,Enterprise,Accessories,Flux Cable,1,93,0.04,89.28,57.09,32.19,7.71,2024-07-01
2025-06-25,ORD-101148,C-4482,APAC,Social,Consumer,Wearables,Pulse Band,3,105,0,315,169.17,145.83,22.45,2025-07-01
2025-06-25,ORD-101149,C-4621,APAC,Organic,Enterprise,Accessories,Shield Case,3,204,0,612,413.67,198.33,0,2023-12-01
2025-06-25,ORD-101150,C-4331,APAC,Social,Consumer,Accessories,Shield Case,1,204,0.07,189.72,137.89,51.83,17.55,2023-05-12
2025-06-25,ORD-101151,C-4884,APAC,Affiliate,Enterprise,Audio,Echo Buds,4,79,0,316,227.53,88.47,21.4,2024-04-12
2025-06-25,ORD-101152,C-4786,EMEA,Organic,Consumer,Accessories,Shield Case,1,204,0,204,137.89,66.11,0,2023-06-03
2025-06-25,ORD-101153,C-4313,APAC,Paid Search,Consumer,Wearables,Nimbus Ring,1,245,0.01281021897810219,241.86,178.82,63.04,31.25,2025-08-21
2025-06-25,ORD-101154,C-4695,EMEA,Affiliate,SMB,Wearables,Aura Watch,1,329,0.046970802919708024,313.55,184.17,129.38,26.37,2023-02-16
2025-06-25,ORD-101155,C-4524,EMEA,Affiliate,Consumer,Home,Vista Hub,1,214,0,214,151.52,62.48,19.2,2024-02-15
2025-06-25,ORD-101156,C-4996,EMEA,Affiliate,Consumer,Home,Vista Hub,3,214,0,642,454.55,187.45,70.59,2023-06-30
2025-06-25,ORD-101157,C-4113,North America,Affiliate,Enterprise,Audio,Halo Headset,8,125,0,1000,580.98,419.02,63.03,2024-03-17
2025-06-25,ORD-101158,C-4648,North America,Organic,Enterprise,Accessories,Shield Case,5,204,0.03,989.4,689.45,299.95,0,2023-08-02
2025-06-25,ORD-101159,C-4838,North America,Email,Enterprise,Audio,Echo Buds,3,79,0.07,220.41,170.65,49.76,21.15,2024-01-29
2025-06-25,ORD-101160,C-4207,EMEA,Organic,Enterprise,Audio,Halo Headset,5,125,0,625,363.11,261.89,0,2023-08-23
2025-06-25,ORD-101161,C-4831,North America,Email,Enterprise,Wearables,Pulse Band,7,105,0,735,394.73,340.27,59.72,2024-06-27
2025-06-25,ORD-101162,C-4439,APAC,Paid Search,Consumer,Wearables,Nimbus Ring,2,245,0.01281021897810219,483.72,357.64,126.08,62.5,2024-10-01
2025-06-25,ORD-101163,C-4243,EMEA,Affiliate,Enterprise,Wearables,Aura Watch,1,329,0.046970802919708024,313.55,184.17,129.38,27.13,2023-07-29
2025-06-26,ORD-101164,C-4299,EMEA,Email,SMB,Audio,Halo Headset,3,125,0.02,367.5,217.87,149.63,35.09,2023-11-22
2025-06-26,ORD-101165,C-4459,EMEA,Email,SMB,Audio,Echo Buds,3,79,0,237,170.65,66.35,19.14,2024-12-11
2025-06-26,ORD-101166,C-4278,EMEA,Social,Consumer,Wearables,Pulse Band,3,105,0,315,169.17,145.83,30.35,2024-12-05
2025-06-26,ORD-101167,C-4635,APAC,Affiliate,Consumer,Accessories,Shield Case,1,204,0.06,191.76,137.89,53.87,20.22,2024-01-24
2025-06-26,ORD-101168,C-4262,APAC,Social,SMB,Accessories,Orbit Dock,3,208,0.14,536.64,359.9,176.74,53.79,2024-10-29
2025-06-26,ORD-101169,C-4550,EMEA,Paid Search,Enterprise,Accessories,Shield Case,4,204,0.012919708029197079,805.46,551.56,253.9,104.21,2023-08-05
2025-06-26,ORD-101170,C-4455,North America,Paid Search,SMB,Wearables,Nimbus Ring,2,245,0.012919708029197079,483.67,357.64,126.03,62.58,2025-09-01
2025-06-26,ORD-101171,C-4979,EMEA,Organic,SMB,Home,Beacon Lamp,3,192,0.12,506.88,432.99,73.89,0,2024-04-22
2025-06-26,ORD-101172,C-4177,EMEA,Organic,SMB,Audio,Echo Buds,1,79,0,79,56.88,22.12,0,2024-04-10
2025-06-26,ORD-101173,C-4787,EMEA,Paid Search,Consumer,Wearables,Aura Watch,1,329,0.0602919708029197,309.16,184.21,124.95,40,2025-03-06
2025-06-26,ORD-101174,C-4384,North America,Email,Enterprise,Accessories,Shield Case,7,204,0,1428,965.23,462.77,130.58,2024-06-03
2025-06-27,ORD-101175,C-4498,EMEA,Affiliate,Enterprise,Accessories,Shield Case,2,204,0.1,367.2,275.78,91.42,25.85,2024-08-06
2025-06-27,ORD-101176,C-4430,APAC,Affiliate,SMB,Wearables,Aura Watch,1,329,0.04777372262773723,313.28,184.26,129.02,30.95,2023-02-21
2025-06-27,ORD-101177,C-4881,EMEA,Paid Search,Consumer,Wearables,Aura Watch,3,329,0.0608029197080292,926.99,552.76,374.23,120.09,2024-06-11
2025-06-27,ORD-101178,C-4898,North America,Email,Consumer,Home,Beacon Lamp,3,192,0.01,570.24,432.99,137.25,60.03,2024-09-27
2025-06-27,ORD-101179,C-4529,EMEA,Social,Consumer,Wearables,Pulse Band,2,105,0.01,207.9,112.78,95.12,21.53,2023-06-20
2025-06-27,ORD-101180,C-4161,North America,Paid Search,Enterprise,Home,Beacon Lamp,1,192,0.10302919708029197,172.22,144.33,27.89,22.31,2023-12-13
2025-06-27,ORD-101181,C-4514,North America,Email,Enterprise,Wearables,Aura Watch,1,329,0.04777372262773723,313.28,184.26,129.02,25.73,2025-08-08
2025-06-28,ORD-101182,C-4164,APAC,Email,Enterprise,Wearables,Aura Watch,3,329,0.11817518248175184,870.36,552.9,317.46,65.85,2024-12-03
2025-06-28,ORD-101183,C-4239,EMEA,Social,Enterprise,Audio,Echo Buds,8,79,0.06,594.08,455.05,139.03,57.87,2024-09-15
2025-06-28,ORD-101184,C-4746,APAC,Social,Enterprise,Wearables,Pulse Band,1,105,0,105,56.39,48.61,9.75,2024-02-08
2025-06-28,ORD-101185,C-4113,EMEA,Email,Enterprise,Wearables,Aura Watch,3,329,0.11817518248175184,870.36,552.9,317.46,60.16,2023-02-16
2025-06-28,ORD-101186,C-4745,EMEA,Affiliate,Enterprise,Wearables,Nimbus Ring,3,245,0.08,676.2,536.46,139.74,61.99,2023-06-15
2025-06-28,ORD-101187,C-4838,EMEA,Email,Enterprise,Audio,Halo Headset,8,125,0,1000,580.98,419.02,66.54,2023-12-04
2025-06-29,ORD-101188,C-4218,EMEA,Affiliate,SMB,Home,Beacon Lamp,2,192,0,384,288.66,95.34,39.47,2023-10-27
2025-06-29,ORD-101189,C-4523,APAC,Affiliate,SMB,Wearables,Pulse Band,1,105,0,105,56.39,48.61,9.85,2025-07-06
2025-06-29,ORD-101190,C-4354,North America,Social,SMB,Accessories,Shield Case,2,204,0,408,275.78,132.22,36.27,2024-03-22
2025-06-29,ORD-101191,C-4776,APAC,Paid Search,Enterprise,Audio,Echo Buds,9,79,0.12324817518248175,623.37,511.94,111.43,80.96,2024-03-27
2025-06-29,ORD-101192,C-4928,North America,Paid Search,SMB,Home,Nest Sensor,3,64,0.013248175182481751,189.46,102.83,86.63,24.61,2024-12-28
2025-06-29,ORD-101193,C-4549,EMEA,Email,Enterprise,Wearables,Aura Watch,5,329,0.15857664233576643,1384.14,921.72,462.42,111.19,2024-08-28
2025-06-29,ORD-101194,C-4153,APAC,Affiliate,Consumer,Accessories,Flux Cable,1,93,0.1,83.7,57.09,26.61,8.5,2024-12-29
2025-06-29,ORD-101195,C-4450,APAC,Social,SMB,Home,Vista Hub,2,214,0,428,303.03,124.97,43.75,2024-12-23
2025-06-29,ORD-101196,C-4169,North America,Social,SMB,Audio,Halo Headset,1,125,0,125,72.62,52.38,11.55,2024-08-28
2025-06-29,ORD-101197,C-4272,North America,Social,Enterprise,Accessories,Flux Cable,3,93,0,279,171.28,107.72,29.41,2023-12-21
2025-06-30,ORD-101198,C-4469,EMEA,Social,Enterprise,Home,Vista Hub,5,214,0,1070,757.59,312.41,107.24,2024-12-28
2025-06-30,ORD-101199,C-4518,North America,Social,Enterprise,Wearables,Pulse Band,5,105,0,525,281.95,243.05,45,2025-08-04
2025-06-30,ORD-101200,C-4633,EMEA,Paid Search,Consumer,Wearables,Nimbus Ring,1,245,0.013357664233576642,241.73,178.82,62.91,31.43,2025-01-27
2025-06-30,ORD-101201,C-4333,North America,Paid Search,Consumer,Accessories,Shield Case,2,204,0.013357664233576642,402.55,275.78,126.77,52.35,2024-09-03
2025-06-30,ORD-101202,C-4605,EMEA,Organic,Consumer,Home,Beacon Lamp,1,192,0,192,144.33,47.67,0,2023-04-05
2025-06-30,ORD-101203,C-4746,EMEA,Organic,SMB,Wearables,Nimbus Ring,3,245,0,735,536.46,198.54,0,2024-06-30
2025-06-30,ORD-101204,C-4570,North America,Email,SMB,Audio,Halo Headset,2,125,0.14,215,145.24,69.76,17.26,2025-05-25
2025-06-30,ORD-101205,C-4778,EMEA,Paid Search,Enterprise,Accessories,Flux Cable,1,93,0.013357664233576642,91.76,57.09,34.67,11.93,2025-04-06
2025-06-30,ORD-101206,C-4520,APAC,Email,Enterprise,Accessories,Shield Case,8,204,0.06,1534.08,1103.12,430.96,96.09,2023-12-09
2025-06-30,ORD-101207,C-4769,APAC,Social,Enterprise,Audio,Echo Buds,1,79,0,79,56.88,22.12,7.68,2023-03-28
2025-06-30,ORD-101208,C-4301,EMEA,Organic,Consumer,Home,Vista Hub,1,214,0,214,151.52,62.48,0,2024-06-02
2025-07-01,ORD-101209,C-4183,North America,Organic,,Audio,Halo Headset,3,125,0.04,360,217.87,142.13,0,2024-01-11
2025-07-01,ORD-101210,C-4983,EMEA,Email,SMB,Home,Vista Hub,1,214,0,214,151.52,62.48,14.29,2024-04-04
2025-07-01,ORD-101211,C-4132,APAC,Email,Consumer,Wearables,Aura Watch,1,329,0.16937956204379562,273.27,184.44,88.83,28.82,2024-01-05
2025-07-01,ORD-101212,C-4308,APAC,Paid Search,Consumer,Home,Beacon Lamp,3,192,0.013467153284671532,568.24,432.99,135.25,73.99,2023-07-09
2025-07-01,ORD-101213,C-4876,APAC,Paid Search,Consumer,Wearables,Aura Watch,3,329,0.12284671532846715,865.75,553.31,312.44,112.72,2024-03-13
2025-07-01,ORD-101214,C-4719,North America,Organic,Consumer,Audio,Echo Buds,2,79,0,158,113.76,44.24,0,2023-08-04
2025-07-01,ORD-101215,C-4298,APAC,Social,SMB,Home,Nest Sensor,1,64,0,64,34.28,29.72,5.91,2024-07-07
2025-07-01,ORD-101216,C-4603,APAC,Email,SMB,Accessories,Flux Cable,2,93,0.09,169.26,114.19,55.07,15.9,2024-05-09
2025-07-01,ORD-101217,C-4817,North America,Organic,Enterprise,Accessories,Shield Case,3,204,0,612,413.67,198.33,0,2025-08-01
2025-07-01,ORD-101218,C-4590,APAC,Paid Search,Enterprise,Audio,Echo Buds,1,79,0.013467153284671532,77.94,56.88,21.06,10.15,2023-02-08
2025-07-01,ORD-101219,C-4189,North America,Social,Consumer,Wearables,Aura Watch,2,329,0.10937956204379562,586.03,368.87,217.16,62.72,2024-01-07
2025-07-02,ORD-101220,C-4845,North America,Email,Enterprise,Home,Vista Hub,6,214,0,1284,909.1,374.9,82.72,2023-06-09
2025-07-02,ORD-101221,C-4654,APAC,Paid Search,Consumer,Wearables,Nimbus Ring,1,245,0.013576642335766423,241.67,178.82,62.85,31.51,2025-01-17
2025-07-02,ORD-101222,C-4852,North America,Organic,SMB,Audio,Halo Headset,2,125,0,250,145.24,104.76,0,2024-11-16
2025-07-02,ORD-101223,C-4448,EMEA,Organic,Enterprise,Home,Beacon Lamp,3,192,0.14,495.36,432.99,62.37,0,2023-01-17
2025-07-02,ORD-101224,C-4867,EMEA,Email,Consumer,Accessories,Orbit Dock,1,208,0.15,176.8,119.97,56.83,14.41,2025-08-26
2025-07-02,ORD-101225,C-4890,North America,Affiliate,Enterprise,Accessories,Orbit Dock,3,208,0.04,599.04,359.9,239.14,46.95,2024-11-17
2025-07-02,ORD-101226,C-4474,EMEA,Email,Enterprise,Home,Beacon Lamp,6,192,0.11,1025.28,865.98,159.3,93.91,2024-02-20
2025-07-02,ORD-101227,C-4307,EMEA,Email,Enterprise,Accessories,Orbit Dock,1,208,0.04,199.68,119.97,79.71,20.04,2024-04-30
2025-07-02,ORD-101228,C-4840,APAC,Affiliate,SMB,Wearables,Nimbus Ring,1,245,0,245,178.82,66.18,16.74,2023-09-21
2025-07-02,ORD-101229,C-4800,APAC,Paid Search,Enterprise,Audio,Halo Headset,6,125,0.013576642335766423,739.82,435.73,304.09,96.45,2023-01-18
2025-07-02,ORD-101230,C-4691,North America,Affiliate,Consumer,Wearables,Pulse Band,1,105,0.13,91.35,56.39,34.96,9.47,2023-08-23
2025-07-02,ORD-101231,C-4438,APAC,Paid Search,Consumer,Audio,Echo Buds,3,79,0.05357664233576642,224.3,170.65,53.65,29.24,2024-02-16
2025-07-02,ORD-101232,C-4899,APAC,Email,Enterprise,Home,Vista Hub,4,214,0.15,727.6,606.07,121.53,50.15,2023-05-05
2025-07-02,ORD-101233,C-4186,North America,Paid Search,SMB,Accessories,Shield Case,1,204,0.09357664233576643,184.91,137.89,47.02,24.11,2023-02-15
2025-07-02,ORD-101234,C-4773,North America,Organic,Consumer,Accessories,Orbit Dock,3,208,0,624,359.9,264.1,0,2025-02-06
2025-07-02,ORD-101235,C-4776,EMEA,Affiliate,Consumer,Accessories,Flux Cable,1,93,0,93,57.09,35.91,6.31,2024-09-28
2025-07-02,ORD-101236,C-4513,APAC,Social,Consumer,Wearables,Aura Watch,2,329,0.04978102189781022,625.24,368.96,256.28,42.81,2025-03-05
2025-07-03,ORD-101237,C-4244,APAC,Affiliate,Enterprise,Audio,Halo Headset,9,125,0.11,1001.25,653.6,347.65,109.72,2025-06-01
2025-07-03,ORD-101238,C-4447,EMEA,Organic,Consumer,Accessories,Flux Cable,1,93,0,93,57.09,35.91,0,2024-01-08
2025-07-03,ORD-101239,C-4903,North America,Affiliate,SMB,Accessories,Flux Cable,3,93,0,279,171.28,107.72,28.39,2024-11-01
2025-07-03,ORD-101240,C-4966,North America,Organic,SMB,Audio,Halo Headset,3,125,0,375,217.87,157.13,0,2023-12-03
2025-07-03,ORD-101241,C-4486,EMEA,Social,Enterprise,Home,Vista Hub,5,214,0.03,1037.9,757.59,280.31,68.4,2023-04-08
2025-07-03,ORD-101242,C-4607,EMEA,Affiliate,Consumer,Audio,Halo Headset,2,125,0,250,145.24,104.76,24.1,2024-05-15
2025-07-03,ORD-101243,C-4167,North America,Social,SMB,Home,Nest Sensor,3,64,0.12,168.96,102.83,66.13,11.14,2024-06-12
2025-07-03,ORD-101244,C-4832,North America,Affiliate,Consumer,Home,Vista Hub,2,214,0.09,389.48,303.03,86.45,41.53,2025-05-20
2025-07-03,ORD-101245,C-4246,North America,Organic,Enterprise,Home,Vista Hub,2,214,0,428,303.03,124.97,0,2025-06-09
2025-07-03,ORD-101246,C-4227,APAC,Affiliate,SMB,Audio,Echo Buds,3,79,0,237,170.65,66.35,18.54,2025-07-21
2025-07-03,ORD-101247,C-4286,APAC,Organic,SMB,Accessories,Orbit Dock,1,208,0,208,119.97,88.03,0,2023-07-24
2025-07-03,ORD-101248,C-4769,APAC,Paid Search,Consumer,Accessories,Orbit Dock,2,208,0.013686131386861313,410.31,239.93,170.38,53.56,2023-03-12
2025-07-03,ORD-101249,C-4668,North America,Email,Enterprise,Wearables,Aura Watch,3,329,0.08018248175182482,907.86,553.58,354.28,77.08,2024-07-26
2025-07-04,ORD-101250,C-4145,APAC,Paid Search,Consumer,Accessories,Orbit Dock,2,208,0.1437956204379562,356.18,239.93,116.25,46.55,2023-02-04
2025-07-04,ORD-101251,C-4695,EMEA,Social,SMB,Wearables,Aura Watch,3,329,0.1905839416058394,798.89,553.72,245.17,61.21,2025-03-10
2025-07-04,ORD-101252,C-4951,North America,Affiliate,Enterprise,Audio,Halo Headset,2,125,0,250,145.24,104.76,17.89,2025-08-30
2025-07-04,ORD-101253,C-4583,APAC,Paid Search,Consumer,Accessories,Orbit Dock,1,208,0.013795620437956204,205.13,119.97,85.16,26.81,2023-08-20
2025-07-04,ORD-101254,C-4113,APAC,Organic,SMB,Accessories,Shield Case,2,204,0,408,275.78,132.22,0,2024-06-24
2025-07-04,ORD-101255,C-4208,APAC,Social,Enterprise,Accessories,Orbit Dock,5,208,0,1040,599.83,440.17,111.15,2024-02-11
2025-07-04,ORD-101256,C-4631,APAC,Affiliate,Consumer,Home,Vista Hub,3,214,0.08,590.64,454.55,136.09,41.59,2024-09-04
2025-07-04,ORD-101257,C-4115,North America,Email,Enterprise,Accessories,Orbit Dock,5,208,0.08,956.8,599.83,356.97,100.67,2023-05-31
2025-07-04,ORD-101258,C-4808,APAC,Social,Enterprise,Home,Nest Sensor,3,64,0.1,172.8,102.83,69.97,15.55,2025-08-21
2025-07-04,ORD-101259,C-4244,EMEA,Email,Consumer,Home,Beacon Lamp,1,192,0.13,167.04,144.33,22.71,17.04,2024-07-28
2025-07-04,ORD-101260,C-4222,APAC,Organic,SMB,Wearables,Pulse Band,3,105,0,315,169.17,145.83,0,2024-03-21
2025-07-04,ORD-101261,C-4484,EMEA,Affiliate,Enterprise,Accessories,Orbit Dock,6,208,0,1248,719.8,528.2,109.64,2025-05-15
2025-07-05,ORD-101262,C-4576,APAC,Email,Consumer,Accessories,Flux Cable,1,93,0,93,57.09,35.91,9.78,2024-04-07
2025-07-05,ORD-101263,C-4152,EMEA,Email,Consumer,Accessories,Orbit Dock,2,208,0.03,403.52,239.93,163.59,32.85,2023-03-04
2025-07-05,ORD-101264,C-4753,EMEA,Email,Consumer,Audio,Halo Headset,2,125,0.14,215,145.24,69.76,21.16,2023-08-10
2025-07-05,ORD-101265,C-4558,APAC,Paid Search,SMB,Audio,Echo Buds,3,79,0.07390510948905109,219.48,170.65,48.83,28.72,2024-03-16
2025-07-05,ORD-101266,C-4764,EMEA,Organic,Enterprise,Wearables,Pulse Band,4,105,0,420,225.56,194.44,0,2025-06-10
2025-07-05,ORD-101267,C-4519,North America,Email,Consumer,Audio,Halo Headset,3,125,0.07,348.75,217.87,130.88,36.78,2024-10-21
2025-07-05,ORD-101268,C-4259,North America,Affiliate,Enterprise,Wearables,Aura Watch,2,329,0.050985401459854016,624.45,369.23,255.22,58.83,2025-06-14
2025-07-05,ORD-101269,C-4369,EMEA,Organic,Enterprise,Home,Nest Sensor,2,64,0.05,121.6,68.56,53.04,0,2025-06-16
2025-07-05,ORD-101270,C-4783,EMEA,Organic,SMB,Wearables,Nimbus Ring,1,245,0.14,210.7,178.82,31.88,0,2024-03-15
2025-07-05,ORD-101271,C-4699,APAC,Organic,SMB,Home,Nest Sensor,3,64,0.05,182.4,102.83,79.57,0,2025-03-03
2025-07-05,ORD-101272,C-4670,APAC,Organic,SMB,Accessories,Flux Cable,1,93,0,93,57.09,35.91,0,2024-01-27
2025-07-05,ORD-101273,C-4674,North America,Paid Search,Consumer,Accessories,Shield Case,3,204,0.013905109489051094,603.49,413.67,189.82,78.97,2025-04-02
2025-07-05,ORD-101274,C-4358,APAC,Organic,Enterprise,Accessories,Flux Cable,3,93,0,279,171.28,107.72,0,2025-04-26
2025-07-06,ORD-101275,C-4567,North America,Organic,Consumer,Home,Nest Sensor,3,64,0.06,180.48,102.83,77.65,0,2023-05-09
2025-07-06,ORD-101276,C-4872,APAC,Social,Enterprise,Home,Nest Sensor,3,64,0.12,168.96,102.83,66.13,14.34,2025-08-28
2025-07-06,ORD-101277,C-4547,North America,Affiliate,Consumer,Home,Beacon Lamp,2,192,0.14,330.24,288.66,41.58,21.05,2025-08-29
2025-07-06,ORD-101278,C-4897,EMEA,Email,Consumer,Audio,Echo Buds,1,79,0,79,56.88,22.12,6.18,2023-12-01
2025-07-06,ORD-101279,C-4571,APAC,Email,Consumer,Accessories,Shield Case,3,204,0.04,587.52,413.67,173.85,61.25,2023-06-03
2025-07-06,ORD-101280,C-4908,APAC,Email,SMB,Audio,Halo Headset,1,125,0.06,117.5,72.62,44.88,7.56,2023-04-12
2025-07-06,ORD-101281,C-4144,EMEA,Paid Search,Consumer,Home,Beacon Lamp,1,192,0.014014598540145985,189.31,144.33,44.98,24.8,2023-09-06
2025-07-06,ORD-101282,C-4851,EMEA,Social,Consumer,Home,Nest Sensor,2,64,0,128,68.56,59.44,12.91,2023-10-01
2025-07-06,ORD-101283,C-4564,North America,Social,Enterprise,Accessories,Orbit Dock,6,208,0,1248,719.8,528.2,75.41,2023-11-26
2025-07-06,ORD-101284,C-4925,EMEA,Email,Consumer,Wearables,Nimbus Ring,1,245,0,245,178.82,66.18,24.02,2025-06-28
2025-07-07,ORD-101285,C-4738,EMEA,Affiliate,Consumer,Wearables,Nimbus Ring,3,245,0,735,536.46,198.54,76.74,2023-10-11
2025-07-07,ORD-101286,C-4370,APAC,Email,Consumer,Accessories,Shield Case,2,204,0,408,275.78,132.22,33.75,2024-08-31
2025-07-07,ORD-101287,C-4338,North America,Organic,SMB,Audio,Halo Headset,2,125,0.08,230,145.24,84.76,0,2024-07-27
2025-07-07,ORD-101288,C-4961,North America,Social,Consumer,Wearables,Pulse Band,2,105,0.05,199.5,112.78,86.72,20.45,2023-02-22
2025-07-07,ORD-101289,C-4589,APAC,Paid Search,SMB,Audio,Halo Headset,1,125,0.07412408759124087,115.73,72.62,43.11,15.18,2023-05-26
2025-07-07,ORD-101290,C-4806,North America,Paid Search,SMB,Accessories,Orbit Dock,3,208,0.13412408759124086,540.31,359.9,180.41,70.88,2024-07-15
2025-07-07,ORD-101291,C-4501,APAC,Organic,SMB,Accessories,Orbit Dock,3,208,0.04,599.04,359.9,239.14,0,2023-01-19
2025-07-07,ORD-101292,C-4716,EMEA,Email,Consumer,Wearables,Aura Watch,2,329,0.05178832116788321,623.92,369.42,254.5,38.17,2025-06-24
2025-07-07,ORD-101293,C-4256,EMEA,Email,Enterprise,Audio,Echo Buds,7,79,0,553,398.17,154.83,34.07,2024-12-20
2025-07-07,ORD-101294,C-4764,APAC,Paid Search,SMB,Accessories,Shield Case,2,204,0.12412408759124087,357.36,275.78,81.58,46.88,2024-07-30
2025-07-07,ORD-101295,C-4246,EMEA,Email,Enterprise,Wearables,Aura Watch,2,329,0.13178832116788322,571.28,369.42,201.86,38.31,2025-06-06
2025-07-07,ORD-101296,C-4553,EMEA,Affiliate,Enterprise,Audio,Halo Headset,7,125,0.11,778.75,508.35,270.4,70.92,2024-10-26
2025-07-07,ORD-101297,C-4763,APAC,Social,Consumer,Accessories,Shield Case,1,204,0.1,183.6,137.89,45.71,12.64,2023-03-21
2025-07-08,ORD-101298,C-4102,North America,Organic,SMB,Accessories,Orbit Dock,1,208,0.1,187.2,119.97,67.23,0,2024-05-29
2025-07-08,ORD-101299,C-4568,North America,Social,Consumer,Wearables,Pulse Band,3,105,0,315,169.17,145.83,19.67,2025-07-09
2025-07-08,ORD-101300,C-4413,APAC,Social,Enterprise,Audio,Echo Buds,5,79,0.09,359.45,284.41,75.04,29.15,2023-03-26
2025-07-08,ORD-101301,C-4671,EMEA,Social,Consumer,Audio,Halo Headset,1,125,0,125,72.62,52.38,7.73,2025-08-03
2025-07-08,ORD-101302,C-4614,EMEA,Email,Enterprise,Wearables,Pulse Band,2,105,0,210,112.78,97.22,17.57,2023-11-05
2025-07-08,ORD-101303,C-4353,EMEA,Social,Enterprise,Wearables,Aura Watch,7,329,0.1621897810218978,1929.48,1293.28,636.2,178.74,2023-09-01
2025-07-08,ORD-101304,C-4477,EMEA,Email,SMB,Audio,Halo Headset,2,125,0,250,145.24,104.76,27.43,2024-12-11
2025-07-08,ORD-101305,C-4626,APAC,Social,Enterprise,Home,Beacon Lamp,9,192,0,1728,1298.98,429.02,130.45,2025-03-28
2025-07-08,ORD-101306,C-4113,EMEA,Affiliate,Consumer,Wearables,Aura Watch,1,329,0.05218978102189781,311.83,184.76,127.07,,2025-09-10
2025-07-08,ORD-101307,C-4143,APAC,Affiliate,SMB,Home,Beacon Lamp,1,192,0,192,144.33,47.67,17.67,2023-09-06
2025-07-08,ORD-101308,C-4795,North America,Social,SMB,Accessories,Shield Case,2,204,0.11,363.12,275.78,87.34,22.12,2023-08-31
2025-07-08,ORD-101309,C-4533,EMEA,Affiliate,SMB,Home,Nest Sensor,3,64,0,192,102.83,89.17,17.99,2025-05-08
2025-07-09,ORD-101310,C-4349,North America,Affiliate,Enterprise,Audio,Halo Headset,7,125,0.08,805,508.35,296.65,71.7,2023-06-03
2025-07-09,ORD-101311,C-4168,EMEA,Organic,SMB,Audio,Halo Headset,3,125,0.14,322.5,217.87,104.63,0,2024-08-02
2025-07-09,ORD-101312,C-4604,North America,Organic,Enterprise,Wearables,Pulse Band,4,105,0.13,365.4,225.56,139.84,0,2023-01-24
2025-07-09,ORD-101313,C-4998,APAC,Paid Search,Consumer,Home,Beacon Lamp,3,192,0.014343065693430657,567.74,432.99,134.75,74.67,2023-08-02
2025-07-09,ORD-101314,C-4533,APAC,Affiliate,SMB,Accessories,Flux Cable,1,93,0,93,57.09,35.91,6.75,2023-04-07
2025-07-09,ORD-101315,C-4363,North America,Email,Consumer,Wearables,Pulse Band,3,105,0,315,169.17,145.83,20.21,2023-01-29
2025-07-09,ORD-101316,C-4771,APAC,Social,Enterprise,Wearables,Nimbus Ring,9,245,0.02,2160.9,1609.39,551.51,228.91,2025-08-19
2025-07-09,ORD-101317,C-4164,APAC,Paid Search,SMB,Accessories,Flux Cable,3,93,0.15434306569343068,235.94,171.28,64.66,31.03,2024-02-29
2025-07-09,ORD-101318,C-4454,APAC,Paid Search,Enterprise,Wearables,Aura Watch,4,329,0.17693430656934309,1083.15,739.2,343.95,142.45,2023-05-09
2025-07-09,ORD-101319,C-4147,APAC,Email,SMB,Wearables,Nimbus Ring,3,245,0.11,654.15,536.46,117.69,55.65,2023-01-12
2025-07-09,ORD-101320,C-4850,North America,Email,SMB,Wearables,Aura Watch,1,329,0.05259124087591241,311.7,184.8,126.9,20.07,2025-04-07
2025-07-10,ORD-101321,C-4278,EMEA,Affiliate,Enterprise,Accessories,Orbit Dock,7,208,0.02,1426.88,839.77,587.11,95.59,2024-08-20
2025-07-10,ORD-101322,C-4378,EMEA,Social,SMB,Audio,Echo Buds,2,79,0.11,140.62,113.76,26.86,8.74,2025-04-08
2025-07-10,ORD-101323,C-4613,North America,Social,SMB,Audio,Echo Buds,2,79,0.02,154.84,113.76,41.08,16.14,2023-12-09
2025-07-10,ORD-101324,C-4741,EMEA,Affiliate,Enterprise,Home,Nest Sensor,8,64,0,512,274.22,237.78,37.77,2023-04-24
2025-07-10,ORD-101325,C-4872,North America,Social,Consumer,Audio,Halo Headset,1,125,0,125,72.62,52.38,9.24,2025-06-30
2025-07-10,ORD-101326,C-4180,APAC,Organic,Enterprise,Wearables,Nimbus Ring,2,245,0,490,357.64,132.36,0,2023-02-20
2025-07-10,ORD-101327,C-4496,North America,Email,Consumer,Wearables,Aura Watch,2,329,0.11299270072992701,583.65,369.69,213.96,40.49,2024-09-12
2025-07-10,ORD-101328,C-4332,EMEA,Paid Search,Consumer,Wearables,Aura Watch,1,329,0.06744525547445256,306.81,184.85,121.96,40.4,2023-07-07
2025-07-10,ORD-101329,C-4931,APAC,Email,SMB,Wearables,Pulse Band,3,105,0.03,305.55,169.17,136.38,22.28,2025-04-04
2025-07-10,ORD-101330,C-4886,EMEA,Social,Enterprise,Accessories,Shield Case,6,204,0.08,1126.08,827.34,298.74,69.3,2023-01-11
2025-07-11,ORD-101331,C-4574,North America,Affiliate,Enterprise,Home,Nest Sensor,9,64,0,576,308.5,267.5,55.39,2025-03-18
2025-07-11,ORD-101332,C-4701,North America,Email,Enterprise,Home,Nest Sensor,3,64,0,192,102.83,89.17,20.94,2024-05-12
2025-07-11,ORD-101333,C-4668,APAC,Email,SMB,Accessories,Shield Case,2,204,0.08,375.36,275.78,99.58,38.46,2024-06-14
2025-07-11,ORD-101334,C-4929,APAC,Affiliate,SMB,Wearables,Aura Watch,2,329,0.053394160583941606,622.87,369.78,253.09,50.91,2025-05-14
2025-07-11,ORD-101335,C-4833,North America,Social,SMB,Home,Beacon Lamp,1,192,0,192,144.33,47.67,19.87,2024-03-31
2025-07-11,ORD-101336,C-4285,APAC,Affiliate,Consumer,Home,Nest Sensor,3,64,0,192,102.83,89.17,15.51,2024-04-14
2025-07-11,ORD-101337,C-4349,North America,Paid Search,Enterprise,Home,Nest Sensor,9,64,0.014562043795620438,567.61,308.5,259.11,74.84,2023-08-02
2025-07-11,ORD-101338,C-4515,APAC,Affiliate,Enterprise,Wearables,Pulse Band,1,105,0,105,56.39,48.61,6.44,2024-10-18
2025-07-11,ORD-101339,C-4227,APAC,Organic,Consumer,Home,Beacon Lamp,1,192,0,192,144.33,47.67,0,2024-11-06
2025-07-11,ORD-101340,C-4533,APAC,Social,Enterprise,Audio,Echo Buds,6,79,0.02,464.52,341.29,123.23,37.17,2025-07-13
2025-07-12,ORD-101341,C-4293,North America,Affiliate,Enterprise,Home,Vista Hub,5,214,0.1,963,757.59,205.41,81.98,2024-11-21
2025-07-12,ORD-101342,C-4804,APAC,Email,Enterprise,Audio,Echo Buds,3,79,0.02,232.26,170.65,61.61,18.35,2025-04-07
2025-07-12,ORD-101343,C-4801,EMEA,Organic,Consumer,Audio,Halo Headset,3,125,0.06,352.5,217.87,134.63,0,2023-07-11
2025-07-12,ORD-101344,C-4702,North America,Affiliate,Enterprise,Home,Nest Sensor,2,64,0.13,111.36,68.56,42.8,11.04,2024-09-18
2025-07-12,ORD-101345,C-4754,APAC,Social,Enterprise,Home,Nest Sensor,4,64,0,256,137.11,118.89,20.14,2024-07-06
2025-07-12,ORD-101346,C-4992,APAC,Organic,Consumer,Home,Beacon Lamp,1,192,0,192,144.33,47.67,0,2025-01-21
2025-07-12,ORD-101347,C-4515,EMEA,Affiliate,Consumer,Accessories,Orbit Dock,1,208,0.1,187.2,119.97,67.23,19.08,2023-10-12
2025-07-12,ORD-101348,C-4923,APAC,Affiliate,Enterprise,Accessories,Orbit Dock,4,208,0.11,740.48,479.87,260.61,79.98,2024-10-30
2025-07-13,ORD-101349,C-4186,North America,Social,Enterprise,Accessories,Shield Case,5,204,0.08,938.4,689.45,248.95,84.65,2023-01-16
2025-07-13,ORD-101350,C-4884,EMEA,Email,Enterprise,Accessories,Flux Cable,1,93,0,93,57.09,35.91,6.13,2024-01-29
2025-07-13,ORD-101351,C-4792,APAC,Paid Search,Consumer,Wearables,Nimbus Ring,2,245,0.014781021897810219,482.76,357.64,125.12,63.81,2024-09-17
2025-07-13,ORD-101352,C-4676,EMEA,Organic,Enterprise,Home,Beacon Lamp,8,192,0,1536,1154.65,381.35,0,2025-04-06
2025-07-13,ORD-101353,C-4608,EMEA,Affiliate,SMB,Audio,Echo Buds,2,79,0,158,113.76,44.24,10.24,2023-06-25
2025-07-13,ORD-101354,C-4451,North America,Organic,Consumer,Wearables,Aura Watch,1,329,0.12419708029197081,288.14,184.99,103.15,0,2025-01-03
2025-07-13,ORD-101355,C-4630,APAC,Email,Consumer,Audio,Echo Buds,3,79,0.02,232.26,170.65,61.61,25.28,2024-07-08
2025-07-13,ORD-101356,C-4406,EMEA,Social,Consumer,Wearables,Aura Watch,2,329,0.12419708029197081,576.28,369.96,206.32,50.64,2023-11-19
2025-07-13,ORD-101357,C-4185,APAC,Email,Enterprise,Wearables,Aura Watch,1,329,0.0541970802919708,311.17,184.99,126.18,33.52,2024-03-10
2025-07-13,ORD-101358,C-4451,EMEA,Social,Consumer,Wearables,Aura Watch,2,329,0.0541970802919708,622.34,369.96,252.38,63.58,2023-04-28
2025-07-13,ORD-101359,C-4204,North America,Organic,Enterprise,Audio,Echo Buds,5,79,0.07,367.35,284.41,82.94,0,2023-10-12
2025-07-14,ORD-101360,C-4940,North America,Organic,Enterprise,Wearables,Aura Watch,3,329,0.054598540145985405,933.11,555.09,378.02,0,2024-09-16
2025-07-14,ORD-101361,C-4101,APAC,Email,Enterprise,Audio,Halo Headset,2,125,0.08,230,145.24,84.76,16.16,2024-12-03
2025-07-14,ORD-101362,C-4672,North America,Paid Search,Consumer,Wearables,Aura Watch,2,329,0.1294890510948905,572.8,370.06,202.74,75.8,2025-05-12
2025-07-14,ORD-101363,C-4475,North America,Affiliate,Consumer,Audio,Echo Buds,2,79,0,158,113.76,44.24,9.82,2024-07-18
2025-07-14,ORD-101364,C-4771,EMEA,Affiliate,Enterprise,Home,Vista Hub,8,214,0,1712,1212.14,499.86,166.72,2025-06-05
2025-07-14,ORD-101365,C-4362,APAC,Social,Enterprise,Accessories,Flux Cable,3,93,0,279,171.28,107.72,29.58,2024-06-05
2025-07-14,ORD-101366,C-4444,APAC,Affiliate,SMB,Accessories,Orbit Dock,1,208,0,208,119.97,88.03,19.86,2024-10-11
2025-07-14,ORD-101367,C-4866,APAC,Affiliate,SMB,Home,Beacon Lamp,3,192,0,576,432.99,143.01,57.82,2023-03-11
2025-07-14,ORD-101368,C-4387,EMEA,Affiliate,SMB,Wearables,Pulse Band,1,105,0.07,97.65,56.39,41.26,10.23,2023-09-05
2025-07-14,ORD-101369,C-4700,North America,Email,SMB,Wearables,Nimbus Ring,3,245,0.15,624.75,536.46,88.29,47.53,2025-05-31
2025-07-14,ORD-101370,C-4297,North America,Email,Enterprise,Accessories,Orbit Dock,7,208,0,1456,839.77,616.23,101.74,2024-01-19
2025-07-14,ORD-101371,C-4998,North America,Organic,Consumer,Wearables,Nimbus Ring,1,245,0.05,232.75,178.82,53.93,0,2025-02-13
2025-07-14,ORD-101372,C-4388,APAC,Affiliate,Enterprise,Home,Nest Sensor,1,64,0,64,34.28,29.72,4.06,2024-01-01
2025-07-15,ORD-101373,C-4677,North America,Paid Search,Consumer,Accessories,Shield Case,2,204,0.025,397.8,275.78,122.02,52.71,2024-09-07
2025-07-15,ORD-101374,C-4873,North America,Social,Enterprise,Accessories,Flux Cable,1,93,0,93,57.09,35.91,6.12,2025-08-13
2025-07-15,ORD-101375,C-4299,North America,Email,Enterprise,Home,Nest Sensor,6,64,0,384,205.67,178.33,36.48,2025-01-17
2025-07-15,ORD-101376,C-4954,EMEA,Affiliate,Consumer,Accessories,Flux Cable,1,93,0,93,57.09,35.91,7.08,2025-07-31
2025-07-15,ORD-101377,C-4106,EMEA,Social,Consumer,Wearables,Pulse Band,1,105,0,105,56.39,48.61,8.03,2024-07-17
2025-07-15,ORD-101378,C-4931,North America,Paid Search,Consumer,Audio,Halo Headset,3,125,0.095,339.38,217.87,121.51,44.97,2023-08-19
2025-07-15,ORD-101379,C-4792,APAC,Social,Consumer,Audio,Echo Buds,2,79,0.06,148.52,113.76,34.76,9.26,2024-05-25
2025-07-15,ORD-101380,C-4499,EMEA,Email,Consumer,Home,Beacon Lamp,2,192,0.11,341.76,288.66,53.1,31.07,2023-12-24
2025-07-15,ORD-101381,C-4188,EMEA,Email,Consumer,Home,Vista Hub,3,214,0,642,454.55,187.45,50.2,2024-07-28
2025-07-15,ORD-101382,C-4276,EMEA,Paid Search,SMB,Accessories,Flux Cable,1,93,0.055,87.88,57.09,30.79,11.64,2023-08-12
2025-07-15,ORD-101383,C-4579,APAC,Organic,Enterprise,Accessories,Shield Case,3,204,0.11,544.68,413.67,131.01,0,2023-11-08
2025-07-16,ORD-101384,C-4169,APAC,Paid Search,Consumer,Accessories,Shield Case,2,204,0.05510948905109489,385.52,275.78,109.74,51.14,2025-08-17
2025-07-16,ORD-101385,C-4142,North America,Email,Enterprise,Audio,Halo Headset,1,125,0.04,120,72.62,47.38,10.68,2023-07-19
2025-07-16,ORD-101386,C-4199,APAC,Affiliate,Consumer,Wearables,Aura Watch,3,329,0.0554014598540146,932.32,555.36,376.96,75.48,2024-04-09
2025-07-16,ORD-101387,C-4736,North America,Social,SMB,Audio,Echo Buds,2,79,0,158,113.76,44.24,13.57,2024-04-13
2025-07-16,ORD-101388,C-4215,APAC,Affiliate,Enterprise,Wearables,Pulse Band,5,105,0.02,514.5,281.95,232.55,49.82,2025-07-16
2025-07-16,ORD-101389,C-4554,North America,Email,Consumer,Wearables,Nimbus Ring,3,245,0,735,536.46,198.54,64.94,2024-08-24
2025-07-16,ORD-101390,C-4649,APAC,Social,Consumer,Home,Beacon Lamp,2,192,0,384,288.66,95.34,37.05,2023-10-18
2025-07-16,ORD-101391,C-4365,APAC,Organic,SMB,Wearables,Aura Watch,3,329,0.1254014598540146,863.23,555.36,307.87,0,2024-07-23
2025-07-16,ORD-101392,C-4918,APAC,Organic,Enterprise,Wearables,Pulse Band,3,105,0,315,169.17,145.83,0,2025-06-03
2025-07-16,ORD-101393,C-4719,EMEA,Affiliate,Consumer,Audio,Halo Headset,3,125,0.03,363.75,217.87,145.88,26.38,2023-05-31
2025-07-16,ORD-101394,C-4325,North America,Social,Consumer,Wearables,Aura Watch,2,329,0.0554014598540146,621.55,370.24,251.31,41.04,2024-04-26
2025-07-16,ORD-101395,C-4548,North America,Email,Enterprise,Wearables,Pulse Band,8,105,0,840,451.12,388.88,74.87,2025-03-16
2025-07-17,ORD-101396,C-4534,APAC,Paid Search,Enterprise,Audio,Echo Buds,5,79,0.05521897810218978,373.19,284.41,88.78,49.57,2024-02-20
2025-07-17,ORD-101397,C-4889,North America,Affiliate,Consumer,Home,Vista Hub,3,214,0,642,454.55,187.45,50.23,2024-10-14
2025-07-17,ORD-101398,C-4638,APAC,Email,Enterprise,Home,Beacon Lamp,2,192,0,384,288.66,95.34,33.32,2024-10-02
2025-07-17,ORD-101399,C-4643,APAC,Social,Enterprise,Accessories,Orbit Dock,6,208,0,1248,719.8,528.2,120.45,2024-07-27
2025-07-17,ORD-101400,C-4457,North America,Paid Search,Consumer,Home,Beacon Lamp,3,192,0.01521897810218978,567.23,432.99,134.24,75.34,2024-10-10
2025-07-17,ORD-101401,C-4823,APAC,Affiliate,Consumer,Wearables,Nimbus Ring,3,245,0.13,639.45,536.46,102.99,67.25,2023-07-16
2025-07-17,ORD-101402,C-4395,APAC,Email,Enterprise,Accessories,Orbit Dock,4,208,0,832,479.87,352.13,78.48,2024-01-13
2025-07-17,ORD-101403,C-4214,EMEA,Affiliate,SMB,Wearables,Aura Watch,3,329,0.0558029197080292,931.92,555.5,376.42,79.2,2025-06-30
2025-07-17,ORD-101404,C-4785,EMEA,Affiliate,SMB,Audio,Echo Buds,3,79,0,237,170.65,66.35,23.71,2024-01-06
2025-07-17,ORD-101405,C-4601,EMEA,Affiliate,Consumer,Wearables,Aura Watch,1,329,0.06580291970802919,307.35,185.17,122.18,29.75,2025-08-26
2025-07-17,ORD-101406,C-4265,North America,Organic,Consumer,Wearables,Pulse Band,2,105,0,210,112.78,97.22,0,2025-07-16
2025-07-18,ORD-101407,C-4764,APAC,Social,Enterprise,Wearables,Pulse Band,1,105,0.05,99.75,56.39,43.36,7.52,2024-02-16
2025-07-18,ORD-101408,C-4238,APAC,Organic,Consumer,Wearables,Aura Watch,2,329,0.0562043795620438,621.02,370.42,250.6,0,2025-04-14
2025-07-18,ORD-101409,C-4609,North America,Paid Search,Consumer,Home,Beacon Lamp,3,192,0.10532846715328467,515.33,432.99,82.34,68.54,2025-09-05
2025-07-18,ORD-101410,C-4147,EMEA,Social,Enterprise,Home,Vista Hub,4,214,0,856,606.07,249.93,69.89,2023-04-04
2025-07-18,ORD-101411,C-4904,North America,Email,Enterprise,Wearables,Pulse Band,9,105,0,945,507.51,437.49,89.14,2023-07-07
2025-07-18,ORD-101412,C-4433,North America,Paid Search,Enterprise,Home,Vista Hub,1,214,0.015328467153284672,210.72,151.52,59.2,28.02,2025-07-20
2025-07-18,ORD-101413,C-4708,North America,Paid Search,,Wearables,Pulse Band,1,105,0.015328467153284672,103.39,56.39,47,13.75,2023-08-12
2025-07-18,ORD-101414,C-4638,EMEA,Paid Search,Enterprise,Accessories,Flux Cable,6,93,0.09532846715328468,504.81,342.57,162.24,67.14,2024-07-13
2025-07-18,ORD-101415,C-4356,North America,Affiliate,Enterprise,Wearables,Aura Watch,6,329,0.0562043795620438,1863.05,1111.26,751.79,156.84,2025-01-17
2025-07-19,ORD-101416,C-4289,APAC,Email,SMB,Accessories,Orbit Dock,1,208,0,208,119.97,88.03,22.71,2025-06-10
2025-07-19,ORD-101417,C-4151,EMEA,Paid Search,Consumer,Accessories,Orbit Dock,3,208,0.03543795620437956,601.89,359.9,241.99,80.15,2024-09-11
2025-07-19,ORD-101418,C-4902,APAC,Social,SMB,Home,Beacon Lamp,2,192,0,384,288.66,95.34,23.14,2024-06-15
2025-07-19,ORD-101419,C-4955,EMEA,Paid Search,Enterprise,Accessories,Orbit Dock,3,208,0.11543795620437956,551.97,359.9,192.07,73.5,2025-08-18
2025-07-19,ORD-101420,C-4463,EMEA,Social,Consumer,Audio,Halo Headset,3,125,0.12,330,217.87,112.13,23.16,2023-08-03
2025-07-19,ORD-101421,C-4854,North America,Paid Search,Enterprise,Audio,Echo Buds,8,79,0.015437956204379561,622.24,455.05,167.19,82.86,2023-12-31
2025-07-19,ORD-101422,C-4257,APAC,Social,Consumer,Audio,Halo Headset,1,125,0.04,120,72.62,47.38,9.34,2025-08-09
2025-07-19,ORD-101423,C-4443,EMEA,Email,SMB,Home,Nest Sensor,2,64,0.07,119.04,68.56,50.48,8.88,2023-05-31
2025-07-19,ORD-101424,C-4342,North America,Affiliate,Consumer,Wearables,Aura Watch,1,329,0.2066058394160584,261.03,185.26,75.77,23.57,2025-09-17
2025-07-19,ORD-101425,C-4777,EMEA,Social,Enterprise,Home,Beacon Lamp,5,192,0.13,835.2,721.65,113.55,59.13,2024-11-26
2025-07-19,ORD-101426,C-4709,EMEA,Affiliate,Enterprise,Home,Nest Sensor,5,64,0.13,278.4,171.39,107.01,20.36,2023-09-29
2025-07-19,ORD-101427,C-4272,North America,Social,SMB,Accessories,Shield Case,1,204,0.1,183.6,137.89,45.71,14.33,2025-08-17
2025-07-20,ORD-101428,C-4293,North America,Paid Search,Enterprise,Audio,Echo Buds,4,79,0.015547445255474452,311.09,227.53,83.56,41.47,2025-02-14
2025-07-20,ORD-101429,C-4421,APAC,Affiliate,Enterprise,Home,Vista Hub,8,214,0.11,1523.68,1212.14,311.54,113.71,2025-04-21
2025-07-20,ORD-101430,C-4533,APAC,Social,Enterprise,Wearables,Nimbus Ring,2,245,0.08,450.8,357.64,93.16,40.92,2024-12-30
2025-07-20,ORD-101431,C-4458,APAC,Social,SMB,Accessories,Shield Case,3,204,0.09,556.92,413.67,143.25,33.99,2025-01-04
2025-07-20,ORD-101432,C-4204,EMEA,Paid Search,Consumer,Accessories,Orbit Dock,2,208,0.03554744525547445,401.21,239.93,161.28,53.49,2025-05-09
2025-07-20,ORD-101433,C-4414,APAC,Social,Enterprise,Audio,Halo Headset,6,125,0,750,435.73,314.27,78.7,2024-08-10
2025-07-20,ORD-101434,C-4472,North America,Social,Consumer,Audio,Halo Headset,3,125,0,375,217.87,157.13,33.47,2023-04-25
2025-07-20,ORD-101435,C-4197,EMEA,Social,Consumer,Home,Nest Sensor,3,64,0,192,102.83,89.17,19.99,2024-11-23
2025-07-20,ORD-101436,C-4675,APAC,Social,SMB,Audio,Echo Buds,3,79,0,237,170.65,66.35,25.4,2025-03-08
2025-07-20,ORD-101437,C-4302,EMEA,Affiliate,Enterprise,Home,Vista Hub,7,214,0,1498,1060.62,437.38,138.61,2025-03-20
2025-07-20,ORD-101438,C-4433,EMEA,Paid Search,SMB,Audio,Halo Headset,3,125,0.13554744525547444,324.17,217.87,106.3,43.22,2025-09-08
2025-07-21,ORD-101439,C-4354,North America,Paid Search,Enterprise,Home,Vista Hub,9,214,0.10565693430656933,1722.5,1363.66,358.84,229.93,2023-10-30
2025-07-21,ORD-101440,C-4504,North America,Email,Consumer,Home,Nest Sensor,3,64,0.04,184.32,102.83,81.49,11.66,2024-09-27
2025-07-21,ORD-101441,C-4929,APAC,Affiliate,Enterprise,Audio,Halo Headset,3,125,0.01,371.25,217.87,153.38,30.84,2024-04-16
2025-07-21,ORD-101442,C-4863,North America,Social,Enterprise,Home,Beacon Lamp,3,192,0.07,535.68,432.99,102.69,45.18,2025-01-30
2025-07-21,ORD-101443,C-4635,EMEA,Email,Consumer,Audio,Halo Headset,2,125,0.03,242.5,145.24,97.26,24.12,2023-05-19
2025-07-21,ORD-101444,C-4721,APAC,Paid Search,SMB,Home,Beacon Lamp,3,192,0.01565693430656934,566.98,432.99,133.99,75.68,2024-09-07
2025-07-21,ORD-101445,C-4968,EMEA,Paid Search,Enterprise,Home,Beacon Lamp,1,192,0.055656934306569344,181.31,144.33,36.98,24.2,2024-01-26
2025-07-21,ORD-101446,C-4474,EMEA,Affiliate,Consumer,Wearables,Pulse Band,1,105,0,105,56.39,48.61,8.33,2025-07-20
2025-07-21,ORD-101447,C-4280,North America,Email,SMB,Home,Nest Sensor,1,64,0.14,55.04,34.28,20.76,5.51,2024-07-22
2025-07-21,ORD-101448,C-4129,APAC,Paid Search,Enterprise,Audio,Echo Buds,3,79,0.01565693430656934,233.29,170.65,62.64,31.14,2024-01-02
2025-07-21,ORD-101449,C-4363,APAC,Organic,Consumer,Audio,Halo Headset,2,125,0,250,145.24,104.76,0,2023-12-26
2025-07-21,ORD-101450,C-4182,APAC,Email,Consumer,Wearables,Nimbus Ring,2,245,0,490,357.64,132.36,47.36,2025-03-07
2025-07-22,ORD-101451,C-4528,APAC,Social,Consumer,Wearables,Nimbus Ring,2,245,0,490,357.64,132.36,45.96,2023-07-20
2025-07-22,ORD-101452,C-4162,North America,Email,Consumer,Accessories,Flux Cable,3,93,0,279,171.28,107.72,22.61,2023-05-03
2025-07-22,ORD-101453,C-4885,North America,Paid Search,Enterprise,Home,Nest Sensor,5,64,0.015766423357664233,314.95,171.39,143.56,42.09,2024-05-24
2025-07-22,ORD-101454,C-4166,APAC,Email,Consumer,Home,Beacon Lamp,2,192,0,384,288.66,95.34,33.96,2023-01-26
2025-07-22,ORD-101455,C-4655,EMEA,Email,SMB,Accessories,Orbit Dock,3,208,0,624,359.9,264.1,56.96,2024-05-02
2025-07-22,ORD-101456,C-4300,APAC,Organic,SMB,Accessories,Flux Cable,3,93,0,279,171.28,107.72,0,2024-07-27
2025-07-22,ORD-101457,C-4231,APAC,Organic,Consumer,Home,Nest Sensor,3,64,0.12,168.96,102.83,66.13,0,2023-08-16
2025-07-22,ORD-101458,C-4937,North America,Affiliate,SMB,Accessories,Flux Cable,1,93,0.12,81.84,57.09,24.75,7,2024-07-29
2025-07-22,ORD-101459,C-4567,North America,Social,Enterprise,Wearables,Nimbus Ring,9,245,0.1,1984.5,1609.39,375.11,164.81,2023-01-23
2025-07-22,ORD-101460,C-4247,North America,Affiliate,Consumer,Wearables,Nimbus Ring,2,245,0,490,357.64,132.36,50.63,2024-03-14
2025-07-22,ORD-101461,C-4845,APAC,Affiliate,SMB,Home,Nest Sensor,2,64,0,128,68.56,59.44,9.58,2024-09-12
2025-07-22,ORD-101462,C-4727,EMEA,Affiliate,SMB,Accessories,Flux Cable,2,93,0,186,114.19,71.81,11.85,2023-02-15
2025-07-22,ORD-101463,C-4752,APAC,Social,Enterprise,Home,Nest Sensor,2,64,0,128,68.56,59.44,13.44,2024-08-28
2025-07-23,ORD-101464,C-4679,EMEA,Organic,Enterprise,Accessories,Orbit Dock,8,208,0.14,1431.04,959.73,471.31,0,2025-05-18
2025-07-23,ORD-101465,C-4807,EMEA,Affiliate,Consumer,Home,Beacon Lamp,3,192,0,576,432.99,143.01,35.66,2024-03-14
2025-07-23,ORD-101466,C-4273,EMEA,Affiliate,Enterprise,Home,Vista Hub,6,214,0,1284,909.1,374.9,130.51,2025-01-06
2025-07-23,ORD-101467,C-4284,APAC,Email,Consumer,Accessories,Shield Case,2,204,0,408,275.78,132.22,43.35,2025-04-09
2025-07-23,ORD-101468,C-4273,EMEA,Paid Search,SMB,Accessories,Shield Case,2,204,0.11587591240875914,360.72,275.78,84.94,48.27,2025-05-02
2025-07-23,ORD-101469,C-4645,APAC,Affiliate,Consumer,Home,Nest Sensor,1,64,0.08,58.88,34.28,24.6,6.19,2023-03-04
2025-07-23,ORD-101470,C-4993,North America,Email,Enterprise,Wearables,Nimbus Ring,1,245,0.1,220.5,178.82,41.68,14.53,2024-06-17
2025-07-23,ORD-101471,C-4785,EMEA,Social,Enterprise,Accessories,Orbit Dock,7,208,0,1456,839.77,616.23,144.01,2025-03-10
2025-07-23,ORD-101472,C-4533,EMEA,Social,SMB,Wearables,Aura Watch,2,329,0.1082116788321168,586.8,370.88,215.92,53.57,2023-10-03
2025-07-23,ORD-101473,C-4108,North America,Organic,SMB,Wearables,Nimbus Ring,1,245,0.05,232.75,178.82,53.93,0,2023-01-12
2025-07-23,ORD-101474,C-4322,EMEA,Paid Search,SMB,Wearables,Aura Watch,2,329,0.17408759124087592,543.45,370.88,172.57,72.72,2023-09-29
2025-07-23,ORD-101475,C-4808,EMEA,Social,Consumer,Accessories,Orbit Dock,1,208,0,208,119.97,88.03,22.48,2024-07-16
2025-07-24,ORD-101476,C-4343,North America,Affiliate,Consumer,Home,Vista Hub,2,214,0.03,415.16,303.03,112.13,29.46,2025-05-03
2025-07-24,ORD-101477,C-4823,EMEA,Email,Enterprise,Audio,Halo Headset,3,125,0,375,217.87,157.13,28.05,2023-02-24
2025-07-24,ORD-101478,C-4383,EMEA,Paid Search,Consumer,Accessories,Shield Case,3,204,0.015985401459854016,602.22,413.67,188.55,80.68,2024-12-07
2025-07-24,ORD-101479,C-4996,North America,Social,SMB,Accessories,Shield Case,2,204,0,408,275.78,132.22,29.14,2024-04-06
2025-07-24,ORD-101480,C-4808,EMEA,Social,SMB,Wearables,Nimbus Ring,1,245,0,245,178.82,66.18,18.63,2023-02-10
2025-07-24,ORD-101481,C-4521,APAC,Social,SMB,Wearables,Pulse Band,2,105,0,210,112.78,97.22,14.13,2024-11-15
2025-07-24,ORD-101482,C-4328,EMEA,Affiliate,Consumer,Accessories,Orbit Dock,2,208,0,416,239.93,176.07,29.65,2023-03-23
2025-07-24,ORD-101483,C-4540,EMEA,Organic,SMB,Wearables,Pulse Band,3,105,0.09,286.65,169.17,117.48,0,2025-05-17
2025-07-24,ORD-101484,C-4784,APAC,Affiliate,Consumer,Audio,Halo Headset,2,125,0.1,225,145.24,79.76,19.2,2025-04-07
2025-07-24,ORD-101485,C-4677,EMEA,Paid Search,Enterprise,Accessories,Shield Case,2,204,0.015985401459854016,401.48,275.78,125.7,53.79,2024-08-02
2025-07-24,ORD-101486,C-4376,North America,Affiliate,Consumer,Home,Nest Sensor,1,64,0,64,34.28,29.72,3.86,2025-06-21
2025-07-24,ORD-101487,C-4198,APAC,Organic,Consumer,Wearables,Aura Watch,3,329,0.05861313868613139,929.15,556.46,372.69,0,2025-04-15
2025-07-24,ORD-101488,C-4501,EMEA,Affiliate,SMB,Accessories,Flux Cable,3,93,0.09,253.89,171.28,82.61,26.85,2022-12-31
2025-07-24,ORD-101489,C-4523,EMEA,Paid Search,Enterprise,Home,Vista Hub,4,214,0.015985401459854016,842.32,606.07,236.25,112.85,2023-11-17
2025-07-24,ORD-101490,C-4728,APAC,Paid Search,SMB,Home,Nest Sensor,1,64,0.015985401459854016,62.98,34.28,28.7,8.44,2024-06-10
2025-07-25,ORD-101491,C-4875,APAC,Email,Consumer,Audio,Halo Headset,1,125,0,125,72.62,52.38,12.95,2023-10-15
2025-07-25,ORD-101492,C-4248,APAC,Paid Search,Consumer,Home,Beacon Lamp,2,192,0.016094890510948902,377.82,288.66,89.16,50.68,2023-05-27
2025-07-25,ORD-101493,C-4962,EMEA,Email,Consumer,Audio,Echo Buds,2,79,0.1,142.2,113.76,28.44,10.81,2024-08-11
2025-07-25,ORD-101494,C-4949,EMEA,Email,Consumer,Accessories,Shield Case,1,204,0.08,187.68,137.89,49.79,20.6,2024-05-17
2025-07-25,ORD-101495,C-4569,North America,Organic,Enterprise,Accessories,Shield Case,1,204,0,204,137.89,66.11,0,2023-02-17
2025-07-25,ORD-101496,C-4114,EMEA,Email,SMB,Home,Beacon Lamp,1,192,0,192,144.33,47.67,20.41,2023-07-20
2025-07-25,ORD-101497,C-4415,EMEA,Affiliate,Consumer,Audio,Echo Buds,3,79,0,237,170.65,66.35,21,2024-11-13
2025-07-25,ORD-101498,C-4494,EMEA,Organic,Consumer,Wearables,Nimbus Ring,3,245,0.01,727.65,536.46,191.19,0,2025-02-11
2025-07-26,ORD-101499,C-4901,North America,Paid Search,Enterprise,Wearables,Aura Watch,1,329,0.07562043795620438,304.12,185.58,118.54,40.85,2024-06-05
2025-07-26,ORD-101500,C-4549,EMEA,Paid Search,SMB,Wearables,Nimbus Ring,1,245,0.016204379562043795,241.03,178.82,62.21,32.37,2025-04-17
2025-07-26,ORD-101501,C-4993,North America,Social,SMB,Audio,Halo Headset,1,125,0,125,72.62,52.38,10.43,2025-09-04
2025-07-26,ORD-101502,C-4277,North America,Social,Consumer,Accessories,Orbit Dock,3,208,0.15,530.4,359.9,170.5,47.17,2025-02-10
2025-07-26,ORD-101503,C-4853,North America,Paid Search,Enterprise,Wearables,Aura Watch,9,329,0.08562043795620437,2707.48,1670.19,1037.29,363.63,2025-02-21
2025-07-26,ORD-101504,C-4726,North America,Affiliate,Enterprise,Home,Vista Hub,5,214,0,1070,757.59,312.41,92.19,2024-09-24
2025-07-26,ORD-101505,C-4933,North America,Affiliate,Enterprise,Home,Nest Sensor,3,64,0.1,172.8,102.83,69.97,12.87,2025-08-15
2025-07-26,ORD-101506,C-4546,APAC,Organic,Enterprise,Audio,Halo Headset,3,125,0,375,217.87,157.13,0,2023-10-19
2025-07-26,ORD-101507,C-4210,EMEA,Organic,Consumer,Accessories,Orbit Dock,2,208,0,416,239.93,176.07,0,2025-08-31
2025-07-26,ORD-101508,C-4334,EMEA,Email,Consumer,Audio,Echo Buds,1,79,0.14,67.94,56.88,11.06,4.39,2023-10-12
2025-07-27,ORD-101509,C-4817,APAC,Paid Search,SMB,Wearables,Nimbus Ring,1,245,0.016313868613138684,241,178.82,62.18,32.41,2023-05-14
2025-07-27,ORD-101510,C-4940,EMEA,Organic,SMB,Home,Vista Hub,3,214,0,642,454.55,187.45,0,2025-05-07
2025-07-27,ORD-101511,C-4918,APAC,Social,Enterprise,Accessories,Shield Case,5,204,0.11,907.8,689.45,218.35,79.81,2024-02-24
2025-07-27,ORD-101512,C-4883,APAC,Affiliate,Consumer,Wearables,Nimbus Ring,2,245,0.02,480.2,357.64,122.56,42.5,2025-01-05
2025-07-27,ORD-101513,C-4216,APAC,Affiliate,SMB,Home,Beacon Lamp,2,192,0,384,288.66,95.34,41.59,2024-08-12
2025-07-27,ORD-101514,C-4350,North America,Email,SMB,Audio,Echo Buds,1,79,0.14,67.94,56.88,11.06,5.23,2024-08-31
2025-07-27,ORD-101515,C-4864,EMEA,Affiliate,SMB,Accessories,Orbit Dock,2,208,0,416,239.93,176.07,26.15,2024-10-17
2025-07-27,ORD-101516,C-4802,EMEA,Social,SMB,Accessories,Flux Cable,3,93,0.05,265.05,171.28,93.77,22.58,2025-09-17
2025-07-27,ORD-101517,C-4285,APAC,Email,Consumer,Accessories,Shield Case,3,204,0.01,605.88,413.67,192.21,61.28,2023-01-15
2025-07-27,ORD-101518,C-4809,North America,Organic,Enterprise,Wearables,Nimbus Ring,3,245,0,735,536.46,198.54,0,2025-03-22
2025-07-27,ORD-101519,C-4179,North America,Affiliate,Enterprise,Audio,Echo Buds,5,79,0.13,343.65,284.41,59.24,28.59,2024-03-16
2025-07-27,ORD-101520,C-4271,EMEA,Paid Search,Consumer,Home,Vista Hub,2,214,0.06631386861313869,399.62,303.03,96.59,53.74,2023-12-24
2025-07-27,ORD-101521,C-4863,North America,Social,Enterprise,Accessories,Shield Case,2,204,0,408,275.78,132.22,37.34,2024-07-31
2025-07-27,ORD-101522,C-4723,APAC,Organic,Enterprise,Wearables,Aura Watch,1,329,0.059817518248175175,309.32,185.63,123.69,0,2024-02-24
2025-07-27,ORD-101523,C-4821,APAC,Affiliate,Enterprise,Accessories,Orbit Dock,8,208,0,1664,959.73,704.27,106.05,2023-01-10
2025-07-27,ORD-101524,C-4583,EMEA,Social,Enterprise,Accessories,Flux Cable,8,93,0,744,456.76,287.24,81.37,2023-04-10
2025-07-28,ORD-101525,C-4822,North America,Social,Consumer,Home,Nest Sensor,2,64,0,128,68.56,59.44,11.52,2025-04-01
2025-07-28,ORD-101526,C-4795,APAC,Social,Consumer,Audio,Halo Headset,1,125,0,125,72.62,52.38,12.33,2023-04-27
2025-07-28,ORD-101527,C-4959,EMEA,Email,SMB,Audio,Echo Buds,3,79,0,237,170.65,66.35,15.79,2024-06-20
2025-07-28,ORD-101528,C-4692,APAC,Paid Search,SMB,Wearables,Nimbus Ring,3,245,0.016423357664233577,722.93,536.46,186.47,97.33,2025-09-05
2025-07-28,ORD-101529,C-4602,APAC,Social,Enterprise,Accessories,Orbit Dock,7,208,0,1456,839.77,616.23,96.1,2025-05-08
2025-07-28,ORD-101530,C-4113,North America,Organic,Enterprise,Audio,Halo Headset,5,125,0,625,363.11,261.89,0,2023-07-15
2025-07-28,ORD-101531,C-4960,EMEA,Email,Enterprise,Accessories,Flux Cable,8,93,0,744,456.76,287.24,52.91,2024-09-07
2025-07-28,ORD-101532,C-4975,EMEA,Paid Search,SMB,Accessories,Flux Cable,3,93,0.12642335766423357,243.73,171.28,72.45,32.81,2024-03-19
2025-07-28,ORD-101533,C-4894,North America,Paid Search,Enterprise,Audio,Halo Headset,3,125,0.016423357664233577,368.84,217.87,150.97,49.66,2025-04-03
2025-07-28,ORD-101534,C-4492,North America,Social,Consumer,Wearables,Aura Watch,2,329,0.060218978102189784,618.38,371.33,247.05,41.38,2024-02-13
2025-07-28,ORD-101535,C-4683,North America,Paid Search,Consumer,Accessories,Shield Case,3,204,0.016423357664233577,601.95,413.67,188.28,81.04,2024-02-17
2025-07-28,ORD-101536,C-4427,APAC,Paid Search,Enterprise,Audio,Halo Headset,2,125,0.08642335766423359,228.39,145.24,83.15,30.75,2023-04-23
2025-07-28,ORD-101537,C-4472,EMEA,Paid Search,Consumer,Wearables,Nimbus Ring,3,245,0.016423357664233577,722.93,536.46,186.47,97.33,2025-03-10
2025-07-28,ORD-101538,C-4137,EMEA,Affiliate,Consumer,Accessories,Shield Case,3,204,0,612,413.67,198.33,43.17,2024-11-19
2025-07-29,ORD-101539,C-4694,APAC,Email,Consumer,Wearables,Aura Watch,2,329,0.11062043795620438,585.21,371.43,213.78,60.9,2025-09-16
2025-07-29,ORD-101540,C-4545,APAC,Email,Enterprise,Audio,Halo Headset,5,125,0.12,550,363.11,186.89,54.48,2025-01-24
2025-07-29,ORD-101541,C-4796,EMEA,Email,Consumer,Home,Beacon Lamp,2,192,0,384,288.66,95.34,25.51,2025-09-03
2025-07-29,ORD-101542,C-4532,EMEA,Affiliate,SMB,Accessories,Flux Cable,2,93,0,186,114.19,71.81,16.52,2024-08-13
2025-07-29,ORD-101543,C-4251,EMEA,Paid Search,Enterprise,Audio,Echo Buds,1,79,0.10653284671532846,70.58,56.88,13.7,9.51,2023-09-24
2025-07-29,ORD-101544,C-4994,North America,Email,Enterprise,Home,Vista Hub,4,214,0.08,787.52,606.07,181.45,80,2023-11-26
2025-07-29,ORD-101545,C-4988,EMEA,Social,Consumer,Home,Vista Hub,2,214,0,428,303.03,124.97,35.97,2025-07-11
2025-07-29,ORD-101546,C-4456,APAC,Social,Consumer,Audio,Echo Buds,3,79,0.02,232.26,170.65,61.61,18.4,2024-05-20
2025-07-29,ORD-101547,C-4454,EMEA,Affiliate,Consumer,Audio,Echo Buds,3,79,0,237,170.65,66.35,21.58,2024-09-29
2025-07-30,ORD-101548,C-4561,APAC,Organic,Enterprise,Home,Vista Hub,5,214,0.11,952.3,757.59,194.71,0,2025-02-08
2025-07-30,ORD-101549,C-4770,EMEA,Paid Search,Enterprise,Audio,Halo Headset,2,125,0.05664233576642336,235.84,145.24,90.6,31.83,2024-02-05
2025-07-30,ORD-101550,C-4722,APAC,Email,Enterprise,Home,Nest Sensor,4,64,0.07,238.08,137.11,100.97,25.12,2023-10-25
2025-07-30,ORD-101551,C-4482,EMEA,Paid Search,Enterprise,Accessories,Orbit Dock,3,208,0.14664233576642335,532.5,359.9,172.6,71.87,2023-11-27
2025-07-30,ORD-101552,C-4358,APAC,Organic,Enterprise,Wearables,Pulse Band,9,105,0.05,897.75,507.51,390.24,0,2024-02-21
2025-07-30,ORD-101553,C-4821,EMEA,Affiliate,Consumer,Wearables,Nimbus Ring,2,245,0,490,357.64,132.36,53.48,2025-07-16
2025-07-30,ORD-101554,C-4279,APAC,Organic,Enterprise,Audio,Halo Headset,4,125,0,500,290.49,209.51,0,2024-02-21
2025-07-30,ORD-101555,C-4475,EMEA,Email,Consumer,Audio,Echo Buds,2,79,0.03,153.26,113.76,39.5,12.6,2023-04-03
2025-07-30,ORD-101556,C-4554,EMEA,Organic,SMB,Accessories,Orbit Dock,1,208,0,208,119.97,88.03,0,2024-06-27
2025-07-30,ORD-101557,C-4783,APAC,Paid Search,Enterprise,Accessories,Shield Case,4,204,0.11664233576642336,720.82,551.56,169.26,97.28,2025-09-20
2025-07-30,ORD-101558,C-4364,EMEA,Paid Search,SMB,Wearables,Nimbus Ring,1,245,0.016642335766423356,240.92,178.82,62.1,32.52,2023-04-03
2025-07-30,ORD-101559,C-4636,North America,Organic,SMB,Wearables,Pulse Band,2,105,0,210,112.78,97.22,0,2023-03-18
2025-07-30,ORD-101560,C-4735,EMEA,Social,SMB,Accessories,Orbit Dock,1,208,0.05,197.6,119.97,77.63,14.9,2025-07-12
2025-07-30,ORD-101561,C-4761,North America,Paid Search,Enterprise,Accessories,Flux Cable,7,93,0.02664233576642336,633.66,399.66,234,85.52,2025-09-10
2025-07-31,ORD-101562,C-4971,APAC,Email,SMB,Wearables,Nimbus Ring,2,245,0,490,357.64,132.36,51.11,2024-09-28
2025-07-31,ORD-101563,C-4744,North America,Email,Consumer,Wearables,Aura Watch,3,329,0.10142335766423358,886.9,557.42,329.48,84.44,2025-06-08
2025-07-31,ORD-101564,C-4339,North America,Email,SMB,Wearables,Pulse Band,3,105,0,315,169.17,145.83,23.17,2024-05-13
2025-07-31,ORD-101565,C-4975,EMEA,Social,Consumer,Home,Nest Sensor,3,64,0,192,102.83,89.17,13.75,2024-05-11
2025-07-31,ORD-101566,C-4778,EMEA,Email,Consumer,Wearables,Nimbus Ring,1,245,0,245,178.82,66.18,19.11,2024-04-10
2025-07-31,ORD-101567,C-4999,APAC,Social,Enterprise,Accessories,Orbit Dock,5,208,0,1040,599.83,440.17,111.71,2025-03-19
2025-07-31,ORD-101568,C-4105,North America,Paid Search,SMB,Accessories,Orbit Dock,3,208,0.01675182481751825,613.55,359.9,253.65,82.91,2024-04-05
2025-07-31,ORD-101569,C-4409,APAC,Email,Enterprise,Wearables,Pulse Band,7,105,0,735,394.73,340.27,61.74,2024-01-11
2025-07-31,ORD-101570,C-4478,EMEA,Organic,SMB,Home,Vista Hub,3,214,0,642,454.55,187.45,0,2025-04-16
2025-07-31,ORD-101571,C-4652,EMEA,Paid Search,SMB,Wearables,Aura Watch,1,329,0.07817518248175183,303.28,185.81,117.47,40.98,2024-02-04
2025-07-31,ORD-101572,C-4308,North America,Social,Enterprise,Wearables,Pulse Band,2,105,0.03,203.7,112.78,90.92,17.18,2024-09-13
2025-07-31,ORD-101573,C-4108,EMEA,Email,SMB,Accessories,Shield Case,3,204,0,612,413.67,198.33,40.96,2024-03-22
2025-07-31,ORD-101574,C-4361,North America,Organic,SMB,Accessories,Orbit Dock,1,208,0,208,119.97,88.03,0,2023-07-26
2025-07-31,ORD-101575,C-4342,APAC,Organic,SMB,Home,Nest Sensor,3,64,0.06,180.48,102.83,77.65,0,2024-01-28
2025-07-31,ORD-101576,C-4500,North America,Organic,Enterprise,Wearables,Aura Watch,1,329,0.14142335766423358,282.47,185.81,96.66,0,2024-08-14
2025-08-01,ORD-101577,C-4320,EMEA,Organic,Enterprise,Wearables,Aura Watch,2,329,0.14182481751824816,564.68,371.7,192.98,0,2025-06-03
2025-08-01,ORD-101578,C-4893,EMEA,Affiliate,Enterprise,Audio,Echo Buds,5,79,0,395,284.41,110.59,37.66,2024-07-02
2025-08-01,ORD-101579,C-4972,APAC,Social,SMB,Home,Nest Sensor,1,64,0.09,58.24,34.28,23.96,5.63,2024-06-09
2025-08-01,ORD-101580,C-4206,EMEA,Affiliate,Enterprise,Accessories,Orbit Dock,9,208,0,1872,1079.7,792.3,143.52,2025-09-11
2025-08-01,ORD-101581,C-4512,APAC,Social,Consumer,Wearables,Aura Watch,1,329,0.06182481751824817,308.66,185.86,122.8,22.68,2024-04-10
2025-08-01,ORD-101582,C-4820,APAC,Affiliate,Enterprise,Audio,Echo Buds,1,79,0,79,56.88,22.12,6.84,2023-12-05
2025-08-01,ORD-101583,C-4795,North America,Paid Search,Consumer,Audio,Echo Buds,3,79,0.056861313868613136,223.52,170.65,52.87,30.24,2023-01-03
2025-08-01,ORD-101584,C-4231,EMEA,Organic,Consumer,Wearables,Pulse Band,2,105,0,210,112.78,97.22,0,2023-12-18
2025-08-01,ORD-101585,C-4961,North America,Affiliate,Enterprise,Wearables,Pulse Band,6,105,0,630,338.34,291.66,51.18,2023-03-08
2025-08-01,ORD-101586,C-4865,APAC,Organic,Consumer,Wearables,Aura Watch,2,329,0.06182481751824817,617.32,371.7,245.62,0,2023-07-05
2025-08-02,ORD-101587,C-4335,APAC,Email,Enterprise,Wearables,Aura Watch,5,329,0.06222627737226278,1542.64,929.48,613.16,144.88,2023-01-31
2025-08-02,ORD-101588,C-4269,APAC,Social,Enterprise,Home,Beacon Lamp,9,192,0.05,1641.6,1298.98,342.62,132.96,2025-09-24
2025-08-02,ORD-101589,C-4239,North America,Organic,SMB,Wearables,Nimbus Ring,2,245,0.06,460.6,357.64,102.96,0,2024-02-16
2025-08-02,ORD-101590,C-4580,EMEA,Affiliate,Enterprise,Home,Vista Hub,5,214,0.14,920.2,757.59,162.61,62.73,2023-02-27
2025-08-02,ORD-101591,C-4446,North America,Affiliate,Enterprise,Wearables,Nimbus Ring,4,245,0,980,715.28,264.72,82.96,2025-08-14
2025-08-02,ORD-101592,C-4986,EMEA,Paid Search,SMB,Audio,Halo Headset,3,125,0.01697080291970803,368.64,217.87,150.77,49.93,2023-08-29
2025-08-03,ORD-101593,C-4602,North America,Organic,SMB,Home,Vista Hub,3,214,0,642,454.55,187.45,0,2023-05-24
2025-08-03,ORD-101594,C-4734,EMEA,Organic,Enterprise,Wearables,Pulse Band,7,105,0,735,394.73,340.27,0,2025-04-17
2025-08-03,ORD-101595,C-4351,North America,Organic,SMB,Wearables,Aura Watch,2,329,0.09262773722627737,597.05,371.88,225.17,0,2023-08-08
2025-08-03,ORD-101596,C-4557,APAC,Paid Search,Consumer,Home,Nest Sensor,2,64,0.10708029197080292,114.29,68.56,45.73,15.5,2024-12-24
2025-08-03,ORD-101597,C-4841,North America,Organic,Consumer,Accessories,Shield Case,2,204,0,408,275.78,132.22,0,2025-03-14
2025-08-03,ORD-101598,C-4871,APAC,Organic,Enterprise,Home,Vista Hub,8,214,0.1,1540.8,1212.14,328.66,0,2023-02-26
2025-08-03,ORD-101599,C-4904,North America,Social,SMB,Audio,Halo Headset,1,125,0,125,72.62,52.38,13.06,2023-01-22
2025-08-03,ORD-101600,C-4710,EMEA,Social,Consumer,Wearables,Aura Watch,1,329,0.06262773722627737,308.4,185.95,122.45,27.73,2024-11-20
2025-08-03,ORD-101601,C-4118,EMEA,Social,Consumer,Accessories,Flux Cable,2,93,0,186,114.19,71.81,11.97,2024-03-30
2025-08-03,ORD-101602,C-4911,North America,Organic,Consumer,Accessories,Orbit Dock,1,208,0,208,119.97,88.03,0,2023-12-23
2025-08-03,ORD-101603,C-4650,APAC,Email,SMB,Accessories,Orbit Dock,3,208,0.05,592.8,359.9,232.9,61.66,2024-09-27
2025-08-03,ORD-101604,C-4224,APAC,Paid Search,SMB,Wearables,Aura Watch,2,329,0.15970802919708027,552.91,371.88,181.03,74.99,2023-05-07
2025-08-03,ORD-101605,C-4195,North America,Email,Enterprise,Wearables,Nimbus Ring,4,245,0.04,940.8,715.28,225.52,64,2023-08-15
2025-08-03,ORD-101606,C-4918,North America,Paid Search,Enterprise,Accessories,Flux Cable,6,93,0.04708029197080292,531.73,342.57,189.16,72.11,2023-03-09
2025-08-04,ORD-101607,C-4940,EMEA,Organic,Consumer,Audio,Echo Buds,2,79,0.13,137.46,113.76,23.7,0,2023-07-11
2025-08-04,ORD-101608,C-4541,EMEA,Paid Search,Consumer,Audio,Echo Buds,1,79,0.06718978102189782,73.69,56.88,16.81,10.01,2024-02-23
2025-08-04,ORD-101609,C-4220,North America,Organic,SMB,Audio,Echo Buds,3,79,0,237,170.65,66.35,0,2024-12-29
2025-08-04,ORD-101610,C-4543,EMEA,Affiliate,Enterprise,Accessories,Flux Cable,4,93,0,372,228.38,143.62,36.84,2023-05-31
2025-08-04,ORD-101611,C-4311,APAC,Social,SMB,Wearables,Nimbus Ring,3,245,0.12,646.8,536.46,110.34,62.23,2023-07-04
2025-08-04,ORD-101612,C-4609,EMEA,Organic,Consumer,Audio,Halo Headset,2,125,0,250,145.24,104.76,0,2024-08-17
2025-08-04,ORD-101613,C-4778,North America,Social,Consumer,Accessories,Flux Cable,2,93,0,186,114.19,71.81,18.1,2023-11-01
2025-08-04,ORD-101614,C-4487,APAC,Affiliate,SMB,Audio,Echo Buds,3,79,0,237,170.65,66.35,22.75,2024-12-16
2025-08-04,ORD-101615,C-4263,EMEA,Paid Search,Consumer,Wearables,Pulse Band,2,105,0.15718978102189782,176.99,112.78,64.21,24.03,2024-09-22
2025-08-04,ORD-101616,C-4851,North America,Paid Search,Consumer,Accessories,Shield Case,2,204,0.05718978102189781,384.67,275.78,108.89,52.23,2023-12-19
2025-08-04,ORD-101617,C-4477,North America,Organic,Consumer,Home,Beacon Lamp,2,192,0,384,288.66,95.34,0,2024-01-30
2025-08-04,ORD-101618,C-4572,North America,Email,Consumer,Home,Nest Sensor,2,64,0,128,68.56,59.44,9.19,2023-06-08
2025-08-04,ORD-101619,C-4227,North America,Email,Enterprise,Audio,Echo Buds,4,79,0.1,284.4,227.53,56.87,28.92,2023-10-27
2025-08-04,ORD-101620,C-4476,APAC,Affiliate,SMB,Home,Nest Sensor,3,64,0.06,180.48,102.83,77.65,18.97,2025-09-07
2025-08-05,ORD-101621,C-4691,EMEA,Social,Enterprise,Wearables,Pulse Band,8,105,0,840,451.12,388.88,92.25,2023-12-30
2025-08-05,ORD-101622,C-4457,EMEA,Organic,Enterprise,Wearables,Aura Watch,4,329,0.06343065693430656,1232.53,744.13,488.4,0,2025-05-14
2025-08-05,ORD-101623,C-4269,APAC,Social,SMB,Home,Nest Sensor,1,64,0,64,34.28,29.72,6.64,2025-04-26
2025-08-05,ORD-101624,C-4436,APAC,Paid Search,SMB,Audio,Halo Headset,3,125,0.027299270072992696,364.76,217.87,146.89,49.59,2025-04-07
2025-08-05,ORD-101625,C-4245,North America,Paid Search,SMB,Wearables,Nimbus Ring,2,245,0.15729927007299271,412.92,357.64,55.28,56.14,2023-08-03
2025-08-05,ORD-101626,C-4776,APAC,Paid Search,Consumer,Audio,Halo Headset,1,125,0.0372992700729927,120.34,72.62,47.72,16.36,2025-09-25
2025-08-05,ORD-101627,C-4396,North America,Affiliate,Consumer,Home,Nest Sensor,1,64,0.06,60.16,34.28,25.88,5.1,2025-04-12
2025-08-05,ORD-101628,C-4424,North America,Email,Consumer,Accessories,Orbit Dock,1,208,0.13,180.96,119.97,60.99,11.37,2023-02-28
2025-08-05,ORD-101629,C-4304,North America,Organic,SMB,Audio,Echo Buds,2,79,0,158,113.76,44.24,0,2024-03-18
2025-08-05,ORD-101630,C-4816,APAC,Organic,SMB,Accessories,Flux Cable,3,93,0,279,171.28,107.72,0,2024-06-14
2025-08-05,ORD-101631,C-4206,EMEA,Social,SMB,Accessories,Orbit Dock,3,208,0,624,359.9,264.1,64.04,2024-10-14
2025-08-05,ORD-101632,C-4590,APAC,Email,SMB,Accessories,Orbit Dock,3,208,0.05,592.8,359.9,232.9,64.56,2023-02-13
2025-08-05,ORD-101633,C-4344,EMEA,Social,Consumer,Home,Vista Hub,3,214,0.08,590.64,454.55,136.09,40.39,2024-11-18
2025-08-05,ORD-101634,C-4332,APAC,Paid Search,Consumer,Home,Nest Sensor,1,64,0.017299270072992697,62.89,34.28,28.61,8.55,2024-08-21
2025-08-05,ORD-101635,C-4341,EMEA,Affiliate,Enterprise,Home,Vista Hub,3,214,0,642,454.55,187.45,58.23,2024-11-12
2025-08-05,ORD-101636,C-4989,EMEA,Affiliate,SMB,Audio,Halo Headset,3,125,0.05,356.25,217.87,138.38,35.01,2023-05-25
2025-08-05,ORD-101637,C-4605,EMEA,Email,SMB,Home,Vista Hub,2,214,0,428,303.03,124.97,36.26,2023-11-07
2025-08-06,ORD-101638,C-4104,EMEA,Affiliate,Enterprise,Accessories,Flux Cable,7,93,0.14,559.86,399.66,160.2,37.6,2024-03-06
2025-08-06,ORD-101639,C-4939,EMEA,Organic,Consumer,Audio,Echo Buds,3,79,0,237,170.65,66.35,0,2025-08-27
2025-08-06,ORD-101640,C-4336,EMEA,Email,SMB,Wearables,Pulse Band,3,105,0,315,169.17,145.83,19.44,2024-03-23
2025-08-06,ORD-101641,C-4215,EMEA,Affiliate,Enterprise,Home,Nest Sensor,9,64,0,576,308.5,267.5,49.24,2023-07-11
2025-08-06,ORD-101642,C-4752,APAC,Social,Consumer,Home,Beacon Lamp,3,192,0,576,432.99,143.01,58.76,2023-11-17
2025-08-06,ORD-101643,C-4966,North America,Paid Search,SMB,Accessories,Orbit Dock,1,208,0.06740875912408759,193.98,119.97,74.01,26.4,2025-05-22
2025-08-06,ORD-101644,C-4512,North America,Paid Search,SMB,Wearables,Nimbus Ring,3,245,0.03740875912408759,707.5,536.46,171.04,96.3,2024-04-29
2025-08-06,ORD-101645,C-4622,North America,Email,Enterprise,Accessories,Orbit Dock,6,208,0,1248,719.8,528.2,76.02,2025-08-26
2025-08-06,ORD-101646,C-4800,EMEA,Social,Enterprise,Wearables,Aura Watch,5,329,0.06383211678832117,1540,930.4,609.6,134.01,2024-01-27
2025-08-06,ORD-101647,C-4117,EMEA,Organic,Enterprise,Home,Vista Hub,7,214,0.02,1468.04,1060.62,407.42,0,2023-06-02
2025-08-06,ORD-101648,C-4394,North America,Organic,Enterprise,Audio,Halo Headset,3,125,0.11,333.75,217.87,115.88,0,2024-09-04
2025-08-06,ORD-101649,C-4757,APAC,Email,SMB,Home,Nest Sensor,3,64,0.06,180.48,102.83,77.65,14.81,2023-05-02
2025-08-06,ORD-101650,C-4634,EMEA,Paid Search,Consumer,Wearables,Aura Watch,3,329,0.08124087591240875,906.82,558.24,348.58,123.43,2023-01-26
2025-08-07,ORD-101651,C-4874,EMEA,Affiliate,SMB,Accessories,Shield Case,2,204,0.12,359.04,275.78,83.26,25.22,2025-04-04
2025-08-07,ORD-101652,C-4953,North America,Paid Search,SMB,Audio,Echo Buds,3,79,0.01751824817518248,232.85,170.65,62.2,31.73,2023-02-21
2025-08-07,ORD-101653,C-4901,EMEA,Paid Search,Consumer,Audio,Echo Buds,3,79,0.01751824817518248,232.85,170.65,62.2,31.73,2024-08-19
2025-08-07,ORD-101654,C-4369,EMEA,Paid Search,Consumer,Wearables,Nimbus Ring,1,245,0.01751824817518248,240.71,178.82,61.89,32.8,2023-03-26
2025-08-07,ORD-101655,C-4783,EMEA,Organic,Enterprise,Accessories,Orbit Dock,9,208,0.1,1684.8,1079.7,605.1,0,2024-01-02
2025-08-07,ORD-101656,C-4284,EMEA,Affiliate,Consumer,Home,Beacon Lamp,1,192,0.01,190.08,144.33,45.75,14.99,2025-01-03
2025-08-07,ORD-101657,C-4687,APAC,Paid Search,Consumer,Wearables,Nimbus Ring,1,245,0.01751824817518248,240.71,178.82,61.89,32.8,2023-05-07
2025-08-07,ORD-101658,C-4587,North America,Affiliate,SMB,Accessories,Shield Case,1,204,0.07,189.72,137.89,51.83,15.42,2025-05-27
2025-08-07,ORD-101659,C-4862,North America,Social,Consumer,Home,Beacon Lamp,1,192,0,192,144.33,47.67,14.91,2024-05-03
2025-08-07,ORD-101660,C-4148,EMEA,Email,Enterprise,Audio,Echo Buds,4,79,0,316,227.53,88.47,32.93,2025-02-18
2025-08-07,ORD-101661,C-4648,APAC,Paid Search,Consumer,Wearables,Aura Watch,1,329,0.15175182481751825,279.07,186.13,92.94,38.03,2025-08-06
2025-08-07,ORD-101662,C-4997,EMEA,Paid Search,SMB,Home,Nest Sensor,1,64,0.01751824817518248,62.88,34.28,28.6,8.57,2023-12-28
2025-08-07,ORD-101663,C-4791,North America,Organic,SMB,Wearables,Aura Watch,1,329,0.12423357664233577,288.13,186.13,102,0,2024-10-04
2025-08-07,ORD-101664,C-4591,North America,Social,Consumer,Wearables,Nimbus Ring,3,245,0,735,536.46,198.54,73.27,2025-03-02
2025-08-08,ORD-101665,C-4507,North America,Email,SMB,Accessories,Flux Cable,3,93,0,279,171.28,107.72,25.57,2023-08-25
2025-08-08,ORD-101666,C-4277,EMEA,Email,SMB,Audio,Echo Buds,1,79,0,79,56.88,22.12,7.7,2023-09-10
2025-08-08,ORD-101667,C-4910,APAC,Social,Consumer,Audio,Echo Buds,2,79,0.13,137.46,113.76,23.7,10.39,2025-08-28
2025-08-08,ORD-101668,C-4548,North America,Affiliate,Enterprise,Wearables,Nimbus Ring,5,245,0,1225,894.1,330.9,94.8,2023-10-29
2025-08-08,ORD-101669,C-4610,APAC,Social,Consumer,Audio,Echo Buds,2,79,0.11,140.62,113.76,26.86,10.43,2025-03-19
2025-08-08,ORD-101670,C-4987,EMEA,Organic,Consumer,Home,Vista Hub,2,214,0,428,303.03,124.97,0,2025-03-08
2025-08-08,ORD-101671,C-4692,APAC,Affiliate,Enterprise,Wearables,Aura Watch,3,329,0.16463503649635036,824.51,558.51,266,86.67,2024-03-27
2025-08-09,ORD-101672,C-4162,EMEA,Social,Consumer,Accessories,Shield Case,1,204,0,204,137.89,66.11,14.93,2025-07-08
2025-08-09,ORD-101673,C-4114,North America,Paid Search,SMB,Wearables,Aura Watch,2,329,0.08277372262773723,603.53,372.43,231.1,82.45,2023-05-31
2025-08-09,ORD-101674,C-4393,APAC,Paid Search,Enterprise,Wearables,Nimbus Ring,4,245,0.017737226277372262,962.62,715.28,247.34,131.5,2025-05-01
2025-08-09,ORD-101675,C-4820,North America,Paid Search,Consumer,Accessories,Orbit Dock,3,208,0.017737226277372262,612.93,359.9,253.03,83.73,2024-07-05
2025-08-09,ORD-101676,C-4379,North America,Social,Consumer,Wearables,Nimbus Ring,3,245,0.08,676.2,536.46,139.74,43.78,2024-07-06
2025-08-09,ORD-101677,C-4609,North America,Email,Enterprise,Home,Nest Sensor,5,64,0.09,291.2,171.39,119.81,18.11,2024-06-24
2025-08-09,ORD-101678,C-4898,APAC,Paid Search,Enterprise,Home,Beacon Lamp,8,192,0.017737226277372262,1508.76,1154.65,354.11,206.11,2023-10-06
2025-08-09,ORD-101679,C-4314,North America,Organic,SMB,Accessories,Shield Case,3,204,0,612,413.67,198.33,,2024-01-11
2025-08-09,ORD-101680,C-4494,EMEA,Affiliate,Consumer,Audio,Echo Buds,2,79,0.08,145.36,113.76,31.6,8.73,2024-12-12
2025-08-10,ORD-101681,C-4827,APAC,Social,Enterprise,Home,Beacon Lamp,4,192,0,768,577.32,190.68,56.82,2024-02-15
2025-08-10,ORD-101682,C-4879,EMEA,Organic,SMB,Wearables,Nimbus Ring,1,245,0,245,178.82,66.18,0,2025-05-31
2025-08-10,ORD-101683,C-4350,EMEA,Organic,Enterprise,Home,Nest Sensor,7,64,0,448,239.95,208.05,0,2024-04-19
2025-08-10,ORD-101684,C-4510,North America,Email,SMB,Wearables,Aura Watch,2,329,0.06543795620437956,614.94,372.52,242.42,67.32,2023-02-07
2025-08-10,ORD-101685,C-4608,APAC,Paid Search,Enterprise,Home,Nest Sensor,1,64,0.13784671532846715,55.18,34.28,20.9,7.55,2024-03-29
2025-08-10,ORD-101686,C-4287,EMEA,Email,Enterprise,Wearables,Nimbus Ring,1,245,0,245,178.82,66.18,24.17,2024-08-11
2025-08-10,ORD-101687,C-4657,APAC,Email,Enterprise,Audio,Halo Headset,3,125,0.11,333.75,217.87,115.88,24.58,2023-10-04
2025-08-10,ORD-101688,C-4555,EMEA,Social,SMB,Home,Vista Hub,1,214,0.02,209.72,151.52,58.2,18.03,2023-10-14
2025-08-10,ORD-101689,C-4854,EMEA,Organic,SMB,Home,Beacon Lamp,2,192,0,384,288.66,95.34,0,2024-09-24
2025-08-10,ORD-101690,C-4544,North America,Email,SMB,Home,Beacon Lamp,3,192,0,576,432.99,143.01,58.69,2024-09-11
2025-08-10,ORD-101691,C-4862,APAC,Social,Enterprise,Accessories,Orbit Dock,3,208,0.06,586.56,359.9,226.66,46.26,2024-01-10
2025-08-11,ORD-101692,C-4659,EMEA,Email,SMB,Wearables,Nimbus Ring,3,245,0,735,536.46,198.54,55.72,2023-04-20
2025-08-11,ORD-101693,C-4439,EMEA,Organic,Consumer,Home,Nest Sensor,3,64,0,192,102.83,89.17,0,2025-05-08
2025-08-11,ORD-101694,C-4673,APAC,Affiliate,SMB,Home,Vista Hub,3,214,0.13,558.54,454.55,103.99,59.99,2023-06-11
2025-08-11,ORD-101695,C-4552,APAC,Paid Search,SMB,Accessories,Orbit Dock,2,208,0.017956204379562045,408.53,239.93,168.6,55.94,2024-03-22
2025-08-11,ORD-101696,C-4950,North America,Affiliate,Consumer,Home,Vista Hub,1,214,0,214,151.52,62.48,16.04,2025-05-03
2025-08-11,ORD-101697,C-4938,EMEA,Social,SMB,Home,Nest Sensor,2,64,0,128,68.56,59.44,13.06,2023-06-02
2025-08-11,ORD-101698,C-4398,North America,Email,Enterprise,Wearables,Aura Watch,6,329,0.14583941605839418,1686.11,1117.84,568.27,142.8,2025-08-08
2025-08-11,ORD-101699,C-4126,North America,Organic,Consumer,Audio,Echo Buds,1,79,0,79,56.88,22.12,0,2025-02-25
2025-08-11,ORD-101700,C-4727,North America,Email,SMB,Audio,Echo Buds,1,79,0,79,56.88,22.12,5.66,2023-07-30
2025-08-11,ORD-101701,C-4276,North America,Email,Consumer,Wearables,Aura Watch,1,329,0.06583941605839416,307.34,186.31,121.03,30.98,2025-01-01
2025-08-11,ORD-101702,C-4426,APAC,Social,Consumer,Wearables,Nimbus Ring,3,245,0.06,690.9,536.46,154.44,61.71,2023-08-26
2025-08-11,ORD-101703,C-4365,APAC,Organic,Enterprise,Accessories,Flux Cable,6,93,0,558,342.57,215.43,0,2023-05-23
2025-08-11,ORD-101704,C-4568,EMEA,Organic,Enterprise,Audio,Echo Buds,4,79,0.06,297.04,227.53,69.51,0,2024-03-06
2025-08-11,ORD-101705,C-4720,APAC,Social,SMB,Home,Beacon Lamp,3,192,0,576,432.99,143.01,55.1,2023-06-15
2025-08-12,ORD-101706,C-4675,EMEA,Email,Enterprise,Wearables,Pulse Band,5,105,0,525,281.95,243.05,43.05,2024-07-21
2025-08-12,ORD-101707,C-4192,North America,Social,Consumer,Audio,Echo Buds,1,79,0,79,56.88,22.12,5.06,2025-01-17
2025-08-12,ORD-101708,C-4547,EMEA,Organic,SMB,Wearables,Nimbus Ring,3,245,0.1,661.5,536.46,125.04,0,2023-01-02
2025-08-12,ORD-101709,C-4664,EMEA,Affiliate,Consumer,Home,Nest Sensor,3,64,0,192,102.83,89.17,12.91,2025-06-20
2025-08-12,ORD-101710,C-4598,EMEA,Organic,Consumer,Accessories,Flux Cable,1,93,0,93,57.09,35.91,0,2023-12-02
2025-08-12,ORD-101711,C-4539,North America,Paid Search,Consumer,Wearables,Nimbus Ring,1,245,0.018065693430656934,240.57,178.82,61.75,32.98,2023-08-19
2025-08-12,ORD-101712,C-4954,North America,Paid Search,Enterprise,Accessories,Flux Cable,2,93,0.12806569343065694,162.18,114.19,47.99,22.23,2025-01-04
2025-08-12,ORD-101713,C-4334,APAC,Organic,Consumer,Wearables,Nimbus Ring,3,245,0,735,536.46,198.54,0,2023-09-04
2025-08-12,ORD-101714,C-4748,North America,Email,SMB,Home,Vista Hub,3,214,0,642,454.55,187.45,58,2025-06-14
2025-08-12,ORD-101715,C-4858,EMEA,Email,Enterprise,Accessories,Flux Cable,7,93,0.09,592.41,399.66,192.75,63.25,2025-01-05
2025-08-13,ORD-101716,C-4372,APAC,Paid Search,Enterprise,Accessories,Shield Case,8,204,0.018175182481751824,1602.34,1103.12,499.22,219.94,2025-09-06
2025-08-13,ORD-101717,C-4695,EMEA,Organic,Enterprise,Wearables,Aura Watch,1,329,0.19664233576642337,264.3,186.4,77.9,0,2023-07-24
2025-08-13,ORD-101718,C-4368,APAC,Affiliate,Consumer,Wearables,Nimbus Ring,2,245,0,490,357.64,132.36,52.95,2023-03-05
2025-08-13,ORD-101719,C-4738,EMEA,Social,SMB,Wearables,Nimbus Ring,1,245,0,245,178.82,66.18,22.81,2025-03-23
2025-08-13,ORD-101720,C-4734,EMEA,Organic,SMB,Wearables,Pulse Band,1,105,0.13,91.35,56.39,34.96,0,2023-08-27
2025-08-13,ORD-101721,C-4207,North America,Email,Consumer,Accessories,Shield Case,1,204,0,204,137.89,66.11,20.44,2024-03-22
2025-08-13,ORD-101722,C-4214,EMEA,Organic,Consumer,Accessories,Shield Case,1,204,0.08,187.68,137.89,49.79,0,2024-11-06
2025-08-13,ORD-101723,C-4456,EMEA,Paid Search,Consumer,Wearables,Pulse Band,2,105,0.018175182481751824,206.18,112.78,93.4,28.3,2025-06-08
2025-08-13,ORD-101724,C-4773,APAC,Organic,Enterprise,Home,Vista Hub,5,214,0.02,1048.6,757.59,291.01,0,2025-09-11
2025-08-13,ORD-101725,C-4310,EMEA,Affiliate,SMB,Wearables,Pulse Band,3,105,0.12,277.2,169.17,108.03,25.15,2024-07-13
2025-08-13,ORD-101726,C-4444,North America,Affiliate,Consumer,Accessories,Shield Case,2,204,0,408,275.78,132.22,25.33,2025-04-23
2025-08-14,ORD-101727,C-4767,EMEA,Affiliate,Consumer,Home,Vista Hub,1,214,0,214,151.52,62.48,19.45,2023-06-08
2025-08-14,ORD-101728,C-4422,North America,Social,SMB,Audio,Halo Headset,2,125,0,250,145.24,104.76,26.22,2023-10-31
2025-08-14,ORD-101729,C-4914,APAC,Paid Search,Enterprise,Audio,Echo Buds,2,79,0.07828467153284671,145.63,113.76,31.87,20.01,2024-01-24
2025-08-14,ORD-101730,C-4941,EMEA,Paid Search,Enterprise,Audio,Echo Buds,7,79,0.018284671532846714,542.89,398.17,144.72,74.61,2024-01-21
2025-08-14,ORD-101731,C-4665,APAC,Social,Enterprise,Accessories,Flux Cable,5,93,0.02,455.7,285.47,170.23,30.44,2024-12-17
2025-08-14,ORD-101732,C-4767,North America,Affiliate,SMB,Accessories,Orbit Dock,2,208,0,416,239.93,176.07,35.75,2023-08-24
2025-08-14,ORD-101733,C-4683,North America,Email,SMB,Home,Nest Sensor,2,64,0,128,68.56,59.44,13.7,2023-02-13
2025-08-14,ORD-101734,C-4808,EMEA,Affiliate,SMB,Home,Beacon Lamp,1,192,0,192,144.33,47.67,15.2,2025-04-12
2025-08-14,ORD-101735,C-4264,EMEA,Paid Search,Enterprise,Audio,Echo Buds,9,79,0.1382846715328467,612.68,511.94,100.74,84.2,2024-02-20
2025-08-14,ORD-101736,C-4736,APAC,Affiliate,SMB,Wearables,Aura Watch,2,329,0.06704379562043795,613.89,372.89,241,45.49,2023-10-10
2025-08-14,ORD-101737,C-4755,APAC,Affiliate,Enterprise,Accessories,Shield Case,8,204,0.05,1550.4,1103.12,447.28,122.49,2025-06-07
2025-08-14,ORD-101738,C-4927,APAC,Organic,SMB,Home,Beacon Lamp,2,192,0,384,288.66,95.34,0,2023-03-02
2025-08-14,ORD-101739,C-4211,APAC,Email,Enterprise,Wearables,Pulse Band,2,105,0,210,112.78,97.22,22.9,2024-11-29
2025-08-14,ORD-101740,C-4421,EMEA,Affiliate,Consumer,Home,Vista Hub,1,214,0,214,151.52,62.48,18.2,2024-03-01
2025-08-14,ORD-101741,C-4211,APAC,,SMB,Accessories,Flux Cable,2,93,0.05,176.7,114.19,62.51,0,2024-10-15
2025-08-14,ORD-101742,C-4997,EMEA,Paid Search,Consumer,Accessories,Orbit Dock,3,208,0.018284671532846714,612.59,359.9,252.69,84.19,2023-07-18
2025-08-15,ORD-101743,C-4514,North America,Social,SMB,Wearables,Pulse Band,2,105,0.03,203.7,112.78,90.92,16.32,2023-06-09
2025-08-15,ORD-101744,C-4674,APAC,Organic,SMB,Accessories,Flux Cable,3,93,0,279,171.28,107.72,0,2023-10-20
2025-08-15,ORD-101745,C-4259,EMEA,Organic,Enterprise,Audio,Halo Headset,5,125,0,625,363.11,261.89,0,2024-01-12
2025-08-15,ORD-101746,C-4262,APAC,Paid Search,Enterprise,Home,Beacon Lamp,3,192,0.1083941605839416,513.56,432.99,80.57,,2023-01-14
2025-08-15,ORD-101747,C-4419,EMEA,Organic,SMB,Home,Beacon Lamp,3,192,0,576,432.99,143.01,0,2023-07-19
2025-08-15,ORD-101748,C-4740,EMEA,Affiliate,SMB,Home,Nest Sensor,1,64,0.09,58.24,34.28,23.96,6.33,2024-07-11
2025-08-15,ORD-101749,C-4793,APAC,Organic,SMB,Home,Beacon Lamp,1,192,0,192,144.33,47.67,0,2025-02-04
2025-08-15,ORD-101750,C-4959,North America,Affiliate,SMB,Home,Nest Sensor,1,64,0.12,56.32,34.28,22.04,5.22,2024-05-27
2025-08-15,ORD-101751,C-4731,EMEA,Email,Enterprise,Wearables,Nimbus Ring,3,245,0.08,676.2,536.46,139.74,64.93,2025-08-03
2025-08-15,ORD-101752,C-4735,APAC,Paid Search,SMB,Home,Beacon Lamp,2,192,0.04839416058394161,365.42,288.66,76.76,50.28,2025-08-11
2025-08-16,ORD-101753,C-4116,APAC,Affiliate,Consumer,Accessories,Shield Case,2,204,0,408,275.78,132.22,40.29,2024-11-27
2025-08-16,ORD-101754,C-4315,APAC,Email,Consumer,Audio,Echo Buds,3,79,0.03,229.89,170.65,59.24,19.26,2024-11-05
2025-08-16,ORD-101755,C-4219,EMEA,Paid Search,SMB,Accessories,Flux Cable,1,93,0.04850364963503649,88.49,57.09,31.4,12.19,2023-01-11
2025-08-16,ORD-101756,C-4441,EMEA,,Consumer,Audio,Echo Buds,2,79,0.1285036496350365,137.7,113.76,23.94,18.97,2023-01-05
2025-08-16,ORD-101757,C-4634,APAC,Email,SMB,Accessories,Orbit Dock,1,208,0,208,119.97,88.03,13.13,2025-05-06
2025-08-16,ORD-101758,C-4569,North America,Affiliate,Consumer,Audio,Echo Buds,1,79,0,79,56.88,22.12,5.3,2024-12-13
2025-08-16,ORD-101759,C-4419,APAC,Social,Enterprise,Audio,Halo Headset,8,125,0,1000,580.98,419.02,62.15,2025-06-22
2025-08-16,ORD-101760,C-4941,North America,Organic,Enterprise,Accessories,Shield Case,5,204,0.05,969,689.45,279.55,0,2023-01-18
2025-08-16,ORD-101761,C-4801,North America,Social,Consumer,Wearables,Aura Watch,1,329,0.14784671532846716,280.36,186.54,93.82,20.95,2023-01-25
2025-08-16,ORD-101762,C-4647,North America,Organic,Consumer,Wearables,Nimbus Ring,1,245,0,245,178.82,66.18,0,2025-05-19
2025-08-16,ORD-101763,C-4915,North America,Affiliate,Consumer,Accessories,Flux Cable,1,93,0.07,86.49,57.09,29.4,7.39,2024-06-19
2025-08-16,ORD-101764,C-4647,EMEA,Affiliate,Consumer,Home,Beacon Lamp,1,192,0.05,182.4,144.33,38.07,19.65,2025-09-24
2025-08-17,ORD-101765,C-4384,North America,Affiliate,SMB,Home,Nest Sensor,1,64,0,64,34.28,29.72,4.81,2025-01-15
2025-08-17,ORD-101766,C-4268,North America,Paid Search,SMB,Wearables,Pulse Band,1,105,0.018613138686131386,103.05,56.39,46.66,14.21,2024-03-11
2025-08-17,ORD-101767,C-4137,North America,Affiliate,Consumer,Accessories,Orbit Dock,2,208,0,416,239.93,176.07,30.85,2024-03-11
2025-08-17,ORD-101768,C-4740,North America,Email,Enterprise,Accessories,Flux Cable,8,93,0,744,456.76,287.24,80.89,2025-03-21
2025-08-17,ORD-101769,C-4935,North America,Email,,Audio,Halo Headset,3,125,0,375,217.87,157.13,38.06,2025-03-28
2025-08-17,ORD-101770,C-4664,North America,Organic,Enterprise,Wearables,Pulse Band,3,105,0,315,169.17,145.83,0,2023-06-20
2025-08-17,ORD-101771,C-4925,North America,Email,SMB,Home,Vista Hub,2,214,0,428,303.03,124.97,43.19,2023-09-07
2025-08-17,ORD-101772,C-4691,APAC,Email,Enterprise,Home,Vista Hub,4,214,0,856,606.07,249.93,56.8,2024-10-10
2025-08-18,ORD-101773,C-4913,North America,Affiliate,Consumer,Wearables,Pulse Band,3,105,0,315,169.17,145.83,31.07,2024-07-12
2025-08-18,ORD-101774,C-4610,APAC,Organic,Consumer,Home,Vista Hub,1,214,0,214,151.52,62.48,0,2025-03-27
2025-08-18,ORD-101775,C-4933,APAC,Paid Search,Enterprise,Accessories,Shield Case,6,204,0.018722627737226275,1201.08,827.34,373.74,165.85,2023-11-23
2025-08-18,ORD-101776,C-4597,APAC,Affiliate,Enterprise,Wearables,Aura Watch,6,329,0.06864963503649635,1838.49,1119.76,718.73,197.03,2024-02-26
2025-08-18,ORD-101777,C-4639,North America,Organic,Consumer,Wearables,Pulse Band,3,105,0,315,169.17,145.83,0,2025-04-07
2025-08-18,ORD-101778,C-4969,EMEA,Social,SMB,Audio,Halo Headset,3,125,0.08,345,217.87,127.13,30.71,2024-02-24
2025-08-18,ORD-101779,C-4851,EMEA,Affiliate,Consumer,Accessories,Orbit Dock,1,208,0,208,119.97,88.03,14.84,2025-04-17
2025-08-18,ORD-101780,C-4185,EMEA,Social,SMB,Wearables,Nimbus Ring,2,245,0.15,416.5,357.64,58.86,29.5,2024-09-22
2025-08-18,ORD-101781,C-4114,APAC,Social,Enterprise,Home,Vista Hub,3,214,0,642,454.55,187.45,56.27,2025-02-16
2025-08-18,ORD-101782,C-4112,EMEA,Affiliate,SMB,Wearables,Aura Watch,1,329,0.06864963503649635,306.41,186.63,119.78,23.64,2024-12-14
2025-08-18,ORD-101783,C-4422,APAC,Organic,SMB,Accessories,Orbit Dock,3,208,0,624,359.9,264.1,0,2025-09-01
2025-08-18,ORD-101784,C-4547,APAC,Social,Consumer,Accessories,Flux Cable,2,93,0,186,114.19,71.81,17.34,2024-01-25
2025-08-19,ORD-101785,C-4248,EMEA,Email,Consumer,Wearables,Aura Watch,2,329,0.06905109489051095,612.56,373.34,239.22,46.6,2023-02-22
2025-08-19,ORD-101786,C-4457,North America,Organic,Consumer,Wearables,Nimbus Ring,3,245,0,735,536.46,198.54,0,2025-01-26
2025-08-19,ORD-101787,C-4864,APAC,Social,SMB,Home,Nest Sensor,2,64,0,128,68.56,59.44,12.66,2023-04-12
2025-08-19,ORD-101788,C-4633,North America,Organic,Consumer,Home,Nest Sensor,2,64,0,128,68.56,59.44,0,2025-07-31
2025-08-19,ORD-101789,C-4382,APAC,Email,SMB,Accessories,Orbit Dock,3,208,0,624,359.9,264.1,62.17,2023-06-23
2025-08-19,ORD-101790,C-4911,North America,Social,Consumer,Accessories,Shield Case,3,204,0.04,587.52,413.67,173.85,36.2,2024-11-04
2025-08-19,ORD-101791,C-4995,North America,Social,Consumer,Audio,Echo Buds,1,79,0,79,56.88,22.12,5.24,2025-08-04
2025-08-19,ORD-101792,C-4519,APAC,Email,Enterprise,Audio,Halo Headset,1,125,0,125,72.62,52.38,9.38,2025-08-22
2025-08-19,ORD-101793,C-4298,APAC,Social,Enterprise,Accessories,Flux Cable,1,93,0.13,80.91,57.09,23.82,7.99,2023-11-22
2025-08-19,ORD-101794,C-4338,EMEA,Organic,SMB,Wearables,Aura Watch,3,329,0.07905109489051095,908.98,560.02,348.96,0,2024-08-28
2025-08-19,ORD-101795,C-4926,EMEA,Affiliate,SMB,Home,Vista Hub,3,214,0,642,454.55,187.45,65.31,2024-01-16
2025-08-19,ORD-101796,C-4402,EMEA,Email,SMB,Wearables,Nimbus Ring,3,245,0.07,683.55,536.46,147.09,50.32,2023-11-06
2025-08-19,ORD-101797,C-4521,APAC,Organic,SMB,Home,Beacon Lamp,2,192,0.05,364.8,288.66,76.14,0,2025-07-31
2025-08-20,ORD-101798,C-4269,APAC,Email,SMB,Accessories,Orbit Dock,1,208,0.13,180.96,119.97,60.99,12.35,2024-02-28
2025-08-20,ORD-101799,C-4903,North America,Organic,Enterprise,Wearables,Nimbus Ring,9,245,0,2205,1609.39,595.61,0,2023-07-30
2025-08-20,ORD-101800,C-4976,APAC,Affiliate,SMB,Wearables,Aura Watch,3,329,0.10945255474452553,878.97,560.16,318.81,80.09,2024-02-17
2025-08-20,ORD-101801,C-4921,APAC,Paid Search,SMB,Accessories,Shield Case,3,204,0.038941605839416055,588.17,413.67,174.5,81.41,2023-07-06
2025-08-20,ORD-101802,C-4315,APAC,Email,SMB,Home,Vista Hub,1,214,0,214,151.52,62.48,12.96,2024-11-25
2025-08-20,ORD-101803,C-4820,EMEA,Paid Search,Consumer,Accessories,Flux Cable,2,93,0.14894160583941607,158.3,114.19,44.11,21.91,2023-08-13
2025-08-20,ORD-101804,C-4692,APAC,Email,SMB,Audio,Halo Headset,3,125,0.07,348.75,217.87,130.88,23.56,2023-10-14
2025-08-20,ORD-101805,C-4649,EMEA,Social,Consumer,Wearables,Pulse Band,3,105,0,315,169.17,145.83,29.58,2025-08-10
2025-08-20,ORD-101806,C-4536,APAC,Organic,SMB,Accessories,Shield Case,3,204,0.05,581.4,413.67,167.73,0,2024-09-15
2025-08-20,ORD-101807,C-4363,North America,Affiliate,Enterprise,Wearables,Aura Watch,4,329,0.06945255474452554,1224.6,746.87,477.73,99.94,2024-06-04
2025-08-20,ORD-101808,C-4349,North America,Social,Enterprise,Accessories,Flux Cable,2,93,0.05,176.7,114.19,62.51,11.47,2025-06-21
2025-08-20,ORD-101809,C-4825,APAC,Social,Consumer,Wearables,Aura Watch,1,329,0.21945255474452552,256.8,186.72,70.08,17.94,2024-12-27
2025-08-20,ORD-101810,C-4562,North America,Organic,Consumer,Wearables,Aura Watch,1,329,0.21945255474452552,256.8,186.72,70.08,0,2023-05-28
2025-08-20,ORD-101811,C-4968,North America,Social,Enterprise,Home,Beacon Lamp,5,192,0,960,721.65,238.35,103.73,2025-02-11
2025-08-20,ORD-101812,C-4838,APAC,Organic,SMB,Home,Nest Sensor,3,64,0.06,180.48,102.83,77.65,0,2023-02-09
2025-08-20,ORD-101813,C-4831,APAC,Affiliate,SMB,Accessories,Orbit Dock,3,208,0.12,549.12,359.9,189.22,37.14,2024-01-31
2025-08-21,ORD-101814,C-4897,EMEA,Affiliate,Enterprise,Audio,Halo Headset,9,125,0,1125,653.6,471.4,98.95,2024-07-13
2025-08-21,ORD-101815,C-4577,EMEA,Email,SMB,Wearables,Pulse Band,2,105,0,210,112.78,97.22,19.68,2023-01-31
2025-08-21,ORD-101816,C-4525,APAC,Social,SMB,Accessories,Flux Cable,3,93,0,279,171.28,107.72,26.67,2025-02-10
2025-08-21,ORD-101817,C-4849,APAC,Affiliate,Enterprise,Wearables,Pulse Band,1,105,0.11,93.45,56.39,37.06,8.57,2023-08-18
2025-08-21,ORD-101818,C-4503,North America,Email,Consumer,Accessories,Orbit Dock,2,208,0.02,407.68,239.93,167.75,34.58,2025-08-21
2025-08-21,ORD-101819,C-4947,APAC,Paid Search,SMB,Audio,Echo Buds,3,79,0.019051094890510947,232.48,170.65,61.83,32.22,2024-12-12
2025-08-21,ORD-101820,C-4254,North America,Organic,SMB,Accessories,Flux Cable,2,93,0,186,114.19,71.81,0,2024-05-27
2025-08-21,ORD-101821,C-4363,EMEA,Affiliate,SMB,Home,Beacon Lamp,2,192,0.02,376.32,288.66,87.66,23.16,2024-05-09
2025-08-21,ORD-101822,C-4169,North America,Social,Consumer,Audio,Echo Buds,2,79,0,158,113.76,44.24,11.6,2024-08-16
2025-08-21,ORD-101823,C-4566,APAC,Email,Enterprise,Accessories,Orbit Dock,5,208,0.03,1008.8,599.83,408.97,80.84,2025-02-20
2025-08-21,ORD-101824,C-4185,North America,Social,Consumer,Wearables,Aura Watch,3,329,0.06985401459854014,918.05,560.3,357.75,90.79,2025-01-05
2025-08-21,ORD-101825,C-4501,APAC,Email,SMB,Audio,Halo Headset,2,125,0.07,232.5,145.24,87.26,23.57,2023-06-23
2025-08-22,ORD-101826,C-4988,APAC,Organic,SMB,Home,Nest Sensor,2,64,0.09,116.48,68.56,47.92,0,2025-04-26
2025-08-22,ORD-101827,C-4240,EMEA,Social,SMB,Accessories,Flux Cable,2,93,0,186,114.19,71.81,15.4,2024-04-18
2025-08-22,ORD-101828,C-4366,APAC,Organic,Enterprise,Audio,Echo Buds,3,79,0.03,229.89,170.65,59.24,0,2023-09-18
2025-08-22,ORD-101829,C-4980,EMEA,Social,Consumer,Audio,Echo Buds,3,79,0,237,170.65,66.35,18.35,2023-04-28
2025-08-22,ORD-101830,C-4640,APAC,Organic,Consumer,Audio,Echo Buds,3,79,0,237,170.65,66.35,0,2024-08-15
2025-08-22,ORD-101831,C-4913,North America,Social,Enterprise,Wearables,Nimbus Ring,5,245,0.02,1200.5,894.1,306.4,83.95,2023-05-03
2025-08-22,ORD-101832,C-4339,North America,Email,Consumer,Accessories,Shield Case,2,204,0,408,275.78,132.22,25.8,2025-04-10
2025-08-22,ORD-101833,C-4610,APAC,Affiliate,Enterprise,Home,Beacon Lamp,8,192,0,1536,1154.65,381.35,99.74,2025-09-19
2025-08-22,ORD-101834,C-4865,APAC,Email,SMB,Accessories,Flux Cable,3,93,0,279,171.28,107.72,19.79,2025-09-10
2025-08-22,ORD-101835,C-4529,North America,Social,Consumer,Wearables,Pulse Band,2,105,0.13,182.7,112.78,69.92,20.02,2023-11-02
2025-08-22,ORD-101836,C-4882,EMEA,Email,Enterprise,Audio,Halo Headset,8,125,0.1,900,580.98,319.02,98.89,2025-04-14
2025-08-22,ORD-101837,C-4605,North America,Affiliate,Enterprise,Wearables,Pulse Band,1,105,0,105,56.39,48.61,8.5,2025-08-18
2025-08-23,ORD-101838,C-4684,APAC,Email,SMB,Accessories,Orbit Dock,1,208,0,208,119.97,88.03,18.91,2023-05-16
2025-08-23,ORD-101839,C-4796,North America,Organic,Enterprise,Accessories,Shield Case,1,204,0,204,137.89,66.11,0,2025-04-25
2025-08-23,ORD-101840,C-4326,APAC,Affiliate,Consumer,Wearables,Pulse Band,3,105,0,315,169.17,145.83,33.5,2023-02-14
2025-08-23,ORD-101841,C-4496,North America,Paid Search,Enterprise,Wearables,Nimbus Ring,9,245,0.01927007299270073,2162.51,1609.39,553.12,300.38,2024-06-14
2025-08-23,ORD-101842,C-4458,North America,Affiliate,SMB,Accessories,Orbit Dock,3,208,0.03,605.28,359.9,245.38,66.38,2023-10-21
2025-08-23,ORD-101843,C-4642,North America,Social,Consumer,Audio,Echo Buds,3,79,0,237,170.65,66.35,24.4,2024-12-14
2025-08-23,ORD-101844,C-4109,APAC,Email,SMB,Home,Nest Sensor,1,64,0.04,61.44,34.28,27.16,5.66,2023-02-07
2025-08-23,ORD-101845,C-4880,EMEA,Organic,Enterprise,Wearables,Nimbus Ring,1,245,0.01,242.55,178.82,63.73,0,2024-05-12
2025-08-23,ORD-101846,C-4710,North America,Paid Search,Consumer,Wearables,Pulse Band,3,105,0.08927007299270073,286.88,169.17,117.71,39.85,2023-06-05
2025-08-24,ORD-101847,C-4860,EMEA,Email,Enterprise,Accessories,Orbit Dock,7,208,0,1456,839.77,616.23,96.39,2023-11-23
2025-08-24,ORD-101848,C-4593,North America,Social,Consumer,Accessories,Flux Cable,1,93,0,93,57.09,35.91,7.36,2024-10-31
2025-08-24,ORD-101849,C-4472,EMEA,Affiliate,Enterprise,Wearables,Nimbus Ring,1,245,0,245,178.82,66.18,22.2,2024-11-12
2025-08-24,ORD-101850,C-4347,EMEA,Email,Consumer,Wearables,Pulse Band,3,105,0.03,305.55,169.17,136.38,22.66,2025-01-30
2025-08-24,ORD-101851,C-4982,APAC,Social,Consumer,Home,Nest Sensor,1,64,0,64,34.28,29.72,4.14,2023-12-28
2025-08-24,ORD-101852,C-4316,EMEA,Social,SMB,Home,Nest Sensor,1,64,0,64,34.28,29.72,5.14,2025-02-10
2025-08-24,ORD-101853,C-4147,North America,Affiliate,Enterprise,Wearables,Nimbus Ring,3,245,0.08,676.2,536.46,139.74,60.9,2025-04-09
2025-08-24,ORD-101854,C-4657,EMEA,Paid Search,Consumer,Wearables,Nimbus Ring,1,245,0.01937956204379562,240.25,178.82,61.43,33.41,2024-12-28
2025-08-24,ORD-101855,C-4881,EMEA,Social,Enterprise,Wearables,Nimbus Ring,2,245,0.1,441,357.64,83.36,27.46,2025-07-10
2025-08-24,ORD-101856,C-4670,EMEA,Social,SMB,Accessories,Shield Case,3,204,0,612,413.67,198.33,55.67,2023-08-15
2025-08-24,ORD-101857,C-4668,North America,Social,Consumer,Accessories,Orbit Dock,2,208,0,416,239.93,176.07,34.34,2024-07-02
2025-08-24,ORD-101858,C-4663,North America,Email,Enterprise,Accessories,Flux Cable,7,93,0,651,399.66,251.34,46.54,2025-02-11
2025-08-24,ORD-101859,C-4873,EMEA,Organic,SMB,Home,Nest Sensor,2,64,0.13,111.36,68.56,42.8,0,2024-08-01
2025-08-25,ORD-101860,C-4730,EMEA,Email,Enterprise,Home,Beacon Lamp,2,192,0,384,288.66,95.34,38.63,2024-04-19
2025-08-25,ORD-101861,,EMEA,Paid Search,Enterprise,Audio,Echo Buds,8,79,0.01948905109489051,619.68,455.05,164.63,86.28,2025-08-13
2025-08-25,ORD-101862,C-4204,EMEA,Email,SMB,Accessories,Shield Case,2,204,0,408,275.78,132.22,30.9,2024-12-01
2025-08-25,ORD-101863,C-4487,APAC,Social,SMB,Accessories,Orbit Dock,2,208,0.13,361.92,239.93,121.99,27.8,2023-06-02
2025-08-25,ORD-101864,C-4894,North America,Paid Search,SMB,Home,Beacon Lamp,3,192,0.0794890510948905,530.21,432.99,97.22,73.82,2023-02-27
2025-08-25,ORD-101865,C-4240,APAC,Social,Consumer,Audio,Echo Buds,2,79,0,158,113.76,44.24,16.07,2023-02-10
2025-08-25,ORD-101866,C-4498,North America,Email,SMB,Accessories,Flux Cable,3,93,0.05,265.05,171.28,93.77,24.1,2025-04-01
2025-08-26,ORD-101867,C-4920,EMEA,Affiliate,SMB,Wearables,Pulse Band,3,105,0,315,169.17,145.83,20.53,2023-01-11
2025-08-26,ORD-101868,C-4868,North America,Organic,Consumer,Accessories,Flux Cable,3,93,0,279,171.28,107.72,0,2023-09-21
2025-08-26,ORD-101869,C-4493,APAC,Organic,Consumer,Wearables,Nimbus Ring,3,245,0,735,536.46,198.54,0,2025-05-29
2025-08-26,ORD-101870,C-4185,EMEA,Email,Consumer,Accessories,Flux Cable,2,93,0,186,114.19,71.81,13.81,2023-04-07
2025-08-26,ORD-101871,C-4155,North America,Paid Search,Consumer,Home,Nest Sensor,1,64,0.019598540145985402,62.75,34.28,28.47,8.75,2023-07-17
2025-08-26,ORD-101872,C-4827,APAC,Organic,SMB,Wearables,Pulse Band,1,105,0,105,56.39,48.61,0,2024-05-23
2025-08-26,ORD-101873,C-4813,North America,Paid Search,Consumer,Wearables,Pulse Band,1,105,0.019598540145985402,102.94,56.39,46.55,14.35,2024-04-09
2025-08-26,ORD-101874,C-4220,North America,Organic,Enterprise,Audio,Echo Buds,9,79,0.11,632.79,511.94,120.85,0,2023-03-08
2025-08-26,ORD-101875,C-4551,EMEA,Organic,SMB,Wearables,Aura Watch,1,329,0.15186131386861315,279.04,187,92.04,0,2024-02-14
2025-08-26,ORD-101876,C-4108,North America,Organic,SMB,Home,Beacon Lamp,3,192,0,576,432.99,143.01,0,2024-03-13
2025-08-26,ORD-101877,C-4854,North America,Paid Search,Consumer,Audio,Echo Buds,1,79,0.019598540145985402,77.45,56.88,20.57,10.8,2024-02-08
2025-08-26,ORD-101878,C-4329,EMEA,Paid Search,Enterprise,Wearables,Pulse Band,3,105,0.019598540145985402,308.83,169.17,139.66,43.05,2023-02-16
2025-08-26,ORD-101879,C-4563,EMEA,Affiliate,Enterprise,Accessories,Flux Cable,5,93,0,465,285.47,179.53,48.67,2023-03-13
2025-08-26,ORD-101880,C-4107,North America,Organic,Consumer,Home,Beacon Lamp,2,192,0.03,372.48,288.66,83.82,0,2025-01-02
2025-08-27,ORD-101881,C-4119,APAC,Organic,Enterprise,Home,Nest Sensor,8,64,0,512,274.22,237.78,0,2023-09-26
2025-08-27,ORD-101882,C-4181,EMEA,Organic,Consumer,Accessories,Orbit Dock,1,208,0.08,191.36,119.97,71.39,0,2024-09-22
2025-08-27,ORD-101883,C-4147,APAC,Social,SMB,Accessories,Orbit Dock,3,208,0,624,359.9,264.1,51.66,2024-04-14
2025-08-27,ORD-101884,C-4417,EMEA,Social,Enterprise,Home,Vista Hub,9,214,0.09,1752.66,1363.66,389,189.34,2025-07-16
2025-08-27,ORD-101885,C-4397,EMEA,Paid Search,Enterprise,Audio,Halo Headset,7,125,0.01970802919708029,857.76,508.35,349.41,119.71,2025-01-01
2025-08-27,ORD-101886,C-4214,EMEA,Affiliate,Enterprise,Wearables,Aura Watch,6,329,0.14226277372262774,1693.17,1122.23,570.94,158.02,2023-02-05
2025-08-27,ORD-101887,C-4218,APAC,Paid Search,SMB,Home,Vista Hub,1,214,0.13970802919708028,184.1,151.52,32.58,25.69,2023-06-02
2025-08-27,ORD-101888,C-4132,APAC,Affiliate,SMB,Wearables,Aura Watch,1,329,0.19226277372262773,265.75,187.04,78.71,19.57,2023-03-01
2025-08-27,ORD-101889,C-4699,EMEA,Organic,Consumer,Audio,Halo Headset,3,125,0.13,326.25,217.87,108.38,,2023-01-01
2025-08-27,ORD-101890,C-4993,EMEA,Social,SMB,Accessories,Orbit Dock,2,208,0,416,239.93,176.07,38.91,2024-07-20
2025-08-27,ORD-101891,C-4558,EMEA,Social,Consumer,Wearables,Pulse Band,2,105,0,210,112.78,97.22,20.66,2025-09-13
2025-08-27,ORD-101892,C-4373,APAC,Email,SMB,Wearables,Aura Watch,1,329,0.07226277372262774,305.23,187.04,118.19,27.42,2024-02-04
2025-08-27,ORD-101893,C-4139,APAC,Organic,SMB,Audio,Halo Headset,3,125,0.02,367.5,217.87,149.63,0,2023-08-10
2025-08-28,ORD-101894,C-4377,EMEA,Paid Search,Enterprise,Accessories,Flux Cable,4,93,0.01981751824817518,364.63,228.38,136.25,50.95,2024-03-14
2025-08-28,ORD-101895,C-4838,APAC,Paid Search,Enterprise,Audio,Halo Headset,4,125,0.01981751824817518,490.09,290.49,199.6,68.48,2025-08-12
2025-08-28,ORD-101896,C-4617,North America,Paid Search,Enterprise,Home,Nest Sensor,2,64,0.01981751824817518,125.46,68.56,56.9,17.53,2024-12-13
2025-08-28,ORD-101897,C-4781,North America,Social,Enterprise,Audio,Halo Headset,4,125,0.09,455,290.49,164.51,38.9,2024-08-04
2025-08-28,ORD-101898,C-4463,North America,Paid Search,SMB,Home,Beacon Lamp,2,192,0.01981751824817518,376.39,288.66,87.73,52.59,2025-02-07
2025-08-28,ORD-101899,C-4234,EMEA,Affiliate,Enterprise,Home,Nest Sensor,7,64,0,448,239.95,208.05,45.68,2025-07-03
2025-08-28,ORD-101900,C-4453,EMEA,Email,SMB,Accessories,Orbit Dock,3,208,0,624,359.9,264.1,63.76,2023-09-19
2025-08-28,ORD-101901,C-4300,APAC,Social,Enterprise,Accessories,Shield Case,6,204,0.05,1162.8,827.34,335.46,71.18,2024-07-08
2025-08-28,ORD-101902,C-4247,EMEA,Organic,Consumer,Wearables,Pulse Band,2,105,0,210,112.78,97.22,0,2023-03-21
2025-08-28,ORD-101903,C-4509,North America,Organic,Consumer,Wearables,Aura Watch,2,329,0.12266423357664234,577.29,374.17,203.12,0,2025-03-28
2025-08-29,ORD-101904,C-4630,APAC,Social,SMB,Home,Vista Hub,1,214,0.03,207.58,151.52,56.06,17.48,2023-04-24
2025-08-29,ORD-101905,C-4689,APAC,Paid Search,SMB,Wearables,Nimbus Ring,1,245,0.04992700729927007,232.77,178.82,53.95,32.56,2025-01-24
2025-08-29,ORD-101906,C-4160,EMEA,Paid Search,SMB,Audio,Halo Headset,2,125,0.01992700729927007,245.02,145.24,99.78,34.28,2024-07-09
2025-08-29,ORD-101907,C-4241,EMEA,Email,Enterprise,Home,Vista Hub,9,214,0.04,1848.96,1363.66,485.3,136.73,2023-04-08
2025-08-29,ORD-101908,C-4478,North America,Affiliate,Enterprise,Audio,Halo Headset,2,125,0.05,237.5,145.24,92.26,14.73,2024-04-19
2025-08-29,ORD-101909,C-4349,APAC,Affiliate,SMB,Accessories,Shield Case,2,204,0,408,275.78,132.22,35.91,2024-04-23
2025-08-29,ORD-101910,C-4115,EMEA,Email,,Accessories,Orbit Dock,3,208,0.09,567.84,359.9,207.94,38.68,2025-04-17
2025-08-29,ORD-101911,C-4501,North America,Affiliate,Consumer,Home,Vista Hub,2,214,0,428,303.03,124.97,32.55,2023-06-21
2025-08-29,ORD-101912,C-4444,North America,Affiliate,Consumer,Accessories,Shield Case,2,204,0.15,346.8,275.78,71.02,34.56,2023-01-21
2025-08-30,ORD-101913,C-4744,North America,Paid Search,SMB,Audio,Halo Headset,3,125,0.05003649635036496,356.24,217.87,138.37,49.89,2024-12-18
2025-08-30,ORD-101914,C-4371,North America,Email,Consumer,Accessories,Flux Cable,3,93,0.14,239.94,171.28,68.66,17.65,2024-06-08
2025-08-30,ORD-101915,C-4111,APAC,Organic,Enterprise,Audio,Halo Headset,3,125,0.13,326.25,217.87,108.38,0,2024-06-12
2025-08-30,ORD-101916,C-4827,North America,Social,Consumer,Accessories,Flux Cable,2,93,0,186,114.19,71.81,16.66,2024-04-14
2025-08-30,ORD-101917,C-4509,APAC,Paid Search,Consumer,Wearables,Aura Watch,3,329,0.21350364963503649,776.27,561.53,214.74,108.72,2023-01-27
2025-08-30,ORD-101918,C-4810,North America,Paid Search,Consumer,Audio,Echo Buds,2,79,0.020036496350364964,154.83,113.76,41.07,21.68,2024-02-19
2025-08-30,ORD-101919,C-4194,North America,Affiliate,SMB,Accessories,Orbit Dock,3,208,0,624,359.9,264.1,58.97,2023-11-05
2025-08-31,ORD-101920,C-4445,APAC,Email,SMB,Accessories,Orbit Dock,3,208,0,624,359.9,264.1,56.23,2024-05-28
2025-08-31,ORD-101921,C-4357,EMEA,Social,Enterprise,Audio,Echo Buds,1,79,0,79,56.88,22.12,6.01,2023-01-11
2025-08-31,ORD-101922,C-4924,EMEA,Organic,SMB,Accessories,Orbit Dock,3,208,0,624,359.9,264.1,0,2023-01-05
2025-08-31,ORD-101923,C-4488,APAC,Affiliate,Enterprise,Wearables,Nimbus Ring,2,245,0,490,357.64,132.36,43.69,2023-01-19
2025-08-31,ORD-101924,C-4581,APAC,Paid Search,SMB,Audio,Halo Headset,2,125,0.10014598540145986,224.96,145.24,79.72,31.54,2023-10-04
2025-08-31,ORD-101925,C-4459,APAC,Email,Consumer,Wearables,Nimbus Ring,2,245,0,490,357.64,132.36,33.69,2023-11-22
2025-08-31,ORD-101926,C-4165,North America,Paid Search,SMB,Home,Beacon Lamp,3,192,0.020145985401459853,564.4,432.99,131.41,79.14,2025-03-17
2025-09-01,ORD-101927,C-4517,EMEA,Organic,SMB,Accessories,Shield Case,2,204,0,408,275.78,132.22,0,2025-01-16
2025-09-01,ORD-101928,C-4922,North America,Paid Search,SMB,Wearables,Aura Watch,2,329,0.09452554744525547,595.8,374.53,221.27,83.64,2023-02-02
2025-09-01,ORD-101929,C-4640,APAC,Social,Consumer,Accessories,Orbit Dock,2,208,0,416,239.93,176.07,41.79,2024-06-04
2025-09-01,ORD-101930,C-4420,EMEA,Social,Consumer,Accessories,Flux Cable,3,93,0.01,276.21,171.28,104.93,26.26,2023-11-23
2025-09-01,ORD-101931,C-4182,North America,Affiliate,Consumer,Audio,Echo Buds,1,79,0,79,56.88,22.12,5.74,2025-04-20
2025-09-01,ORD-101932,C-4156,EMEA,Email,Enterprise,Home,Beacon Lamp,4,192,0,768,577.32,190.68,74.6,2024-11-07
2025-09-01,ORD-101933,C-4894,APAC,Organic,Consumer,Accessories,Orbit Dock,1,208,0.15,176.8,119.97,56.83,0,2025-09-15
2025-09-01,ORD-101934,C-4645,EMEA,Organic,SMB,Wearables,Nimbus Ring,3,245,0,735,536.46,198.54,0,2025-08-20
2025-09-01,ORD-101935,C-4114,North America,Paid Search,SMB,Accessories,Shield Case,2,204,0.020255474452554743,399.74,275.78,123.96,56.12,2024-07-02
2025-09-01,ORD-101936,C-4663,APAC,Social,Consumer,Home,Vista Hub,2,214,0,428,303.03,124.97,28.59,2025-04-01
2025-09-01,ORD-101937,C-4249,EMEA,Paid Search,SMB,Accessories,Orbit Dock,2,208,0.020255474452554743,407.57,239.93,167.64,57.22,2024-02-08
2025-09-01,ORD-101938,C-4530,APAC,Social,Consumer,Accessories,Shield Case,2,204,0.09,371.28,275.78,95.5,40.75,2024-10-09
2025-09-02,ORD-101939,C-4221,EMEA,Affiliate,SMB,Accessories,Flux Cable,3,93,0,279,171.28,107.72,20.08,2024-04-29
2025-09-02,ORD-101940,C-4713,North America,Email,SMB,Accessories,Orbit Dock,3,208,0,624,359.9,264.1,51.01,2024-03-20
2025-09-02,ORD-101941,C-4117,North America,Affiliate,SMB,Home,Nest Sensor,1,64,0.13,55.68,34.28,21.4,3.98,2024-01-17
2025-09-02,ORD-101942,C-4906,EMEA,Paid Search,SMB,Home,Beacon Lamp,3,192,0.08036496350364963,529.71,432.99,96.72,74.45,2023-03-04
2025-09-02,ORD-101943,C-4671,EMEA,Social,Enterprise,Accessories,Flux Cable,9,93,0,837,513.85,323.15,90.43,2024-07-13
2025-09-02,ORD-101944,C-4146,APAC,Organic,SMB,Audio,Halo Headset,2,125,0,250,145.24,104.76,0,2025-09-22
2025-09-02,ORD-101945,C-4366,EMEA,Organic,Consumer,Audio,Halo Headset,2,125,0.11,222.5,145.24,77.26,0,2023-08-26
2025-09-02,ORD-101946,C-4563,North America,Affiliate,Consumer,Accessories,Shield Case,3,204,0.07,569.16,413.67,155.49,58.47,2024-07-24
2025-09-02,ORD-101947,C-4269,EMEA,Affiliate,Enterprise,Audio,Halo Headset,3,125,0,375,217.87,157.13,35.38,2024-06-29
2025-09-03,ORD-101948,C-4602,North America,Social,SMB,Audio,Echo Buds,1,79,0.11,70.31,56.88,13.43,7.2,2023-03-23
2025-09-03,ORD-101949,C-4691,EMEA,Organic,Enterprise,Home,Beacon Lamp,4,192,0,768,577.32,190.68,0,2025-01-22
2025-09-03,ORD-101950,C-4436,North America,Email,Enterprise,Home,Vista Hub,7,214,0,1498,1060.62,437.38,122.26,2023-09-22
2025-09-03,ORD-101951,C-4892,APAC,Paid Search,SMB,Audio,Halo Headset,3,125,0.020474452554744525,367.32,217.87,149.45,51.69,2023-03-15
2025-09-03,ORD-101952,C-4381,APAC,Affiliate,Enterprise,Audio,Echo Buds,1,79,0,79,56.88,22.12,6.41,2023-07-20
2025-09-03,ORD-101953,C-4452,North America,Email,Enterprise,Accessories,Orbit Dock,2,208,0.11,370.24,239.93,130.31,24.02,2023-03-07
2025-09-03,ORD-101954,C-4895,North America,Organic,SMB,Home,Beacon Lamp,1,192,0,192,144.33,47.67,0,2025-04-29
2025-09-03,ORD-101955,C-4592,North America,Affiliate,Consumer,Accessories,Orbit Dock,1,208,0.06,195.52,119.97,75.55,16.66,2023-02-01
2025-09-03,ORD-101956,C-4838,North America,Social,Enterprise,Home,Beacon Lamp,3,192,0,576,432.99,143.01,47.32,2025-03-21
2025-09-03,ORD-101957,C-4863,APAC,Organic,Consumer,Audio,Echo Buds,1,79,0,79,56.88,22.12,0,2024-10-27
2025-09-04,ORD-101958,C-4161,APAC,Email,Enterprise,Home,Beacon Lamp,5,192,0,960,721.65,238.35,86.83,2023-12-18
2025-09-04,ORD-101959,C-4759,North America,Affiliate,SMB,Audio,Halo Headset,2,125,0,250,145.24,104.76,20.39,2025-05-19
2025-09-04,ORD-101960,C-4533,EMEA,Email,Enterprise,Home,Nest Sensor,3,64,0,192,102.83,89.17,16.78,2023-05-23
2025-09-04,ORD-101961,C-4490,APAC,Affiliate,Consumer,Home,Nest Sensor,3,64,0.1,172.8,102.83,69.97,14.01,2025-08-23
2025-09-04,ORD-101962,C-4819,APAC,Paid Search,SMB,Audio,Halo Headset,3,125,0.13058394160583942,326.03,217.87,108.16,45.93,2023-12-04
2025-09-04,ORD-101963,C-4193,North America,Affiliate,SMB,Accessories,Orbit Dock,1,208,0.02,203.84,119.97,83.87,19.51,2024-07-01
2025-09-04,ORD-101964,C-4632,APAC,Organic,SMB,Wearables,Nimbus Ring,3,245,0.09,668.85,536.46,132.39,0,2025-02-04
2025-09-04,ORD-101965,C-4701,North America,Affiliate,SMB,Wearables,Pulse Band,1,105,0.1,94.5,56.39,38.11,8.89,2024-06-17
2025-09-04,ORD-101966,C-4180,EMEA,Organic,SMB,Audio,Echo Buds,1,79,0,79,56.88,22.12,0,2024-02-26
2025-09-04,ORD-101967,C-4606,APAC,Organic,Consumer,Accessories,Flux Cable,3,93,0.01,276.21,171.28,104.93,0,2024-07-15
2025-09-04,ORD-101968,C-4845,APAC,Social,Consumer,Wearables,Pulse Band,1,105,0,105,56.39,48.61,11.26,2024-10-31
2025-09-04,ORD-101969,C-4657,APAC,Paid Search,Consumer,Wearables,Aura Watch,3,329,0.09605839416058394,892.19,562.22,329.97,125.69,2024-07-12
2025-09-05,ORD-101970,C-4635,EMEA,Email,SMB,Home,Nest Sensor,3,64,0,192,102.83,89.17,21,2025-06-19
2025-09-05,ORD-101971,C-4818,North America,Organic,SMB,Home,Vista Hub,1,214,0,214,151.52,62.48,0,2025-06-04
2025-09-05,ORD-101972,C-4413,APAC,Affiliate,SMB,Accessories,Flux Cable,3,93,0.11,248.31,171.28,77.03,17.44,2023-07-28
2025-09-05,ORD-101973,C-4788,EMEA,Social,Enterprise,Wearables,Aura Watch,4,329,0.07587591240875913,1216.15,749.8,466.35,104.58,2024-08-30
2025-09-05,ORD-101974,C-4928,EMEA,Organic,Consumer,Home,Vista Hub,2,214,0,428,303.03,124.97,0,2023-05-02
2025-09-05,ORD-101975,C-4952,APAC,Paid Search,SMB,Accessories,Orbit Dock,1,208,0.020693430656934304,203.7,119.97,83.73,28.73,2024-03-03
2025-09-05,ORD-101976,C-4833,EMEA,Paid Search,SMB,Home,Beacon Lamp,3,192,0.020693430656934304,564.08,432.99,131.09,79.56,2025-05-29
2025-09-05,ORD-101977,C-4680,North America,Paid Search,Consumer,Wearables,Aura Watch,3,329,0.10656934306569343,881.82,562.35,319.47,124.37,2024-02-22
2025-09-05,ORD-101978,C-4452,APAC,Email,Consumer,Home,Vista Hub,3,214,0,642,454.55,187.45,58.99,2023-05-10
2025-09-05,ORD-101979,C-4318,APAC,Social,Enterprise,Audio,Halo Headset,9,125,0,1125,653.6,471.4,78.11,2025-05-26
2025-09-06,ORD-101980,C-4830,North America,Social,Enterprise,Wearables,Nimbus Ring,1,245,0,245,178.82,66.18,18.78,2024-08-06
2025-09-06,ORD-101981,C-4924,APAC,Email,Enterprise,Home,Nest Sensor,9,64,0,576,308.5,267.5,47.65,2024-07-30
2025-09-06,ORD-101982,C-4389,North America,Affiliate,Consumer,Wearables,Nimbus Ring,3,245,0,735,536.46,198.54,53.02,2024-08-05
2025-09-06,ORD-101983,C-4106,APAC,Paid Search,Consumer,Home,Nest Sensor,2,64,0.020802919708029197,125.34,68.56,56.78,17.7,2024-06-04
2025-09-06,ORD-101984,C-4470,EMEA,Social,Enterprise,Wearables,Aura Watch,3,329,0.07627737226277373,911.71,562.49,349.22,71.35,2023-05-08
2025-09-06,ORD-101985,C-4967,EMEA,Email,SMB,Audio,Halo Headset,1,125,0,125,72.62,52.38,8.38,2023-12-12
2025-09-06,ORD-101986,C-4583,EMEA,Email,Consumer,Audio,Halo Headset,3,125,0.07,348.75,217.87,130.88,32.22,2024-12-06
2025-09-06,ORD-101987,C-4524,APAC,Email,Enterprise,Wearables,Aura Watch,5,329,0.08627737226277372,1503.07,937.48,565.59,153.64,2024-12-06
2025-09-06,ORD-101988,C-4163,EMEA,Affiliate,Consumer,Accessories,Flux Cable,1,93,0,93,57.09,35.91,7.82,2024-09-17
2025-09-07,ORD-101989,C-4145,EMEA,Organic,Consumer,Accessories,Orbit Dock,2,208,0,416,239.93,176.07,0,2023-07-09
2025-09-07,ORD-101990,C-4103,APAC,Paid Search,Consumer,Accessories,Shield Case,2,204,0.060912408759124084,383.15,275.78,107.37,54.17,2025-03-03
2025-09-07,ORD-101991,C-4857,North America,Affiliate,Enterprise,Accessories,Flux Cable,7,93,0,651,399.66,251.34,49.27,2024-03-29
2025-09-07,ORD-101992,C-4132,North America,Affiliate,SMB,Audio,Echo Buds,1,79,0.09,71.89,56.88,15.01,7.44,2023-01-29
2025-09-07,ORD-101993,C-4676,APAC,Affiliate,SMB,Home,Nest Sensor,1,64,0.08,58.88,34.28,24.6,4.58,2024-01-10
2025-09-07,ORD-101994,C-4165,APAC,Paid Search,Consumer,Wearables,Pulse Band,2,105,0.020912408759124087,205.61,112.78,92.83,,2025-05-19
2025-09-07,ORD-101995,C-4152,North America,Organic,Enterprise,Accessories,Orbit Dock,8,208,0,1664,959.73,704.27,0,2023-03-08
2025-09-07,ORD-101996,C-4420,EMEA,Email,Enterprise,Audio,Halo Headset,9,125,0,1125,653.6,471.4,90.94,2024-02-17
2025-09-07,ORD-101997,C-4329,North America,Social,SMB,Accessories,Orbit Dock,2,208,0,416,239.93,176.07,28.39,2023-12-21
2025-09-07,ORD-101998,C-4679,APAC,Paid Search,Consumer,Home,Nest Sensor,2,64,0.020912408759124087,125.32,68.56,56.76,17.72,2024-05-05
2025-09-07,ORD-101999,C-4361,North America,Organic,Consumer,Wearables,Aura Watch,3,329,0.07667883211678832,911.32,562.63,348.69,0,2025-07-10
2025-09-07,ORD-102000,C-4205,North America,Social,Consumer,Wearables,Aura Watch,1,329,0.12667883211678832,287.32,187.55,99.77,29.32,2023-08-21
2025-09-07,ORD-102001,C-4704,North America,Affiliate,Enterprise,Wearables,Nimbus Ring,6,245,0,1470,1072.92,397.08,133.95,2024-10-07
2025-09-08,ORD-102002,C-4748,APAC,Organic,SMB,Home,Beacon Lamp,2,192,0,384,288.66,95.34,0,2023-07-29
2025-09-08,ORD-102003,C-4620,EMEA,Email,SMB,Wearables,Nimbus Ring,1,245,0,245,178.82,66.18,14.86,2024-01-29
2025-09-08,ORD-102004,C-4988,North America,Organic,Enterprise,Audio,Echo Buds,3,79,0.06,222.78,170.65,52.13,0,2025-04-10
2025-09-08,ORD-102005,C-4136,North America,Email,Consumer,Accessories,Orbit Dock,3,208,0.06,586.56,359.9,226.66,40.96,2023-01-27
2025-09-08,ORD-102006,C-4262,EMEA,Social,SMB,Audio,Halo Headset,1,125,0,125,72.62,52.38,8.55,2024-11-03
2025-09-08,ORD-102007,C-4336,APAC,Organic,Enterprise,Wearables,Pulse Band,8,105,0.15,714,451.12,262.88,0,2024-02-01
2025-09-08,ORD-102008,C-4819,EMEA,Organic,Enterprise,Wearables,Pulse Band,1,105,0.01,103.95,56.39,47.56,0,2023-09-29
2025-09-08,ORD-102009,C-4918,APAC,Email,Enterprise,Home,Nest Sensor,2,64,0.11,113.92,68.56,45.36,10.24,2025-08-11
2025-09-08,ORD-102010,C-4190,APAC,Social,SMB,Wearables,Aura Watch,2,329,0.07708029197080292,607.28,375.17,232.11,43.88,2023-03-18
2025-09-08,ORD-102011,C-4188,North America,Email,Enterprise,Wearables,Aura Watch,5,329,0.12708029197080292,1435.95,937.94,498.01,130.92,2023-01-01
2025-09-08,ORD-102012,C-4695,APAC,Organic,Consumer,Wearables,Aura Watch,2,329,0.22708029197080293,508.58,375.17,133.41,0,2023-04-26
2025-09-09,ORD-102013,C-4360,North America,Social,,Home,Beacon Lamp,1,192,0,192,144.33,47.67,12.28,2023-09-24
2025-09-09,ORD-102014,C-4468,EMEA,Email,SMB,Audio,Halo Headset,1,125,0.05,118.75,72.62,46.13,7.15,2025-05-18
2025-09-09,ORD-102015,C-4245,APAC,Email,SMB,Wearables,Aura Watch,3,329,0.07748175182481752,910.53,562.9,347.63,65.82,2025-03-20
2025-09-09,ORD-102016,C-4240,EMEA,Organic,Enterprise,Wearables,Pulse Band,3,105,0,315,169.17,145.83,0,2023-03-31
2025-09-09,ORD-102017,C-4390,EMEA,Social,Enterprise,Wearables,Pulse Band,5,105,0.13,456.75,281.95,174.8,48.46,2023-04-20
2025-09-09,ORD-102018,C-4363,APAC,Social,Consumer,Audio,Echo Buds,3,79,0,237,170.65,66.35,24.32,2023-11-22
2025-09-09,ORD-102019,C-4484,EMEA,Email,SMB,Wearables,Pulse Band,3,105,0.14,270.9,169.17,101.73,22.88,2023-01-07
2025-09-09,ORD-102020,C-4436,APAC,Social,Enterprise,Accessories,Shield Case,7,204,0,1428,965.23,462.77,125.12,2024-06-30
2025-09-09,ORD-102021,C-4722,EMEA,Social,SMB,Wearables,Pulse Band,1,105,0.1,94.5,56.39,38.11,8.04,2025-06-11
2025-09-09,ORD-102022,C-4145,EMEA,Email,Consumer,Home,Vista Hub,3,214,0,642,454.55,187.45,63.61,2023-06-18
2025-09-10,ORD-102023,C-4410,North America,Paid Search,SMB,Accessories,Flux Cable,2,93,0.11124087591240875,165.31,114.19,51.12,23.45,2023-07-10
2025-09-10,ORD-102024,C-4783,APAC,Organic,Enterprise,Audio,Echo Buds,8,79,0,632,455.05,176.95,0,2023-06-26
2025-09-10,ORD-102025,C-4341,North America,Organic,Enterprise,Accessories,Orbit Dock,3,208,0,624,359.9,264.1,0,2023-10-20
2025-09-10,ORD-102026,C-4383,EMEA,Paid Search,Enterprise,Wearables,Nimbus Ring,6,245,0.16124087591240877,1232.98,1072.92,160.06,174.91,2023-07-16
2025-09-10,ORD-102027,C-4410,APAC,Organic,Enterprise,Accessories,Orbit Dock,8,208,0,1664,959.73,704.27,0,2023-05-29
2025-09-10,ORD-102028,C-4350,North America,Paid Search,SMB,Accessories,Orbit Dock,1,208,0.08124087591240875,191.1,119.97,71.13,27.11,2024-07-21
2025-09-10,ORD-102029,C-4328,APAC,Social,Consumer,Accessories,Orbit Dock,2,208,0,416,239.93,176.07,26.83,2023-03-05
2025-09-10,ORD-102030,C-4693,North America,Paid Search,Enterprise,Accessories,Orbit Dock,4,208,0.10124087591240877,747.77,479.87,267.9,106.08,2024-02-03
2025-09-10,ORD-102031,C-4386,North America,Email,Consumer,Audio,Halo Headset,2,125,0.02,245,145.24,99.76,14.81,2023-03-03
2025-09-11,ORD-102032,C-4337,APAC,Affiliate,Consumer,Wearables,Aura Watch,1,329,0.07828467153284671,303.24,187.73,115.51,20.31,2025-03-20
2025-09-11,ORD-102033,C-4228,APAC,Email,Consumer,Accessories,Orbit Dock,1,208,0,208,119.97,88.03,15.86,2023-09-10
2025-09-11,ORD-102034,C-4874,EMEA,Email,Enterprise,Audio,Halo Headset,7,125,0.02,857.5,508.35,349.15,58.03,2024-04-04
2025-09-11,ORD-102035,C-4628,APAC,Affiliate,SMB,Accessories,Shield Case,2,204,0,408,275.78,132.22,29.83,2024-04-27
2025-09-11,ORD-102036,C-4367,APAC,Email,Consumer,Home,Nest Sensor,2,64,0,128,68.56,59.44,8.31,2024-01-29
2025-09-11,ORD-102037,C-4820,North America,Paid Search,SMB,Home,Nest Sensor,2,64,0.02135036496350365,125.27,68.56,56.71,17.79,2023-09-26
2025-09-11,ORD-102038,C-4660,APAC,Organic,Consumer,Wearables,Nimbus Ring,2,245,0.03,475.3,357.64,117.66,0,2025-07-22
2025-09-11,ORD-102039,C-4381,APAC,Email,SMB,Wearables,Nimbus Ring,1,245,0.06,230.3,178.82,51.48,13.84,2023-05-17
2025-09-11,ORD-102040,C-4677,EMEA,Affiliate,Consumer,Audio,Halo Headset,2,125,0.02,245,145.24,99.76,19.21,2024-10-29
2025-09-11,ORD-102041,C-4540,North America,Paid Search,Enterprise,Audio,Halo Headset,6,125,0.02135036496350365,733.99,435.73,298.26,104.25,2024-01-05
2025-09-11,ORD-102042,C-4332,APAC,Organic,Consumer,Home,Vista Hub,1,214,0.04,205.44,151.52,53.92,0,2024-03-20
2025-09-11,ORD-102043,C-4394,APAC,Organic,Consumer,Accessories,Orbit Dock,1,208,0,208,119.97,88.03,0,2024-12-17
2025-09-11,ORD-102044,C-4989,APAC,Paid Search,Enterprise,Wearables,Aura Watch,3,329,0.09963503649635036,888.66,563.17,325.49,126.21,2023-07-29
2025-09-11,ORD-102045,C-4464,APAC,Affiliate,Consumer,Audio,Halo Headset,3,125,0.08,345,217.87,127.13,23.19,2025-07-10
2025-09-11,ORD-102046,C-4811,North America,Email,SMB,Accessories,Orbit Dock,3,208,0,624,359.9,264.1,43.97,2023-07-17
2025-09-11,ORD-102047,C-4349,APAC,Social,Consumer,Home,Vista Hub,2,214,0,428,303.03,124.97,26.66,2024-08-14
2025-09-12,ORD-102048,C-4848,APAC,Social,Enterprise,Home,Beacon Lamp,6,192,0,1152,865.98,286.02,102.12,2024-05-29
2025-09-12,ORD-102049,C-4889,APAC,Social,Enterprise,Wearables,Nimbus Ring,3,245,0,735,536.46,198.54,67.16,2025-05-08
2025-09-12,ORD-102050,C-4930,APAC,Paid Search,SMB,Audio,Halo Headset,1,125,0.021459854014598538,122.32,72.62,49.7,17.39,2024-05-17
2025-09-12,ORD-102051,C-4872,North America,Paid Search,SMB,Wearables,Nimbus Ring,3,245,0.021459854014598538,719.23,536.46,182.77,102.27,2025-01-24
2025-09-12,ORD-102052,C-4601,North America,Affiliate,Enterprise,Wearables,Aura Watch,3,329,0.1886861313868613,800.77,563.31,237.46,56.98,2023-12-12
2025-09-12,ORD-102053,C-4512,APAC,Social,Consumer,Accessories,Flux Cable,2,93,0.13,161.82,114.19,47.63,13.21,2025-04-01
2025-09-12,ORD-102054,C-4840,APAC,Email,Consumer,Accessories,Shield Case,3,204,0.12,538.56,413.67,124.89,35.65,2024-04-19
2025-09-13,ORD-102055,C-4484,North America,Organic,Enterprise,Accessories,Flux Cable,7,93,0,651,399.66,251.34,0,2024-12-07
2025-09-13,ORD-102056,C-4273,North America,Social,SMB,Audio,Halo Headset,2,125,0,250,145.24,104.76,24.63,2024-10-18
2025-09-13,ORD-102057,C-4990,EMEA,Organic,Enterprise,Home,Vista Hub,8,214,0,1712,1212.14,499.86,0,2024-12-02
2025-09-13,ORD-102058,C-4279,North America,Organic,SMB,Wearables,Nimbus Ring,3,245,0.01,727.65,536.46,191.19,0,2025-09-13
2025-09-13,ORD-102059,C-4339,North America,Email,SMB,Audio,Echo Buds,1,79,0,79,56.88,22.12,6.38,2023-08-09
2025-09-13,ORD-102060,C-4803,EMEA,Paid Search,SMB,Accessories,Orbit Dock,1,208,0.04156934306569343,199.35,119.97,79.38,28.38,2025-05-14
2025-09-13,ORD-102061,C-4851,North America,Social,Consumer,Home,Nest Sensor,2,64,0.03,124.16,68.56,55.6,10.25,2024-09-30
2025-09-14,ORD-102062,C-4725,APAC,Email,Enterprise,Accessories,Shield Case,3,204,0,612,413.67,198.33,58.74,2025-07-09
2025-09-14,ORD-102063,C-4573,EMEA,Email,SMB,Accessories,Shield Case,3,204,0.05,581.4,413.67,167.73,43.08,2024-05-25
2025-09-14,ORD-102064,C-4968,EMEA,Social,SMB,Audio,Echo Buds,2,79,0.06,148.52,113.76,34.76,13.72,2024-10-22
2025-09-14,ORD-102065,C-4177,North America,Email,Consumer,Home,Beacon Lamp,1,192,0.13,167.04,144.33,22.71,16.63,2024-01-07
2025-09-14,ORD-102066,C-4770,EMEA,Affiliate,Enterprise,Home,Vista Hub,1,214,0.11,190.46,151.52,38.94,18.33,2024-01-16
2025-09-14,ORD-102067,C-4563,EMEA,Paid Search,Enterprise,Accessories,Flux Cable,4,93,0.02167883211678832,363.94,228.38,135.56,51.87,2024-02-08
2025-09-14,ORD-102068,C-4195,EMEA,Organic,SMB,Wearables,Nimbus Ring,2,245,0,490,357.64,132.36,0,2025-01-03
2025-09-14,ORD-102069,C-4869,APAC,Paid Search,SMB,Home,Beacon Lamp,1,192,0.06167883211678832,180.16,144.33,35.83,25.68,2023-08-18
2025-09-14,ORD-102070,C-4225,North America,Social,SMB,Accessories,Orbit Dock,1,208,0.11,185.12,119.97,65.15,16.99,2023-08-20
2025-09-14,ORD-102071,C-4375,EMEA,Organic,Enterprise,Wearables,Nimbus Ring,6,245,0.14,1264.2,1072.92,191.28,0,2025-05-16
2025-09-14,ORD-102072,C-4179,EMEA,Social,Consumer,Accessories,Shield Case,1,204,0.06,191.76,137.89,53.87,14.48,2024-11-16
2025-09-14,ORD-102073,C-4610,APAC,Email,Consumer,Wearables,Aura Watch,2,329,0.1994890510948905,526.74,375.72,151.02,49.07,2025-08-21
2025-09-14,ORD-102074,C-4529,APAC,Social,Consumer,Wearables,Nimbus Ring,3,245,0,735,536.46,198.54,71.23,2024-10-09
2025-09-14,ORD-102075,C-4363,North America,Organic,Enterprise,Audio,Echo Buds,4,79,0.05,300.2,227.53,72.67,0,2025-06-28
2025-09-15,ORD-102076,C-4610,EMEA,Social,Consumer,Audio,Halo Headset,1,125,0,125,72.62,52.38,8.16,2023-02-20
2025-09-15,ORD-102077,C-4234,North America,Social,SMB,Audio,Halo Headset,1,125,0.14,107.5,72.62,34.88,11.28,2025-03-06
2025-09-15,ORD-102078,C-4664,EMEA,Organic,Consumer,Audio,Halo Headset,1,125,0.07,116.25,72.62,43.63,0,2023-08-12
2025-09-15,ORD-102079,C-4427,EMEA,Social,Consumer,Wearables,Aura Watch,2,329,0.2198905109489051,513.31,375.81,137.5,39.96,2023-06-20
2025-09-15,ORD-102080,C-4465,APAC,Organic,Consumer,Audio,Halo Headset,3,125,0.08,345,217.87,127.13,0,2025-07-08
2025-09-15,ORD-102081,C-4777,North America,Paid Search,Enterprise,Wearables,Nimbus Ring,5,245,0.051788321167883206,1161.56,894.1,267.46,165.73,2023-02-09
2025-09-15,ORD-102082,C-4586,North America,Email,Enterprise,Audio,Halo Headset,9,125,0.08,1035,653.6,381.4,72.16,2025-05-02
2025-09-15,ORD-102083,C-4885,APAC,Email,Enterprise,Wearables,Nimbus Ring,9,245,0,2205,1609.39,595.61,231.77,2023-02-25
2025-09-15,ORD-102084,C-4746,EMEA,Social,SMB,Accessories,Shield Case,2,204,0.04,391.68,275.78,115.9,28.91,2024-09-11
2025-09-15,ORD-102085,C-4787,APAC,Affiliate,SMB,Wearables,Aura Watch,3,329,0.16989051094890512,819.32,563.72,255.6,64.27,2023-03-18
2025-09-15,ORD-102086,C-4991,EMEA,Social,Consumer,Wearables,Nimbus Ring,1,245,0.01,242.55,178.82,63.73,24.73,2024-02-21
2025-09-15,ORD-102087,C-4159,EMEA,Email,Enterprise,Accessories,Orbit Dock,8,208,0,1664,959.73,704.27,161.71,2024-04-02
2025-09-16,ORD-102088,C-4837,North America,Social,Consumer,Accessories,Orbit Dock,2,208,0,416,239.93,176.07,25.37,2023-07-07
2025-09-16,ORD-102089,C-4758,APAC,Organic,Enterprise,Home,Beacon Lamp,7,192,0.09,1223.04,1010.32,212.72,0,2023-05-04
2025-09-16,ORD-102090,C-4969,EMEA,Social,Enterprise,Wearables,Aura Watch,2,329,0.1202919708029197,578.85,375.9,202.95,63.18,2024-10-07
2025-09-16,ORD-102091,C-4527,EMEA,Social,Consumer,Accessories,Shield Case,3,204,0.05,581.4,413.67,167.73,58.09,2023-06-09
2025-09-16,ORD-102092,C-4416,North America,Affiliate,SMB,Home,Nest Sensor,2,64,0,128,68.56,59.44,12.84,2024-04-26
2025-09-16,ORD-102093,C-4704,North America,Paid Search,SMB,Accessories,Shield Case,3,204,0.0318978102189781,592.48,413.67,178.81,84.63,2023-02-16
2025-09-16,ORD-102094,C-4322,EMEA,Social,Consumer,Home,Beacon Lamp,3,192,0.14,495.36,432.99,62.37,35.41,2025-04-01
2025-09-16,ORD-102095,C-4424,APAC,Social,Consumer,Home,Beacon Lamp,2,192,0,384,288.66,95.34,24.35,2024-01-20
2025-09-16,ORD-102096,C-4773,North America,Organic,Consumer,Audio,Echo Buds,1,79,0.1,71.1,56.88,14.22,0,2024-08-27
2025-09-16,ORD-102097,C-4794,APAC,Social,Enterprise,Accessories,Orbit Dock,7,208,0,1456,839.77,616.23,99.59,2024-07-10
2025-09-16,ORD-102098,C-4614,North America,Paid Search,Consumer,Wearables,Aura Watch,1,329,0.16218978102189782,275.64,187.96,87.68,39.37,2023-11-15
2025-09-16,ORD-102099,C-4541,APAC,Organic,SMB,Wearables,Aura Watch,3,329,0.08029197080291971,907.75,563.86,343.89,0,2025-08-11
2025-09-16,ORD-102100,C-4852,EMEA,Paid Search,SMB,Audio,Echo Buds,2,79,0.0218978102189781,154.54,113.76,40.78,22.08,2023-01-21
2025-09-16,ORD-102101,C-4757,EMEA,Social,Consumer,Audio,Echo Buds,1,79,0,79,56.88,22.12,5.85,2024-01-19
2025-09-17,ORD-102102,C-4397,EMEA,Affiliate,Consumer,Home,Vista Hub,2,214,0.14,368.08,303.03,65.05,34.86,2024-04-05
2025-09-17,ORD-102103,C-4640,APAC,Email,SMB,Wearables,Nimbus Ring,2,245,0.14,421.4,357.64,63.76,41.4,2024-06-05
2025-09-17,ORD-102104,C-4911,EMEA,Email,Enterprise,Wearables,Pulse Band,8,105,0,840,451.12,388.88,58.93,2023-08-06
2025-09-17,ORD-102105,C-4733,North America,Organic,Consumer,Accessories,Shield Case,3,204,0.08,563.04,413.67,149.37,0,2025-05-22
2025-09-17,ORD-102106,C-4355,EMEA,Email,Enterprise,Wearables,Pulse Band,6,105,0.11,560.7,338.34,222.36,34.59,2024-07-07
2025-09-17,ORD-102107,C-4823,North America,Social,Enterprise,Accessories,Flux Cable,8,93,0.15,632.4,456.76,175.64,66.56,2024-01-10
2025-09-17,ORD-102108,C-4532,EMEA,Email,Enterprise,Accessories,Orbit Dock,4,208,0,832,479.87,352.13,66.79,2025-03-27
2025-09-17,ORD-102109,C-4313,North America,Social,Enterprise,Wearables,Pulse Band,2,105,0.09,191.1,112.78,78.32,18.16,2025-02-22
2025-09-18,ORD-102110,C-4719,APAC,Paid Search,SMB,Accessories,Shield Case,3,204,0.022116788321167882,598.46,413.67,184.79,85.68,2023-09-11
2025-09-18,ORD-102111,C-4287,APAC,Affiliate,Consumer,Home,Nest Sensor,3,64,0.03,186.24,102.83,83.41,17.93,2024-08-28
2025-09-18,ORD-102112,C-4673,APAC,Social,SMB,Wearables,Aura Watch,2,329,0.08109489051094891,604.64,376.09,228.55,56.27,2024-02-28
2025-09-18,ORD-102113,C-4314,North America,Affiliate,Consumer,Wearables,Pulse Band,1,105,0.09,95.55,56.39,39.16,7.75,2025-07-25
2025-09-18,ORD-102114,C-4232,EMEA,Paid Search,Enterprise,Wearables,Aura Watch,8,329,0.19321167883211676,2123.47,1504.34,619.13,304.03,2023-05-16
2025-09-18,ORD-102115,C-4579,North America,Paid Search,Enterprise,Wearables,Nimbus Ring,6,245,0.022116788321167882,1437.49,1072.92,364.57,205.81,2024-12-11
2025-09-18,ORD-102116,C-4575,North America,Email,Consumer,Audio,Echo Buds,1,79,0.04,75.84,56.88,18.96,4.76,2025-06-13
2025-09-18,ORD-102117,C-4878,North America,Social,SMB,Home,Nest Sensor,2,64,0,128,68.56,59.44,10.95,2025-04-04
2025-09-18,ORD-102118,C-4665,APAC,Social,Enterprise,Home,Beacon Lamp,3,192,0.12,506.88,432.99,73.89,40.51,2025-08-08
2025-09-18,ORD-102119,C-4846,North America,Affiliate,SMB,Audio,Halo Headset,1,125,0,125,72.62,52.38,12.63,2024-05-08
2025-09-18,ORD-102120,C-4973,North America,Organic,Enterprise,Wearables,Aura Watch,6,329,0.14109489051094892,1695.48,1128.26,567.22,0,2024-07-14
2025-09-18,ORD-102121,C-4210,EMEA,Organic,SMB,Wearables,Aura Watch,2,329,0.1810948905109489,538.84,376.09,162.75,0,2023-05-08
2025-09-18,ORD-102122,C-4823,APAC,Social,Consumer,Wearables,Pulse Band,2,105,0.09,191.1,112.78,78.32,13.82,2024-12-17
2025-09-19,ORD-102123,C-4643,APAC,Social,Consumer,Audio,Echo Buds,1,79,0,79,56.88,22.12,6.81,2023-04-25
2025-09-19,ORD-102124,C-4151,EMEA,Organic,Consumer,Wearables,Pulse Band,2,105,0.07,195.3,112.78,82.52,0,2025-03-14
2025-09-19,ORD-102125,C-4930,EMEA,Affiliate,Consumer,Home,Nest Sensor,1,64,0,64,34.28,29.72,4.12,2022-12-31
2025-09-19,ORD-102126,C-4750,APAC,Paid Search,SMB,Accessories,Orbit Dock,3,208,0.022226277372262775,610.13,359.9,250.23,87.46,2023-05-04
2025-09-19,ORD-102127,C-4494,EMEA,Organic,SMB,Home,Vista Hub,3,214,0.12,564.96,454.55,110.41,0,2024-08-19
2025-09-19,ORD-102128,C-4290,APAC,Social,SMB,Audio,Echo Buds,2,79,0.14,135.88,113.76,22.12,12.5,2024-06-10
2025-09-19,ORD-102129,C-4699,EMEA,Social,Enterprise,Home,Vista Hub,9,214,0.01,1906.74,1363.66,543.08,127.03,2024-11-05
2025-09-19,ORD-102130,C-4476,North America,Email,Enterprise,Wearables,Nimbus Ring,4,245,0.14,842.8,715.28,127.52,92.44,2023-12-02
2025-09-19,ORD-102131,C-4112,North America,Email,Enterprise,Accessories,Orbit Dock,3,208,0,624,359.9,264.1,68.14,2024-05-10
2025-09-20,ORD-102132,C-4389,North America,Social,SMB,Wearables,Pulse Band,3,105,0.05,299.25,169.17,130.08,25.67,2025-05-12
2025-09-20,ORD-102133,C-4718,EMEA,Affiliate,Enterprise,Accessories,Flux Cable,2,93,0.12,163.68,114.19,49.49,14.33,2024-06-17
2025-09-20,ORD-102134,C-4716,EMEA,Social,Enterprise,Accessories,Orbit Dock,3,208,0.13,542.88,359.9,182.98,36.1,2023-11-02
2025-09-20,ORD-102135,C-4688,EMEA,Affiliate,Enterprise,Wearables,Aura Watch,7,329,0.0818978102189781,2114.39,1316.95,797.44,216.25,2024-08-20
2025-09-20,ORD-102136,C-4234,APAC,Paid Search,SMB,Accessories,Shield Case,2,204,0.16233576642335767,341.77,275.78,65.99,49.05,2023-03-18
2025-09-20,ORD-102137,C-4994,EMEA,Email,Consumer,Home,Nest Sensor,1,64,0.01,63.36,34.28,29.08,4.64,2024-07-10
2025-09-21,ORD-102138,C-4698,APAC,Organic,SMB,Audio,Echo Buds,2,79,0.12,139.04,113.76,25.28,0,2025-07-11
2025-09-21,ORD-102139,C-4787,APAC,Paid Search,Consumer,Audio,Halo Headset,1,125,0.022445255474452554,122.19,72.62,49.57,17.55,2024-07-03
2025-09-21,ORD-102140,C-4100,EMEA,Social,SMB,Home,Beacon Lamp,3,192,0,576,432.99,143.01,53.39,2023-02-22
2025-09-21,ORD-102141,C-4203,APAC,Social,Enterprise,Accessories,Orbit Dock,5,208,0,1040,599.83,440.17,101.83,2023-10-10
2025-09-21,ORD-102142,C-4916,EMEA,Affiliate,Consumer,Audio,Echo Buds,3,79,0.02,232.26,170.65,61.61,16.61,2023-05-31
2025-09-21,ORD-102143,C-4734,North America,Paid Search,Consumer,Wearables,Pulse Band,2,105,0.022445255474452554,205.29,112.78,92.51,29.49,2024-03-07
2025-09-21,ORD-102144,C-4669,North America,Organic,Enterprise,Accessories,Flux Cable,8,93,0,744,456.76,287.24,0,2025-09-24
2025-09-21,ORD-102145,,EMEA,Social,Consumer,Audio,Echo Buds,3,79,0,237,170.65,66.35,19.81,2023-05-21
2025-09-21,ORD-102146,C-4995,EMEA,Organic,SMB,Accessories,Flux Cable,2,93,0,186,114.19,71.81,0,2023-08-18
2025-09-21,ORD-102147,C-4144,EMEA,Organic,Consumer,Home,Nest Sensor,2,64,0,128,68.56,59.44,0,2024-12-05
2025-09-21,ORD-102148,C-4701,North America,Affiliate,Consumer,Wearables,Aura Watch,2,329,0.1422992700729927,564.37,376.36,188.01,46.26,2025-03-25
2025-09-22,ORD-102149,C-4143,EMEA,Organic,Enterprise,Wearables,Aura Watch,2,329,0.21270072992700728,518.04,376.45,141.59,0,2025-08-16
2025-09-22,ORD-102150,C-4452,EMEA,Email,Consumer,Wearables,Aura Watch,1,329,0.11270072992700729,291.92,188.23,103.69,27.38,2024-09-19
2025-09-22,ORD-102151,C-4431,North America,Paid Search,SMB,Accessories,Flux Cable,2,93,0.022554744525547444,181.8,114.19,67.61,26.15,2023-01-02
2025-09-22,ORD-102152,C-4881,APAC,Social,Enterprise,Accessories,Shield Case,7,204,0,1428,965.23,462.77,149.06,2023-01-10
2025-09-22,ORD-102153,C-4638,North America,Affiliate,SMB,Wearables,Nimbus Ring,2,245,0.08,450.8,357.64,93.16,33.96,2024-01-22
2025-09-22,ORD-102154,C-4543,North America,Social,Enterprise,Wearables,Nimbus Ring,9,245,0,2205,1609.39,595.61,220.27,2023-09-29
2025-09-22,ORD-102155,C-4953,North America,Email,SMB,Audio,Echo Buds,2,79,0.11,140.62,113.76,26.86,14.67,2025-08-18
2025-09-22,ORD-102156,C-4329,APAC,Organic,Enterprise,Audio,Halo Headset,6,125,0,750,435.73,314.27,0,2023-07-13
2025-09-22,ORD-102157,C-4265,EMEA,Paid Search,Consumer,Home,Beacon Lamp,2,192,0.03255474452554744,371.5,288.66,82.84,53.43,2024-10-23
2025-09-22,ORD-102158,C-4754,North America,Organic,SMB,Home,Nest Sensor,3,64,0,192,102.83,89.17,0,2023-08-31
2025-09-22,ORD-102159,C-4114,APAC,Social,Consumer,Audio,Echo Buds,1,79,0.05,75.05,56.88,18.17,7.01,2023-09-14
2025-09-22,ORD-102160,C-4149,North America,Paid Search,SMB,Audio,Echo Buds,3,79,0.022554744525547444,231.65,170.65,61,33.32,2025-01-09
2025-09-22,ORD-102161,C-4431,North America,Organic,Consumer,Accessories,Shield Case,3,204,0,612,413.67,198.33,0,2023-08-09
2025-09-22,ORD-102162,C-4693,North America,Email,SMB,Wearables,Pulse Band,1,105,0,105,56.39,48.61,11.13,2025-03-10
2025-09-22,ORD-102163,C-4178,APAC,Email,Consumer,Wearables,Aura Watch,3,329,0.08270072992700729,905.37,564.68,340.69,96.66,2024-01-01
2025-09-23,ORD-102164,C-4371,EMEA,Organic,Enterprise,Home,Vista Hub,2,214,0,428,303.03,124.97,0,2023-03-09
2025-09-23,ORD-102165,C-4937,APAC,Organic,Consumer,Accessories,Orbit Dock,3,208,0.14,536.64,359.9,176.74,0,2025-04-06
2025-09-23,ORD-102166,C-4864,North America,Email,Consumer,Audio,Echo Buds,3,79,0,237,170.65,66.35,22.74,2024-01-28
2025-09-23,ORD-102167,C-4766,EMEA,Email,Enterprise,Home,Nest Sensor,8,64,0,512,274.22,237.78,55.67,2025-08-19
2025-09-23,ORD-102168,C-4927,EMEA,Organic,Enterprise,Wearables,Aura Watch,9,329,0.0831021897810219,2714.93,1694.45,1020.48,0,2023-05-27
2025-09-23,ORD-102169,C-4613,EMEA,Social,Enterprise,Audio,Halo Headset,2,125,0,250,145.24,104.76,15.41,2024-11-19
2025-09-23,ORD-102170,C-4817,APAC,Organic,SMB,Home,Vista Hub,3,214,0.03,622.74,454.55,168.19,0,2024-08-03
2025-09-23,ORD-102171,C-4135,APAC,Organic,Enterprise,Wearables,Pulse Band,3,105,0.1,283.5,169.17,114.33,0,2024-05-03
2025-09-23,ORD-102172,C-4365,North America,Organic,Enterprise,Wearables,Pulse Band,5,105,0,525,281.95,243.05,0,2024-09-16
2025-09-23,ORD-102173,C-4298,APAC,Organic,Enterprise,Accessories,Shield Case,9,204,0.15,1560.6,1241.01,319.59,0,2024-12-30
2025-09-23,ORD-102174,C-4419,APAC,Organic,Enterprise,Home,Beacon Lamp,8,192,0,1536,1154.65,381.35,0,2024-05-17
2025-09-23,ORD-102175,C-4777,North America,Email,Consumer,Home,Vista Hub,1,214,0,214,151.52,62.48,20.33,2025-05-13
2025-09-23,ORD-102176,C-4378,North America,Social,SMB,Home,Nest Sensor,3,64,0,192,102.83,89.17,16.15,2025-04-23
2025-09-23,ORD-102177,C-4924,EMEA,Organic,Enterprise,Wearables,Nimbus Ring,7,245,0,1715,1251.74,463.26,0,2024-08-15
2025-09-23,ORD-102178,C-4451,North America,Affiliate,Consumer,Accessories,Orbit Dock,3,208,0.09,567.84,359.9,207.94,62.21,2024-01-28
2025-09-23,ORD-102179,C-4432,EMEA,Affiliate,Enterprise,Audio,Halo Headset,5,125,0.15,531.25,363.11,168.14,44.83,2024-04-30
2025-09-23,ORD-102180,C-4403,APAC,Social,Enterprise,Wearables,Nimbus Ring,5,245,0.02,1200.5,894.1,306.4,121.75,2023-09-01
2025-09-24,ORD-102181,C-4949,APAC,Affiliate,Enterprise,Wearables,Pulse Band,7,105,0,735,394.73,340.27,48.33,2023-01-16
2025-09-24,ORD-102182,C-4197,North America,Paid Search,Consumer,Accessories,Shield Case,3,204,0.022773722627737223,598.06,413.67,184.39,86.22,2024-05-28
2025-09-24,ORD-102183,C-4997,EMEA,Organic,Enterprise,Wearables,Nimbus Ring,6,245,0,1470,1072.92,397.08,0,2023-08-22
2025-09-24,ORD-102184,C-4100,North America,Email,Consumer,Accessories,Shield Case,3,204,0.03,593.64,413.67,179.97,38.51,2024-06-11
2025-09-24,ORD-102185,C-4674,APAC,Affiliate,Enterprise,Audio,Echo Buds,2,79,0,158,113.76,44.24,9.92,2025-07-18
2025-09-24,ORD-102186,C-4700,APAC,Affiliate,SMB,Home,Vista Hub,3,214,0.04,616.32,454.55,161.77,50.84,2024-08-02
2025-09-24,ORD-102187,C-4720,APAC,Email,Enterprise,Accessories,Flux Cable,1,93,0.12,81.84,57.09,24.75,8.59,2023-07-03
2025-09-24,ORD-102188,C-4225,EMEA,Paid Search,SMB,Wearables,Pulse Band,2,105,0.03277372262773722,203.12,112.78,90.34,29.28,2023-11-12
2025-09-24,ORD-102189,C-4610,APAC,Affiliate,Consumer,Home,Beacon Lamp,3,192,0,576,432.99,143.01,35.1,2024-12-02
2025-09-24,ORD-102190,C-4267,North America,Social,SMB,Accessories,Shield Case,1,204,0.06,191.76,137.89,53.87,18.99,2023-04-10
2025-09-24,ORD-102191,C-4257,North America,Affiliate,Enterprise,Home,Vista Hub,8,214,0,1712,1212.14,499.86,134.77,2024-11-01
2025-09-24,ORD-102192,,EMEA,Email,Enterprise,Home,Vista Hub,4,214,0,856,606.07,249.93,52.71,2023-09-13
2025-09-24,ORD-102193,C-4503,EMEA,Social,Enterprise,Home,Nest Sensor,9,64,0.08,529.92,308.5,221.42,57.77,2024-09-03
2025-09-25,ORD-102194,C-4749,EMEA,Organic,Consumer,Wearables,Pulse Band,3,105,0,315,169.17,145.83,0,2025-06-11
2025-09-25,ORD-102195,C-4167,North America,Paid Search,SMB,Audio,Echo Buds,1,79,0.022883211678832116,77.19,56.88,20.31,11.14,2023-12-26
2025-09-25,ORD-102196,C-4841,APAC,Email,Enterprise,Home,Beacon Lamp,6,192,0.05,1094.4,865.98,228.42,117.34,2024-06-01
2025-09-25,ORD-102197,C-4648,North America,Social,Enterprise,Accessories,Shield Case,7,204,0,1428,965.23,462.77,125.25,2024-04-04
2025-09-25,ORD-102198,C-4461,North America,Paid Search,Enterprise,Wearables,Aura Watch,6,329,0.10678832116788321,1763.2,1130.18,633.02,254.47,2024-04-17
2025-09-25,ORD-102199,C-4393,North America,Email,Enterprise,Accessories,Flux Cable,3,93,0.06,262.26,171.28,90.98,17.74,2024-03-24
2025-09-25,ORD-102200,C-4247,North America,Organic,Enterprise,Accessories,Flux Cable,1,93,0,93,57.09,35.91,0,2025-08-11
2025-09-25,ORD-102201,C-4576,EMEA,Paid Search,Consumer,Accessories,Orbit Dock,3,208,0.022883211678832116,609.72,359.9,249.82,88,2025-07-14
2025-09-25,ORD-102202,C-4160,North America,Affiliate,Enterprise,Home,Nest Sensor,1,64,0.1,57.6,34.28,23.32,4.99,2025-05-31
2025-09-25,ORD-102203,C-4133,APAC,Paid Search,Enterprise,Wearables,Nimbus Ring,4,245,0.022883211678832116,957.57,715.28,242.29,138.2,2023-10-30
2025-09-25,ORD-102204,C-4916,North America,Organic,Consumer,Home,Beacon Lamp,3,192,0.01,570.24,432.99,137.25,0,2023-11-18
2025-09-25,ORD-102205,C-4181,APAC,Paid Search,Consumer,Home,Beacon Lamp,1,192,0.022883211678832116,187.61,144.33,43.28,27.08,2023-04-22
2025-09-25,ORD-102206,C-4576,North America,Organic,SMB,Accessories,Flux Cable,1,93,0,93,57.09,35.91,0,2023-06-09
2025-09-26,ORD-102207,C-4601,EMEA,Organic,Consumer,Wearables,Aura Watch,2,329,0.08430656934306568,602.53,376.82,225.71,0,2025-09-12
2025-09-26,ORD-102208,C-4741,APAC,Organic,SMB,Home,Vista Hub,1,214,0.01,211.86,151.52,60.34,0,2025-08-23
2025-09-26,ORD-102209,C-4915,EMEA,Email,Enterprise,Audio,Halo Headset,9,125,0,1125,653.6,471.4,112.99,2023-06-17
2025-09-26,ORD-102210,C-4887,APAC,Paid Search,Enterprise,Accessories,Shield Case,2,204,0.03299270072992701,394.54,275.78,118.76,57.01,2023-02-17
2025-09-26,ORD-102211,C-4428,EMEA,Paid Search,Consumer,Accessories,Orbit Dock,2,208,0.022992700729927006,406.44,239.93,166.51,58.73,2023-12-15
2025-09-26,ORD-102212,C-4523,North America,Paid Search,Enterprise,Accessories,Orbit Dock,7,208,0.09299270072992702,1320.6,839.77,480.83,190.81,2023-11-09
2025-09-26,ORD-102213,C-4622,EMEA,Email,Consumer,Wearables,Aura Watch,1,329,0.08430656934306568,301.26,188.41,112.85,31.33,2025-09-21
2025-09-26,ORD-102214,C-4917,North America,Email,SMB,Wearables,Pulse Band,1,105,0,105,56.39,48.61,10.52,2024-01-24
2025-09-26,ORD-102215,C-4526,EMEA,Email,Consumer,Audio,Echo Buds,2,79,0,158,113.76,44.24,13.15,2024-11-16
2025-09-26,ORD-102216,C-4664,APAC,Paid Search,Enterprise,Wearables,Pulse Band,7,105,0.022992700729927006,718.1,394.73,323.37,103.76,2025-05-13
2025-09-27,ORD-102217,C-4985,APAC,Organic,SMB,Accessories,Flux Cable,1,93,0,93,57.09,35.91,0,2023-04-02
2025-09-27,ORD-102218,C-4264,EMEA,Paid Search,SMB,Home,Nest Sensor,3,64,0.0231021897810219,187.56,102.83,84.73,27.13,2024-09-17
2025-09-27,ORD-102219,C-4500,EMEA,Social,Enterprise,Wearables,Nimbus Ring,8,245,0.14,1685.6,1430.56,255.04,176.55,2023-01-18
2025-09-27,ORD-102220,C-4757,North America,Paid Search,Enterprise,Accessories,Orbit Dock,2,208,0.0731021897810219,385.59,239.93,145.66,55.78,2023-03-05
2025-09-27,ORD-102221,C-4855,North America,Organic,Enterprise,Home,Nest Sensor,6,64,0,384,205.67,178.33,0,2023-11-23
2025-09-27,ORD-102222,C-4540,North America,Affiliate,Enterprise,Home,Beacon Lamp,1,192,0,192,144.33,47.67,12.22,2025-08-17
2025-09-27,ORD-102223,C-4100,EMEA,Social,SMB,Accessories,Flux Cable,2,93,0.08,171.12,114.19,56.93,12.58,2025-03-25
2025-09-27,ORD-102224,C-4774,APAC,Email,SMB,Wearables,Pulse Band,2,105,0,210,112.78,97.22,19.13,2023-12-11
2025-09-27,ORD-102225,C-4355,EMEA,Affiliate,SMB,Audio,Echo Buds,2,79,0,158,113.76,44.24,14.29,2024-02-01
2025-09-27,ORD-102226,C-4170,APAC,Paid Search,Consumer,Home,Beacon Lamp,1,192,0.0231021897810219,187.56,144.33,43.23,27.13,2023-12-08
2025-09-27,ORD-102227,C-4522,North America,Affiliate,Consumer,Accessories,Flux Cable,1,93,0,93,57.09,35.91,9.37,2025-02-16
2025-09-28,ORD-102228,C-4634,North America,Social,SMB,Wearables,Nimbus Ring,1,245,0,245,178.82,66.18,25.84,2024-03-17
2025-09-28,ORD-102229,C-4775,EMEA,Affiliate,SMB,Home,Nest Sensor,1,64,0.05,60.8,34.28,26.52,4.56,2025-01-02
2025-09-28,ORD-102230,C-4777,EMEA,Paid Search,SMB,Home,Nest Sensor,2,64,0.04321167883211679,122.47,68.56,53.91,17.74,2025-06-19
2025-09-28,ORD-102231,C-4960,EMEA,Organic,SMB,Wearables,Nimbus Ring,3,245,0.12,646.8,536.46,110.34,0,2025-06-25
2025-09-28,ORD-102232,C-4443,EMEA,Paid Search,Enterprise,Accessories,Shield Case,5,204,0.023211678832116788,996.32,689.45,306.87,144.28,2024-08-02
2025-09-28,ORD-102233,C-4634,North America,Email,SMB,Wearables,Nimbus Ring,2,245,0.04,470.4,357.64,112.76,47.19,2024-02-22
2025-09-28,ORD-102234,C-4568,APAC,Paid Search,Consumer,Accessories,Orbit Dock,3,208,0.023211678832116788,609.52,359.9,249.62,88.27,2023-07-08
2025-09-28,ORD-102235,C-4153,EMEA,Affiliate,Enterprise,Audio,Halo Headset,3,125,0,375,217.87,157.13,27.73,2025-03-02
2025-09-28,ORD-102236,C-4248,APAC,Email,SMB,Wearables,Pulse Band,2,105,0,210,112.78,97.22,21.34,2023-01-12
2025-09-28,ORD-102237,C-4193,EMEA,Affiliate,Enterprise,Audio,Echo Buds,9,79,0.07,661.23,511.94,149.29,53.01,2025-07-25
2025-09-29,ORD-102238,C-4880,North America,Paid Search,SMB,Home,Nest Sensor,3,64,0.023321167883211678,187.52,102.83,84.69,27.19,2025-03-24
2025-09-29,ORD-102239,C-4563,EMEA,Paid Search,Consumer,Wearables,Aura Watch,3,329,0.10883211678832116,879.58,565.64,313.94,127.52,2024-10-22
2025-09-29,ORD-102240,C-4202,APAC,Organic,SMB,Home,Beacon Lamp,1,192,0.01,190.08,144.33,45.75,0,2023-04-19
2025-09-29,ORD-102241,C-4520,EMEA,Email,SMB,Wearables,Nimbus Ring,1,245,0.03,237.65,178.82,58.83,16.47,2024-06-17
2025-09-29,ORD-102242,C-4607,EMEA,Social,Enterprise,Home,Nest Sensor,2,64,0,128,68.56,59.44,13.34,2024-03-27
2025-09-29,ORD-102243,C-4869,EMEA,Email,SMB,Home,Vista Hub,3,214,0,642,454.55,187.45,61.81,2023-11-07
2025-09-29,ORD-102244,C-4621,North America,Paid Search,Consumer,Wearables,Nimbus Ring,2,245,0.023321167883211678,478.57,357.64,120.93,69.38,2024-06-27
2025-09-29,ORD-102245,C-4919,North America,Affiliate,Enterprise,Accessories,Orbit Dock,5,208,0,1040,599.83,440.17,79.46,2023-12-14
2025-09-29,ORD-102246,C-4785,EMEA,Affiliate,SMB,Accessories,Flux Cable,1,93,0.03,90.21,57.09,33.12,8.12,2024-08-11
2025-09-29,ORD-102247,C-4988,APAC,Affiliate,Enterprise,Home,Nest Sensor,1,64,0,64,34.28,29.72,5.52,2024-03-11
2025-09-30,ORD-102248,C-4552,APAC,Organic,SMB,Home,Vista Hub,2,214,0,428,303.03,124.97,0,2024-07-24
2025-09-30,ORD-102249,C-4607,North America,Paid Search,SMB,Home,Vista Hub,1,214,0.02343065693430657,208.99,151.52,57.47,30.33,2024-03-18
2025-09-30,ORD-102250,C-4696,EMEA,Email,Enterprise,Home,Nest Sensor,1,64,0,64,34.28,29.72,5.07,2024-01-17
2025-09-30,ORD-102251,C-4934,APAC,Social,Consumer,Home,Vista Hub,1,214,0.09,194.74,151.52,43.22,20.4,2025-05-27
2025-09-30,ORD-102252,C-4568,EMEA,Organic,Enterprise,Accessories,Orbit Dock,8,208,0,1664,959.73,704.27,0,2024-10-05
2025-09-30,ORD-102253,C-4361,EMEA,Affiliate,Consumer,Accessories,Shield Case,1,204,0.06,191.76,137.89,53.87,16.17,2025-04-25
2025-09-30,ORD-102254,C-4969,EMEA,Affiliate,SMB,Wearables,Pulse Band,3,105,0,315,169.17,145.83,25.16,2024-12-08
2025-09-30,ORD-102255,C-4395,APAC,Affiliate,Enterprise,Audio,Halo Headset,2,125,0,250,145.24,104.76,16.89,2023-10-19
2025-09-30,ORD-102256,C-4797,APAC,Email,SMB,Home,Beacon Lamp,3,192,0,576,432.99,143.01,53.52,2025-07-25
2025-09-30,ORD-102257,C-4914,North America,Organic,Enterprise,Audio,Halo Headset,3,125,0,375,217.87,157.13,0,2023-08-06
2025-10-01,ORD-102258,C-4906,EMEA,Organic,Enterprise,Audio,Echo Buds,1,79,0.02,77.42,56.88,20.54,0,2025-05-14
2025-10-01,ORD-102259,C-4975,APAC,Email,Enterprise,Home,Nest Sensor,3,64,0,192,102.83,89.17,18.07,2025-08-03
2025-10-01,ORD-102260,C-4544,North America,Paid Search,Consumer,Home,Beacon Lamp,2,192,0.02354014598540146,374.96,288.66,86.3,54.49,2023-12-16
2025-10-01,ORD-102261,C-4362,APAC,Paid Search,SMB,Accessories,Orbit Dock,3,208,0.10354014598540145,559.39,359.9,199.49,81.29,2023-11-30
2025-10-01,ORD-102262,C-4344,North America,Social,SMB,Accessories,Orbit Dock,3,208,0,624,359.9,264.1,53.84,2022-12-31
2025-10-01,ORD-102263,C-4825,EMEA,Organic,,Wearables,Pulse Band,2,105,0,210,112.78,97.22,0,2023-10-25
2025-10-01,ORD-102264,C-4281,North America,Affiliate,SMB,Wearables,Aura Watch,3,329,0.16631386861313868,822.85,565.92,256.93,72.24,2023-06-26
2025-10-01,ORD-102265,C-4635,EMEA,Affiliate,Enterprise,Wearables,Nimbus Ring,5,245,0.13,1065.75,894.1,171.65,93.78,2023-09-05
2025-10-01,ORD-102266,C-4677,North America,Social,SMB,Home,Beacon Lamp,3,192,0,576,432.99,143.01,37.97,2025-06-26
2025-10-01,ORD-102267,C-4563,APAC,Email,Consumer,Audio,Echo Buds,2,79,0.1,142.2,113.76,28.44,13.91,2024-01-04
2025-10-01,ORD-102268,C-4218,APAC,Affiliate,Enterprise,Accessories,Flux Cable,4,93,0.04,357.12,228.38,128.74,33.86,2023-07-17
2025-10-01,ORD-102269,C-4356,APAC,Organic,Consumer,Home,Vista Hub,2,214,0.04,410.88,303.03,107.85,0,2025-01-03
2025-10-01,ORD-102270,C-4800,North America,Email,SMB,Audio,Echo Buds,2,79,0.08,145.36,113.76,31.6,12.12,2025-02-11
2025-10-02,ORD-102271,C-4795,EMEA,Social,SMB,Accessories,Flux Cable,2,93,0.04,178.56,114.19,64.37,18.12,2024-02-24
2025-10-02,ORD-102272,C-4716,EMEA,Organic,SMB,Wearables,Aura Watch,1,329,0.08671532846715328,300.47,188.69,111.78,0,2023-02-27
2025-10-02,ORD-102273,C-4354,APAC,Paid Search,SMB,Accessories,Shield Case,2,204,0.02364963503649635,398.35,275.78,122.57,57.95,2023-01-15
2025-10-02,ORD-102274,C-4852,EMEA,Organic,SMB,Audio,Halo Headset,2,125,0,250,145.24,104.76,0,2025-06-30
2025-10-02,ORD-102275,C-4563,APAC,Affiliate,Consumer,Wearables,Nimbus Ring,3,245,0,735,536.46,198.54,65.14,2024-03-01
2025-10-02,ORD-102276,C-4900,APAC,Paid Search,Consumer,Home,Nest Sensor,3,64,0.043649635036496354,183.62,102.83,80.79,26.71,2025-02-26
2025-10-02,ORD-102277,C-4197,APAC,Affiliate,Consumer,Wearables,Nimbus Ring,3,245,0,735,536.46,198.54,61.91,2024-02-04
2025-10-02,ORD-102278,C-4793,EMEA,Organic,Enterprise,Audio,Echo Buds,6,79,0,474,341.29,132.71,0,2024-03-11
2025-10-02,ORD-102279,C-4374,EMEA,Affiliate,Consumer,Wearables,Aura Watch,3,329,0.13671532846715329,852.06,566.05,286.01,52.5,2025-07-23
2025-10-02,ORD-102280,C-4266,EMEA,Organic,Enterprise,Wearables,Pulse Band,3,105,0,315,169.17,145.83,0,2025-06-01
2025-10-03,ORD-102281,C-4384,EMEA,Organic,Enterprise,Accessories,Orbit Dock,9,208,0,1872,1079.7,792.3,0,2025-07-27
2025-10-03,ORD-102282,C-4935,EMEA,Paid Search,Enterprise,Accessories,Orbit Dock,7,208,0.03375912408759124,1406.85,839.77,567.08,204.89,2024-12-28
2025-10-03,ORD-102283,C-4826,North America,Email,SMB,Audio,Echo Buds,2,79,0,158,113.76,44.24,11.41,2023-08-10
2025-10-03,ORD-102284,C-4500,North America,Organic,Consumer,Home,Beacon Lamp,2,192,0.12,337.92,288.66,49.26,0,2023-05-31
2025-10-03,ORD-102285,C-4497,North America,Affiliate,Enterprise,Home,Nest Sensor,6,64,0,384,205.67,178.33,36.43,2024-06-09
2025-10-03,ORD-102286,C-4765,APAC,Social,Enterprise,Wearables,Pulse Band,6,105,0.06,592.2,338.34,253.86,50.62,2023-08-18
2025-10-04,ORD-102287,C-4276,APAC,Paid Search,SMB,Wearables,Aura Watch,2,329,0.16138686131386862,551.81,377.55,174.26,80.46,2025-05-07
2025-10-04,ORD-102288,C-4885,North America,Paid Search,Enterprise,Audio,Halo Headset,7,125,0.10386861313868613,784.11,508.35,275.76,114.33,2023-06-26
2025-10-04,ORD-102289,C-4246,EMEA,Affiliate,Consumer,Accessories,Flux Cable,2,93,0,186,114.19,71.81,15.76,2024-12-30
2025-10-04,ORD-102290,C-4767,North America,Affiliate,SMB,Wearables,Pulse Band,1,105,0.1,94.5,56.39,38.11,6.74,2025-04-23
2025-10-04,ORD-102291,C-4251,North America,Email,SMB,Audio,Echo Buds,1,79,0,79,56.88,22.12,8.12,2023-08-16
2025-10-04,ORD-102292,C-4806,EMEA,Email,Enterprise,Home,Vista Hub,9,214,0,1926,1363.66,562.34,140.2,2024-06-05
2025-10-04,ORD-102293,C-4290,EMEA,Organic,Consumer,Wearables,Pulse Band,2,105,0,210,112.78,97.22,0,2025-08-19
2025-10-04,ORD-102294,C-4251,North America,Organic,SMB,Accessories,Shield Case,3,204,0.12,538.56,413.67,124.89,0,2024-11-27
2025-10-05,ORD-102295,C-4798,APAC,Paid Search,SMB,Home,Nest Sensor,1,64,0.02397810218978102,62.47,34.28,28.19,9.12,2023-10-28
2025-10-05,ORD-102296,C-4643,North America,Affiliate,Consumer,Home,Nest Sensor,1,64,0,64,34.28,29.72,4.65,2024-10-30
2025-10-05,ORD-102297,C-4100,EMEA,Social,Consumer,Accessories,Flux Cable,1,93,0.01,92.07,57.09,34.98,10.03,2025-06-22
2025-10-05,ORD-102298,C-4683,North America,Email,Consumer,Home,Nest Sensor,1,64,0,64,34.28,29.72,7,2023-12-31
2025-10-05,ORD-102299,C-4191,EMEA,Social,Consumer,Audio,Echo Buds,2,79,0.1,142.2,113.76,28.44,13.66,2023-07-26
2025-10-05,ORD-102300,C-4867,APAC,Social,Enterprise,Home,Beacon Lamp,8,192,0.11,1367.04,1154.65,212.39,113.84,2024-10-24
2025-10-05,ORD-102301,C-4492,North America,Social,Enterprise,Home,Beacon Lamp,6,192,0.06,1082.88,865.98,216.9,112.11,2025-03-01
2025-10-05,ORD-102302,C-4374,EMEA,Email,Enterprise,Accessories,Shield Case,9,204,0.08,1689.12,1241.01,448.11,120.35,2024-08-10
2025-10-05,ORD-102303,C-4282,APAC,Organic,Consumer,Audio,Echo Buds,1,79,0.02,77.42,56.88,20.54,0,2024-07-19
2025-10-05,ORD-102304,C-4412,APAC,Organic,Enterprise,Accessories,Shield Case,3,204,0.07,569.16,413.67,155.49,0,2023-05-16
2025-10-05,ORD-102305,C-4831,North America,Organic,SMB,Wearables,Aura Watch,1,329,0.21791970802919708,257.3,188.82,68.48,0,2025-01-09
2025-10-05,ORD-102306,C-4133,EMEA,Email,Consumer,Accessories,Flux Cable,1,93,0.11,82.77,57.09,25.68,5.2,2023-06-23
2025-10-06,ORD-102307,C-4192,North America,Paid Search,SMB,Wearables,Aura Watch,3,329,0.26240875912408756,728,566.6,161.4,106.38,2024-08-03
2025-10-06,ORD-102308,C-4508,APAC,Email,Enterprise,Audio,Halo Headset,6,125,0,750,435.73,314.27,63.81,2023-01-10
2025-10-06,ORD-102309,C-4982,EMEA,Paid Search,SMB,Home,Nest Sensor,3,64,0.02408759124087591,187.38,102.83,84.55,27.38,2025-06-19
2025-10-06,ORD-102310,C-4846,EMEA,Affiliate,Consumer,Audio,Echo Buds,2,79,0,158,113.76,44.24,13.63,2023-12-06
2025-10-06,ORD-102311,C-4627,EMEA,Paid Search,Enterprise,Audio,Halo Headset,2,125,0.02408759124087591,243.98,145.24,98.74,35.65,2025-06-27
2025-10-06,ORD-102312,C-4553,APAC,Organic,Enterprise,Wearables,Aura Watch,9,329,0.2283211678832117,2284.94,1699.79,585.15,0,2024-12-17
2025-10-06,ORD-102313,C-4585,EMEA,Paid Search,SMB,Home,Beacon Lamp,1,192,0.06408759124087592,179.7,144.33,35.37,26.26,2024-07-24
2025-10-06,ORD-102314,C-4971,North America,Paid Search,Consumer,Home,Beacon Lamp,1,192,0.02408759124087591,187.38,144.33,43.05,27.38,2023-02-20
2025-10-06,ORD-102315,C-4963,APAC,Paid Search,SMB,Home,Beacon Lamp,2,192,0.07408759124087591,355.55,288.66,66.89,51.96,2024-02-17
2025-10-07,ORD-102316,C-4918,North America,Email,Enterprise,Wearables,Aura Watch,3,329,0.08872262773722628,899.43,566.74,332.69,64.63,2023-01-05
2025-10-07,ORD-102317,C-4316,APAC,Social,SMB,Wearables,Nimbus Ring,2,245,0.15,416.5,357.64,58.86,39.71,2024-11-22
2025-10-07,ORD-102318,C-4955,APAC,Paid Search,SMB,Home,Beacon Lamp,2,192,0.1541970802919708,324.79,288.66,36.13,47.52,2023-08-14
2025-10-07,ORD-102319,C-4785,EMEA,Email,Consumer,Home,Beacon Lamp,1,192,0,192,144.33,47.67,14.09,2025-09-19
2025-10-07,ORD-102320,C-4432,APAC,Affiliate,SMB,Audio,Echo Buds,3,79,0,237,170.65,66.35,15.33,2025-03-22
2025-10-07,ORD-102321,C-4299,APAC,Organic,Enterprise,Home,Beacon Lamp,2,192,0,384,288.66,95.34,0,2024-03-29
2025-10-07,ORD-102322,C-4159,APAC,Social,Enterprise,Wearables,Nimbus Ring,3,245,0,735,536.46,198.54,45.9,2025-02-20
2025-10-07,ORD-102323,C-4492,APAC,Social,SMB,Audio,Halo Headset,2,125,0.06,235,145.24,89.76,21.42,2024-04-09
2025-10-08,ORD-102324,C-4272,APAC,Social,Consumer,Home,Vista Hub,2,214,0,428,303.03,124.97,35.33,2024-08-15
2025-10-08,ORD-102325,C-4639,APAC,Organic,SMB,Wearables,Pulse Band,2,105,0,210,112.78,97.22,0,2025-07-13
2025-10-08,ORD-102326,C-4441,North America,Paid Search,Consumer,Home,Beacon Lamp,2,192,0.11430656934306568,340.11,288.66,51.45,49.81,2024-01-28
2025-10-08,ORD-102327,C-4217,EMEA,Social,Enterprise,Wearables,Pulse Band,8,105,0,840,451.12,388.88,67.6,2025-01-30
2025-10-08,ORD-102328,C-4106,North America,Affiliate,Enterprise,Accessories,Flux Cable,9,93,0.09,761.67,513.85,247.82,81.78,2024-04-28
2025-10-08,ORD-102329,C-4850,EMEA,Paid Search,SMB,Accessories,Orbit Dock,1,208,0.024306569343065694,202.94,119.97,82.97,29.72,2024-06-11
2025-10-08,ORD-102330,C-4840,APAC,Social,Consumer,Audio,Echo Buds,3,79,0,237,170.65,66.35,18.87,2023-03-03
2025-10-08,ORD-102331,C-4286,North America,Paid Search,SMB,Home,Beacon Lamp,2,192,0.024306569343065694,374.67,288.66,86.01,54.87,2024-11-09
2025-10-08,ORD-102332,C-4851,North America,Paid Search,Consumer,Audio,Echo Buds,1,79,0.024306569343065694,77.08,56.88,20.2,11.29,2023-12-21
2025-10-08,ORD-102333,C-4132,EMEA,Social,Enterprise,Wearables,Pulse Band,1,105,0,105,56.39,48.61,10.09,2024-11-03
2025-10-08,ORD-102334,C-4598,EMEA,Affiliate,SMB,Audio,Halo Headset,2,125,0,250,145.24,104.76,23.84,2023-03-03
2025-10-09,ORD-102335,C-4290,North America,Affiliate,Enterprise,Accessories,Shield Case,4,204,0,816,551.56,264.44,58.98,2025-02-14
2025-10-09,ORD-102336,C-4589,APAC,Email,Consumer,Home,Vista Hub,3,214,0,642,454.55,187.45,49.54,2025-07-14
2025-10-09,ORD-102337,C-4682,APAC,Organic,Enterprise,Wearables,Nimbus Ring,3,245,0.02,720.3,536.46,183.84,0,2025-06-22
2025-10-09,ORD-102338,C-4906,North America,Affiliate,Enterprise,Home,Beacon Lamp,8,192,0,1536,1154.65,381.35,101.02,2024-06-23
2025-10-09,ORD-102339,C-4910,North America,Organic,SMB,Accessories,Shield Case,1,204,0.13,177.48,137.89,39.59,0,2024-02-03
2025-10-09,ORD-102340,C-4838,APAC,Affiliate,Enterprise,Accessories,Shield Case,9,204,0.12,1615.68,1241.01,374.67,165.36,2025-05-01
2025-10-09,ORD-102341,C-4883,North America,Organic,SMB,Audio,Halo Headset,3,125,0.01,371.25,217.87,153.38,0,2023-03-28
2025-10-09,ORD-102342,C-4973,APAC,Paid Search,SMB,Audio,Halo Headset,3,125,0.03441605839416058,362.09,217.87,144.22,53.09,2024-06-11
2025-10-10,ORD-102343,C-4624,North America,Paid Search,Enterprise,Home,Beacon Lamp,2,192,0.024525547445255473,374.58,288.66,85.92,54.98,2024-08-18
2025-10-10,ORD-102344,C-4166,North America,Affiliate,Consumer,Accessories,Orbit Dock,2,208,0.14,357.76,239.93,117.83,29.18,2024-03-01
2025-10-11,ORD-102345,C-4302,North America,Social,SMB,Accessories,Orbit Dock,3,208,0.09,567.84,359.9,207.94,61.89,2023-09-30
2025-10-11,ORD-102346,C-4294,APAC,Organic,SMB,Accessories,Flux Cable,3,93,0.01,276.21,171.28,104.93,0,2023-05-24
2025-10-11,ORD-102347,C-4177,EMEA,Affiliate,SMB,Audio,Echo Buds,2,79,0,158,113.76,44.24,10.32,2023-09-27
2025-10-11,ORD-102348,C-4307,EMEA,Paid Search,SMB,Wearables,Aura Watch,2,329,0.15496350364963504,556.03,378.19,177.84,81.71,2025-02-08
2025-10-11,ORD-102349,C-4439,North America,Social,Consumer,Wearables,Aura Watch,2,329,0.12032846715328467,578.82,378.19,200.63,36.32,2024-09-07
2025-10-11,ORD-102350,C-4330,EMEA,Organic,SMB,Accessories,Orbit Dock,3,208,0.04,599.04,359.9,239.14,0,2023-09-06
2025-10-11,ORD-102351,C-4398,APAC,Paid Search,SMB,Audio,Echo Buds,1,79,0.14463503649635037,67.57,56.88,10.69,9.93,2024-04-30
2025-10-11,ORD-102352,C-4376,EMEA,Organic,SMB,Home,Vista Hub,1,214,0,214,151.52,62.48,0,2024-03-11
2025-10-11,ORD-102353,C-4540,North America,Social,Enterprise,Wearables,Pulse Band,3,105,0.06,296.1,169.17,126.93,31.76,2025-04-22
2025-10-12,ORD-102354,C-4530,APAC,Organic,Enterprise,Wearables,Nimbus Ring,5,245,0.15,1041.25,894.1,147.15,0,2024-09-16
2025-10-12,ORD-102355,C-4989,EMEA,Email,SMB,Accessories,Shield Case,2,204,0.04,391.68,275.78,115.9,39.37,2023-06-23
2025-10-12,ORD-102356,C-4358,APAC,Affiliate,Enterprise,Wearables,Nimbus Ring,8,245,0.14,1685.6,1430.56,255.04,143.81,2024-12-19
2025-10-12,ORD-102357,C-4195,APAC,Paid Search,Enterprise,Accessories,Shield Case,4,204,0.07474452554744526,755.01,551.56,203.45,111.07,2024-04-14
2025-10-12,ORD-102358,C-4777,EMEA,Paid Search,SMB,Wearables,Aura Watch,1,329,0.11547445255474453,291.01,189.14,101.87,42.81,2024-06-16
2025-10-12,ORD-102359,C-4696,North America,Affiliate,Enterprise,Accessories,Shield Case,7,204,0,1428,965.23,462.77,116.5,2025-06-27
2025-10-12,ORD-102360,C-4111,EMEA,Organic,Enterprise,Wearables,Nimbus Ring,2,245,0,490,357.64,132.36,0,2025-02-25
2025-10-13,ORD-102361,C-4965,North America,Email,SMB,Home,Nest Sensor,3,64,0,192,102.83,89.17,12.62,2025-08-12
2025-10-13,ORD-102362,C-4249,North America,Email,Consumer,Wearables,Pulse Band,3,105,0,315,169.17,145.83,33.61,2023-06-11
2025-10-13,ORD-102363,C-4637,APAC,Social,Consumer,Home,Vista Hub,1,214,0.01,211.86,151.52,60.34,22.76,2025-02-02
2025-10-13,ORD-102364,C-4112,North America,Email,Consumer,Wearables,Aura Watch,2,329,0.09113138686131388,598.04,378.37,219.67,38.59,2024-08-08
2025-10-13,ORD-102365,C-4406,North America,Affiliate,Consumer,Wearables,Pulse Band,1,105,0.14,90.3,56.39,33.91,8.08,2023-11-03
2025-10-13,ORD-102366,C-4270,APAC,Organic,Enterprise,Accessories,Shield Case,9,204,0.08,1689.12,1241.01,448.11,0,2024-01-29
2025-10-13,ORD-102367,C-4907,EMEA,Paid Search,SMB,Accessories,Flux Cable,1,93,0.024854014598540145,90.69,57.09,33.6,13.36,2023-11-13
2025-10-13,ORD-102368,C-4293,APAC,Organic,Enterprise,Accessories,Orbit Dock,2,208,0,416,239.93,176.07,0,2024-04-01
2025-10-13,ORD-102369,C-4694,North America,Social,Enterprise,Home,Beacon Lamp,5,192,0,960,721.65,238.35,62.44,2024-07-30
2025-10-13,ORD-102370,C-4794,EMEA,Organic,Enterprise,Audio,Echo Buds,5,79,0.01,391.05,284.41,106.64,0,2025-06-06
2025-10-13,ORD-102371,C-4967,EMEA,Paid Search,SMB,Wearables,Pulse Band,2,105,0.024854014598540145,204.78,112.78,92,30.16,2023-03-07
2025-10-14,ORD-102372,C-4131,APAC,Affiliate,SMB,Wearables,Aura Watch,2,329,0.14153284671532845,564.87,378.46,186.41,50.72,2023-12-31
2025-10-14,ORD-102373,C-4489,North America,Email,Enterprise,Accessories,Shield Case,5,204,0,1020,689.45,330.55,76.84,2024-11-10
2025-10-14,ORD-102374,C-4530,EMEA,Organic,Enterprise,Wearables,Pulse Band,4,105,0.1,378,225.56,152.44,0,2024-01-30
2025-10-14,ORD-102375,C-4758,EMEA,Organic,Consumer,Accessories,Flux Cable,3,93,0,279,171.28,107.72,0,2024-06-16
2025-10-14,ORD-102376,C-4437,EMEA,Email,Consumer,Audio,Halo Headset,3,125,0.1,337.5,217.87,119.63,27.24,2024-04-29
2025-10-14,ORD-102377,C-4644,North America,Social,SMB,Wearables,Nimbus Ring,2,245,0.11,436.1,357.64,78.46,40.56,2025-06-28
2025-10-14,ORD-102378,C-4878,North America,Paid Search,Consumer,Accessories,Flux Cable,2,93,0.024963503649635035,181.36,114.19,67.17,26.74,2025-05-07
2025-10-14,ORD-102379,C-4178,APAC,Paid Search,Consumer,Wearables,Nimbus Ring,1,245,0.024963503649635035,238.88,178.82,60.06,35.22,2023-01-10
2025-10-14,ORD-102380,C-4622,EMEA,Affiliate,Enterprise,Accessories,Shield Case,6,204,0.15,1040.4,827.34,213.06,106.34,2024-11-14
2025-10-14,ORD-102381,C-4117,APAC,Organic,Consumer,Wearables,Nimbus Ring,3,245,0.01,727.65,536.46,191.19,0,2024-06-24
2025-10-14,ORD-102382,C-4228,EMEA,Affiliate,Enterprise,Wearables,Aura Watch,6,329,0.09153284671532846,1793.31,1135.38,657.93,152.91,2023-09-24
2025-10-15,ORD-102383,C-4704,APAC,Organic,Enterprise,Wearables,Nimbus Ring,5,245,0,1225,894.1,330.9,0,2025-03-25
2025-10-15,ORD-102384,C-4432,EMEA,Email,SMB,Audio,Halo Headset,1,125,0.07,116.25,72.62,43.63,8.39,2025-05-31
2025-10-15,ORD-102385,C-4617,EMEA,Affiliate,Consumer,Wearables,Nimbus Ring,3,245,0.03,712.95,536.46,176.49,57.67,2025-01-28
2025-10-15,ORD-102386,C-4409,APAC,Email,Enterprise,Audio,Echo Buds,7,79,0,553,398.17,154.83,53.46,2024-12-03
2025-10-15,ORD-102387,C-4617,North America,Email,SMB,Wearables,Aura Watch,2,329,0.09193430656934307,597.51,378.55,218.96,52.7,2024-12-06
2025-10-15,ORD-102388,C-4355,APAC,Affiliate,Enterprise,Audio,Echo Buds,1,79,0,79,56.88,22.12,7.11,2023-03-20
2025-10-15,ORD-102389,C-4291,North America,Email,SMB,Accessories,Shield Case,1,204,0.14,175.44,137.89,37.55,18.36,2025-05-20
2025-10-15,ORD-102390,C-4785,North America,Affiliate,Enterprise,Home,Nest Sensor,2,64,0.07,119.04,68.56,50.48,8.87,2023-05-13
2025-10-16,ORD-102391,C-4285,EMEA,Affiliate,SMB,Audio,Halo Headset,1,125,0,125,72.62,52.38,13.33,2024-06-15
2025-10-16,ORD-102392,C-4146,EMEA,Email,Enterprise,Audio,Echo Buds,8,79,0,632,455.05,176.95,64.39,2024-02-03
2025-10-16,ORD-102393,C-4608,North America,Organic,SMB,Home,Beacon Lamp,1,192,0,192,144.33,47.67,0,2025-06-19
2025-10-16,ORD-102394,C-4235,EMEA,Affiliate,SMB,Accessories,Orbit Dock,2,208,0,416,239.93,176.07,38.02,2025-02-26
2025-10-16,ORD-102395,C-4475,APAC,Email,Consumer,Home,Beacon Lamp,1,192,0,192,144.33,47.67,16.99,2025-06-11
2025-10-16,ORD-102396,C-4658,North America,Social,Enterprise,Accessories,Shield Case,4,204,0.14,701.76,551.56,150.2,67.52,2024-06-01
2025-10-16,ORD-102397,C-4567,North America,Organic,Consumer,Accessories,Shield Case,3,204,0,612,413.67,198.33,0,2025-08-03
2025-10-16,ORD-102398,C-4872,APAC,Email,Consumer,Accessories,Shield Case,2,204,0.06,383.52,275.78,107.74,36.56,2025-01-20
2025-10-16,ORD-102399,C-4139,APAC,Email,Consumer,Home,Nest Sensor,3,64,0,192,102.83,89.17,17.32,2024-08-24
2025-10-16,ORD-102400,C-4980,North America,Social,Consumer,Wearables,Aura Watch,3,329,0.20233576642335765,787.29,567.97,219.32,67.31,2023-03-03
2025-10-16,ORD-102401,C-4534,North America,Email,Consumer,Wearables,Pulse Band,2,105,0,210,112.78,97.22,19.21,2023-09-24
2025-10-16,ORD-102402,C-4794,APAC,Email,SMB,Accessories,Flux Cable,1,93,0.14,79.98,57.09,22.89,5.77,2023-03-13
2025-10-16,ORD-102403,C-4663,North America,Affiliate,SMB,Home,Beacon Lamp,2,192,0.08,353.28,288.66,64.62,33.68,2024-11-15
2025-10-16,ORD-102404,C-4807,APAC,Email,Enterprise,Accessories,Shield Case,4,204,0,816,551.56,264.44,87.99,2023-01-11
2025-10-17,ORD-102405,C-4652,EMEA,Affiliate,SMB,Audio,Halo Headset,1,125,0,125,72.62,52.38,8.92,2025-05-05
2025-10-17,ORD-102406,C-4775,APAC,Organic,Enterprise,Audio,Echo Buds,8,79,0,632,455.05,176.95,0,2023-01-31
2025-10-18,ORD-102407,C-4750,APAC,Affiliate,Consumer,Home,Beacon Lamp,3,192,0.02,564.48,432.99,131.49,42.5,2025-08-30
2025-10-18,ORD-102408,C-4827,APAC,Paid Search,Enterprise,Wearables,Nimbus Ring,4,245,0.1054014598540146,876.71,715.28,161.43,129.84,2024-01-15
2025-10-18,ORD-102409,C-4856,EMEA,Social,Consumer,Wearables,Aura Watch,1,329,0.09313868613138686,298.36,189.42,108.94,26.75,2025-04-20
2025-10-18,ORD-102410,C-4790,EMEA,Affiliate,Enterprise,Accessories,Orbit Dock,8,208,0.12,1464.32,959.73,504.59,130.55,2024-06-12
2025-10-18,ORD-102411,C-4264,North America,Email,Consumer,Audio,Halo Headset,3,125,0.04,360,217.87,142.13,24.09,2025-04-30
2025-10-18,ORD-102412,C-4625,EMEA,Affiliate,Enterprise,Home,Beacon Lamp,9,192,0,1728,1298.98,429.02,153.3,2023-07-11
2025-10-18,ORD-102413,C-4750,North America,Paid Search,Consumer,Accessories,Orbit Dock,1,208,0.025401459854014596,202.72,119.97,82.75,30.02,2024-09-18
2025-10-18,ORD-102414,C-4629,North America,Affiliate,Enterprise,Accessories,Orbit Dock,9,208,0,1872,1079.7,792.3,168.38,2023-12-07
2025-10-18,ORD-102415,C-4894,APAC,Organic,Enterprise,Accessories,Shield Case,3,204,0.09,556.92,413.67,143.25,0,2023-12-16
2025-10-18,ORD-102416,C-4820,APAC,Email,SMB,Wearables,Aura Watch,3,329,0.12313868613138686,865.46,568.25,297.21,69.89,2023-03-19
2025-10-18,ORD-102417,C-4348,EMEA,Social,SMB,Home,Nest Sensor,1,64,0,64,34.28,29.72,5.96,2023-07-07
2025-10-18,ORD-102418,C-4559,APAC,Organic,SMB,Home,Beacon Lamp,3,192,0,576,432.99,143.01,0,2024-02-10
2025-10-18,ORD-102419,C-4999,EMEA,Affiliate,Enterprise,Home,Beacon Lamp,9,192,0,1728,1298.98,429.02,136.67,2025-06-23
2025-10-19,ORD-102420,C-4215,North America,Affiliate,Enterprise,Accessories,Flux Cable,3,93,0.15,237.15,171.28,65.87,18.31,2023-01-27
2025-10-19,ORD-102421,C-4901,APAC,Affiliate,Enterprise,Audio,Halo Headset,1,125,0.1,112.5,72.62,39.88,11.7,2024-07-09
2025-10-19,ORD-102422,C-4201,North America,Email,Consumer,Wearables,Pulse Band,2,105,0,210,112.78,97.22,16.53,2025-07-29
2025-10-19,ORD-102423,C-4754,EMEA,Paid Search,Consumer,Home,Vista Hub,3,214,0.02551094890510949,625.62,454.55,171.07,92.76,2024-08-02
2025-10-19,ORD-102424,C-4668,EMEA,Paid Search,SMB,Accessories,Orbit Dock,1,208,0.02551094890510949,202.69,119.97,82.72,30.05,2025-08-11
2025-10-19,ORD-102425,C-4389,North America,Affiliate,SMB,Accessories,Flux Cable,1,93,0,93,57.09,35.91,6.41,2024-05-06
2025-10-19,ORD-102426,C-4969,North America,Email,Consumer,Accessories,Shield Case,1,204,0.06,191.76,137.89,53.87,13.1,2023-11-07
2025-10-19,ORD-102427,C-4877,EMEA,Paid Search,Enterprise,Home,Nest Sensor,7,64,0.02551094890510949,436.57,239.95,196.62,64.73,2024-09-14
2025-10-19,ORD-102428,C-4197,EMEA,Social,Consumer,Audio,Echo Buds,2,79,0.08,145.36,113.76,31.6,14.93,2024-07-09
2025-10-19,ORD-102429,C-4953,EMEA,Affiliate,Consumer,Home,Nest Sensor,1,64,0.11,56.96,34.28,22.68,5.27,2023-02-21
2025-10-19,ORD-102430,C-4398,APAC,Social,Consumer,Accessories,Shield Case,2,204,0.08,375.36,275.78,99.58,36.96,2024-12-27
2025-10-19,ORD-102431,C-4786,APAC,Affiliate,Enterprise,Accessories,Shield Case,8,204,0,1632,1103.12,528.88,144.98,2025-03-01
2025-10-20,ORD-102432,C-4787,North America,Paid Search,Enterprise,Wearables,Nimbus Ring,2,245,0.04562043795620438,467.65,357.64,110.01,69.41,2024-12-04
2025-10-20,ORD-102433,C-4926,EMEA,Email,Enterprise,Accessories,Orbit Dock,2,208,0,416,239.93,176.07,32.01,2025-05-11
2025-10-20,ORD-102434,C-4622,EMEA,Paid Search,Enterprise,Home,Nest Sensor,2,64,0.04562043795620438,122.16,68.56,53.6,18.13,2025-05-16
2025-10-20,ORD-102435,C-4438,EMEA,Social,SMB,Wearables,Nimbus Ring,2,245,0,490,357.64,132.36,29.48,2024-02-28
2025-10-20,ORD-102436,C-4129,North America,Email,Consumer,Audio,Halo Headset,1,125,0,125,72.62,52.38,8.06,2024-07-08
2025-10-20,ORD-102437,C-4523,North America,Affiliate,Enterprise,Audio,Halo Headset,9,125,0.01,1113.75,653.6,460.15,80.04,2024-03-17
2025-10-20,ORD-102438,C-4700,APAC,Affiliate,SMB,Accessories,Shield Case,1,204,0,204,137.89,66.11,15.33,2024-08-22
2025-10-20,ORD-102439,C-4769,APAC,Email,SMB,Accessories,Flux Cable,3,93,0,279,171.28,107.72,30.65,2023-03-21
2025-10-20,ORD-102440,C-4206,APAC,Organic,Enterprise,Home,Nest Sensor,6,64,0,384,205.67,178.33,0,2023-12-27
2025-10-20,ORD-102441,C-4494,APAC,Affiliate,SMB,Home,Nest Sensor,3,64,0.07,178.56,102.83,75.73,14.63,2023-05-14
2025-10-20,ORD-102442,C-4529,EMEA,Paid Search,SMB,Wearables,Nimbus Ring,3,245,0.10562043795620438,657.37,536.46,120.91,97.57,2023-04-25
2025-10-21,ORD-102443,C-4859,North America,Social,SMB,Home,Vista Hub,3,214,0,642,454.55,187.45,55.94,2025-02-24
2025-10-21,ORD-102444,C-4778,APAC,Affiliate,Consumer,Wearables,Aura Watch,2,329,0.09434306569343066,595.92,379.1,216.82,58.74,2023-04-19
2025-10-21,ORD-102445,C-4846,EMEA,Social,Consumer,Audio,Echo Buds,1,79,0,79,56.88,22.12,7.28,2023-09-20
2025-10-21,ORD-102446,C-4382,APAC,Paid Search,Consumer,Audio,Halo Headset,1,125,0.17572992700729925,103.03,72.62,30.41,15.31,2025-02-09
2025-10-21,ORD-102447,C-4909,North America,Paid Search,SMB,Home,Nest Sensor,2,64,0.02572992700729927,124.71,68.56,56.15,18.53,2025-04-27
2025-10-21,ORD-102448,C-4486,APAC,Email,Consumer,Wearables,Pulse Band,1,105,0,105,56.39,48.61,7.52,2025-06-07
2025-10-21,ORD-102449,C-4254,North America,Affiliate,Consumer,Home,Nest Sensor,1,64,0.02,62.72,34.28,28.44,4.74,2024-11-02
2025-10-21,ORD-102450,C-4570,APAC,Paid Search,Consumer,Wearables,Nimbus Ring,2,245,0.02572992700729927,477.39,357.64,119.75,70.94,2023-03-03
2025-10-21,ORD-102451,C-4483,North America,Social,Consumer,Wearables,Aura Watch,1,329,0.09434306569343066,297.96,189.56,108.4,21.77,2024-11-01
2025-10-22,ORD-102452,C-4146,EMEA,Organic,SMB,Accessories,Orbit Dock,2,208,0,416,239.93,176.07,0,2024-06-14
2025-10-22,ORD-102453,C-4187,North America,Affiliate,Consumer,Home,Vista Hub,2,214,0,428,303.03,124.97,27.3,2024-02-23
2025-10-22,ORD-102454,C-4560,North America,Affiliate,SMB,Home,Vista Hub,1,214,0,214,151.52,62.48,23.16,2023-11-24
2025-10-22,ORD-102455,C-4253,APAC,Social,Enterprise,Home,Beacon Lamp,4,192,0,768,577.32,190.68,62.06,2023-02-23
2025-10-22,ORD-102456,C-4866,EMEA,Email,Consumer,Home,Vista Hub,2,214,0,428,303.03,124.97,36.56,2024-08-08
2025-10-22,ORD-102457,C-4985,North America,Paid Search,SMB,Accessories,Flux Cable,1,93,0.025839416058394158,90.6,57.09,33.51,13.48,2023-04-28
2025-10-22,ORD-102458,C-4946,APAC,Email,Consumer,Wearables,Aura Watch,2,329,0.09474452554744525,595.66,379.19,216.47,38.89,2024-11-08
2025-10-22,ORD-102459,C-4171,North America,Email,Enterprise,Wearables,Pulse Band,3,105,0,315,169.17,145.83,28,2024-07-23
2025-10-22,ORD-102460,C-4135,APAC,Social,Enterprise,Accessories,Flux Cable,4,93,0,372,228.38,143.62,29.99,2023-06-03
2025-10-22,ORD-102461,C-4783,APAC,Paid Search,SMB,Wearables,Aura Watch,2,329,0.2105839416058394,519.44,379.19,140.25,77.27,2023-03-08
2025-10-23,ORD-102462,C-4169,APAC,Organic,Consumer,Accessories,Flux Cable,1,93,0,93,57.09,35.91,0,2024-10-18
2025-10-23,ORD-102463,C-4471,APAC,Organic,Enterprise,Home,Nest Sensor,4,64,0,256,137.11,118.89,0,2025-07-17
2025-10-23,ORD-102464,C-4435,North America,Affiliate,Consumer,Audio,Halo Headset,2,125,0,250,145.24,104.76,24.25,2024-01-08
2025-10-23,ORD-102465,C-4968,EMEA,Paid Search,Enterprise,Home,Beacon Lamp,5,192,0.06594890510948906,896.69,721.65,175.04,133.54,2023-02-16
2025-10-23,ORD-102466,C-4581,APAC,Paid Search,SMB,Audio,Echo Buds,1,79,0.02594890510948905,76.95,56.88,20.07,11.46,2025-03-07
2025-10-23,ORD-102467,C-4579,North America,Paid Search,SMB,Home,Vista Hub,3,214,0.02594890510948905,625.34,454.55,170.79,93.13,2024-09-08
2025-10-23,ORD-102468,C-4155,North America,Paid Search,SMB,Accessories,Shield Case,1,204,0.02594890510948905,198.71,137.89,60.82,29.59,2025-08-19
2025-10-23,ORD-102469,C-4169,APAC,Email,Consumer,Wearables,Nimbus Ring,2,245,0.02,480.2,357.64,122.56,52.18,2023-07-15
2025-10-23,ORD-102470,C-4867,North America,Organic,SMB,Home,Beacon Lamp,3,192,0,576,432.99,143.01,0,2024-12-09
2025-10-23,ORD-102471,C-4970,EMEA,Email,Consumer,Accessories,Shield Case,1,204,0.14,175.44,137.89,37.55,12.63,2023-10-13
2025-10-24,ORD-102472,C-4468,EMEA,Social,Enterprise,Audio,Halo Headset,6,125,0.01,742.5,435.73,306.77,59.57,2025-07-09
2025-10-24,ORD-102473,C-4971,North America,Paid Search,Enterprise,Audio,Echo Buds,6,79,0.07605839416058394,437.95,341.29,96.66,65.29,2024-12-30
2025-10-24,ORD-102474,C-4593,APAC,Email,SMB,Accessories,Orbit Dock,3,208,0,624,359.9,264.1,64.85,2023-04-15
2025-10-24,ORD-102475,C-4387,APAC,Paid Search,Enterprise,Accessories,Shield Case,1,204,0.02605839416058394,198.68,137.89,60.79,29.62,2023-05-31
2025-10-24,ORD-102476,C-4664,EMEA,Organic,Enterprise,Accessories,Shield Case,8,204,0.1,1468.8,1103.12,365.68,0,2023-08-07
2025-10-24,ORD-102477,C-4631,North America,Email,Consumer,Accessories,Orbit Dock,2,208,0.09,378.56,239.93,138.63,29.54,2023-10-21
2025-10-24,ORD-102478,C-4377,EMEA,Email,Consumer,Accessories,Flux Cable,3,93,0,279,171.28,107.72,20.48,2023-11-03
2025-10-25,ORD-102479,C-4841,EMEA,Affiliate,Enterprise,Accessories,Flux Cable,2,93,0.08,171.12,114.19,56.93,10.74,2024-06-16
2025-10-25,ORD-102480,C-4920,EMEA,Paid Search,SMB,Accessories,Shield Case,3,204,0.02616788321167883,595.99,413.67,182.32,88.95,2024-10-10
2025-10-25,ORD-102481,C-4523,EMEA,Social,Enterprise,Audio,Halo Headset,5,125,0,625,363.11,261.89,62.22,2024-11-02
2025-10-25,ORD-102482,C-4534,North America,Paid Search,SMB,Home,Nest Sensor,2,64,0.02616788321167883,124.65,68.56,56.09,18.6,2025-01-31
2025-10-25,ORD-102483,C-4104,North America,Social,Consumer,Home,Nest Sensor,1,64,0.06,60.16,34.28,25.88,4.17,2024-11-25
2025-10-25,ORD-102484,C-4195,North America,Social,Enterprise,Accessories,Shield Case,3,204,0,612,413.67,198.33,42.12,2025-06-03
2025-10-25,ORD-102485,C-4553,APAC,Social,Consumer,Accessories,Shield Case,3,204,0,612,413.67,198.33,52.84,2025-01-15
2025-10-26,ORD-102486,C-4245,North America,Email,Consumer,Home,Vista Hub,1,214,0,214,151.52,62.48,13.76,2024-06-29
2025-10-26,ORD-102487,C-4960,North America,Social,Consumer,Audio,Halo Headset,3,125,0,375,217.87,157.13,24.5,2024-06-25
2025-10-26,ORD-102488,C-4420,EMEA,Social,SMB,Wearables,Pulse Band,1,105,0.07,97.65,56.39,41.26,8.39,2025-06-21
2025-10-26,ORD-102489,C-4316,EMEA,Email,SMB,Accessories,Shield Case,2,204,0,408,275.78,132.22,35.04,2024-08-10
2025-10-26,ORD-102490,C-4739,North America,Organic,Consumer,Home,Beacon Lamp,3,192,0,576,432.99,143.01,0,2025-08-21
2025-10-26,ORD-102491,C-4890,EMEA,Email,Enterprise,Accessories,Shield Case,2,204,0,408,275.78,132.22,36.69,2025-06-02
2025-10-26,ORD-102492,C-4973,North America,Paid Search,SMB,Accessories,Orbit Dock,2,208,0.026277372262773723,405.07,239.93,165.14,60.52,2023-01-31
2025-10-26,ORD-102493,C-4979,EMEA,Email,Enterprise,Home,Vista Hub,3,214,0.12,564.96,454.55,110.41,36.95,2025-05-15
2025-10-26,ORD-102494,C-4693,North America,Social,Enterprise,Accessories,Shield Case,3,204,0,612,413.67,198.33,50.43,2024-04-25
2025-10-26,ORD-102495,C-4659,North America,Organic,Consumer,Wearables,Pulse Band,2,105,0,210,112.78,97.22,0,2023-01-13
2025-10-26,ORD-102496,C-4527,APAC,Social,SMB,Home,Vista Hub,2,214,0.14,368.08,303.03,65.05,22.55,2023-02-01
2025-10-26,ORD-102497,C-4327,North America,Email,Enterprise,Accessories,Shield Case,3,204,0.15,520.2,413.67,106.53,55.24,2023-12-17
2025-10-27,ORD-102498,C-4483,APAC,Paid Search,Enterprise,Accessories,Flux Cable,1,93,0.026386861313868613,90.55,57.09,33.46,13.54,2023-01-13
2025-10-27,ORD-102499,C-4760,EMEA,Affiliate,Consumer,Home,Beacon Lamp,2,192,0.03,372.48,288.66,83.82,29.32,2025-09-21
2025-10-27,ORD-102500,C-4952,EMEA,Social,Consumer,Audio,Echo Buds,2,79,0.01,156.42,113.76,42.66,10.58,2025-03-16
2025-10-27,ORD-102501,C-4269,APAC,Affiliate,Enterprise,Audio,Halo Headset,6,125,0.12,660,435.73,224.27,58.98,2023-07-10
2025-10-27,ORD-102502,C-4132,EMEA,Social,Enterprise,Home,Nest Sensor,2,64,0,128,68.56,59.44,11.84,2023-10-08
2025-10-27,ORD-102503,C-4198,EMEA,Social,Enterprise,Accessories,Flux Cable,9,93,0,837,513.85,323.15,83.95,2023-09-21
2025-10-27,ORD-102504,C-4597,EMEA,Affiliate,Enterprise,Accessories,Orbit Dock,7,208,0,1456,839.77,616.23,130.07,2023-03-21
2025-10-27,ORD-102505,C-4198,EMEA,Email,Consumer,Home,Vista Hub,1,214,0,214,151.52,62.48,15.46,2025-01-12
2025-10-27,ORD-102506,C-4609,North America,Paid Search,Enterprise,Accessories,Orbit Dock,6,208,0.026386861313868613,1215.07,719.8,495.27,181.75,2024-01-02
2025-10-27,ORD-102507,C-4112,APAC,Paid Search,SMB,Wearables,Nimbus Ring,1,245,0.026386861313868613,238.54,178.82,59.72,35.68,2025-03-20
2025-10-27,ORD-102508,C-4203,North America,Affiliate,Enterprise,Accessories,Orbit Dock,5,208,0.01,1029.6,599.83,429.77,91.45,2023-03-02
2025-10-27,ORD-102509,C-4679,APAC,Email,Consumer,Accessories,Orbit Dock,1,208,0.14,178.88,119.97,58.91,19.67,2024-02-18
2025-10-28,ORD-102510,C-4802,EMEA,Email,Consumer,Audio,Halo Headset,3,125,0.09,341.25,217.87,123.38,26.26,2023-03-11
2025-10-28,ORD-102511,C-4344,APAC,Social,SMB,Audio,Echo Buds,2,79,0,158,113.76,44.24,13.47,2024-11-13
2025-10-28,ORD-102512,C-4374,EMEA,Affiliate,Consumer,Audio,Echo Buds,3,79,0,237,170.65,66.35,25.33,2025-01-22
2025-10-28,ORD-102513,C-4476,North America,Affiliate,Enterprise,Home,Nest Sensor,7,64,0,448,239.95,208.05,36.84,2023-10-17
2025-10-28,ORD-102514,C-4910,North America,Social,Consumer,Wearables,Nimbus Ring,2,245,0,490,357.64,132.36,49.72,2024-03-20
2025-10-28,ORD-102515,C-4588,APAC,Social,Consumer,Wearables,Aura Watch,2,329,0.09715328467153285,594.07,379.74,214.33,61.96,2025-07-14
2025-10-28,ORD-102516,C-4330,North America,Social,Consumer,Wearables,Pulse Band,1,105,0.14,90.3,56.39,33.91,7.45,2023-06-23
2025-10-28,ORD-102517,C-4794,EMEA,Social,Enterprise,Accessories,Orbit Dock,4,208,0,832,479.87,352.13,75.11,2023-06-20
2025-10-28,ORD-102518,C-4684,North America,Paid Search,Enterprise,Wearables,Pulse Band,2,105,0.07649635036496351,193.94,112.78,81.16,29.04,2024-12-06
2025-10-28,ORD-102519,C-4588,EMEA,Affiliate,Enterprise,Accessories,Shield Case,5,204,0,1020,689.45,330.55,106.07,2025-01-04
2025-10-28,ORD-102520,C-4137,North America,Email,Enterprise,Accessories,Flux Cable,4,93,0,372,228.38,143.62,31,2023-04-26
2025-10-29,ORD-102521,C-4500,EMEA,Social,Enterprise,Accessories,Flux Cable,5,93,0,465,285.47,179.53,31.31,2024-09-21
2025-10-29,ORD-102522,C-4573,EMEA,Email,Enterprise,Accessories,Orbit Dock,6,208,0.02,1223.04,719.8,503.24,105.33,2024-07-04
2025-10-29,ORD-102523,C-4875,APAC,Email,Enterprise,Wearables,Nimbus Ring,8,245,0,1960,1430.56,529.44,173.7,2023-09-09
2025-10-29,ORD-102524,C-4954,North America,Affiliate,Enterprise,Accessories,Flux Cable,2,93,0.06,174.84,114.19,60.65,14.07,2025-03-20
2025-10-29,ORD-102525,C-4827,North America,Social,Enterprise,Wearables,Aura Watch,7,329,0.09755474452554744,2078.33,1329.42,748.91,165.99,2025-05-10
2025-10-29,ORD-102526,C-4195,APAC,Email,Consumer,Home,Beacon Lamp,3,192,0,576,432.99,143.01,49.51,2023-07-14
2025-10-29,ORD-102527,C-4484,EMEA,Social,SMB,Home,Nest Sensor,2,64,0,128,68.56,59.44,10.91,2023-02-25
2025-10-29,ORD-102528,C-4724,EMEA,Paid Search,Enterprise,Home,Nest Sensor,3,64,0.11660583941605838,169.61,102.83,66.78,25.43,2023-03-20
2025-10-30,ORD-102529,C-4375,North America,Affiliate,SMB,Wearables,Aura Watch,2,329,0.09795620437956205,593.54,379.92,213.62,54.87,2024-03-07
2025-10-30,ORD-102530,C-4431,North America,Social,Consumer,Audio,Halo Headset,2,125,0,250,145.24,104.76,17.07,2024-07-25
2025-10-30,ORD-102531,C-4262,EMEA,Paid Search,SMB,Home,Beacon Lamp,2,192,0.026715328467153285,373.74,288.66,85.08,56.09,2023-07-03
2025-10-30,ORD-102532,C-4633,EMEA,Email,SMB,Wearables,Pulse Band,1,105,0,105,56.39,48.61,6.44,2024-10-29
2025-10-30,ORD-102533,C-4327,APAC,Affiliate,Consumer,Accessories,Shield Case,1,204,0.12,179.52,137.89,41.63,18.05,2024-09-04
2025-10-30,ORD-102534,C-4161,APAC,Social,Consumer,Accessories,Orbit Dock,1,208,0.06,195.52,119.97,75.55,18.9,2025-02-02
2025-10-30,ORD-102535,C-4970,North America,Paid Search,Enterprise,Wearables,Nimbus Ring,8,245,0.026715328467153285,1907.64,1430.56,477.08,286.29,2024-05-10
2025-10-30,ORD-102536,C-4491,EMEA,Organic,Enterprise,Home,Beacon Lamp,5,192,0,960,721.65,238.35,0,2025-05-21
2025-10-30,ORD-102537,C-4950,North America,Organic,Consumer,Audio,Halo Headset,2,125,0,250,145.24,104.76,0,2024-10-31
2025-10-30,ORD-102538,C-4460,EMEA,Organic,Consumer,Audio,Echo Buds,1,79,0,79,56.88,22.12,0,2024-04-17
2025-10-30,ORD-102539,C-4436,EMEA,Social,Consumer,Wearables,Pulse Band,3,105,0,315,169.17,145.83,21.03,2023-06-18
2025-10-30,ORD-102540,C-4701,North America,Email,Enterprise,Accessories,Flux Cable,5,93,0,465,285.47,179.53,47.89,2023-06-28
2025-10-31,ORD-102541,C-4314,APAC,Affiliate,SMB,Home,Nest Sensor,1,64,0.15,54.4,34.28,20.12,3.29,2025-03-27
2025-10-31,ORD-102542,C-4586,North America,Paid Search,SMB,Accessories,Shield Case,2,204,0.036824817518248176,392.98,275.78,117.2,59.04,2025-07-28
2025-10-31,ORD-102543,C-4705,EMEA,Affiliate,Enterprise,Accessories,Flux Cable,8,93,0,744,456.76,287.24,77.18,2025-02-28
2025-10-31,ORD-102544,C-4272,APAC,Organic,Consumer,Home,Nest Sensor,3,64,0.11,170.88,102.83,68.05,0,2023-05-09
2025-10-31,ORD-102545,C-4897,APAC,Affiliate,Consumer,Accessories,Flux Cable,1,93,0.01,92.07,57.09,34.98,9.65,2024-01-12
2025-10-31,ORD-102546,C-4524,EMEA,Email,SMB,Home,Vista Hub,3,214,0,642,454.55,187.45,46.44,2024-12-03
2025-10-31,ORD-102547,C-4298,APAC,Paid Search,Enterprise,Accessories,Flux Cable,3,93,0.026824817518248174,271.52,171.28,100.24,40.79,2024-04-25
2025-10-31,ORD-102548,C-4170,North America,Email,Enterprise,Home,Vista Hub,5,214,0,1070,757.59,312.41,113.97,2025-05-21
2025-11-01,ORD-102549,C-4462,APAC,Email,Enterprise,Wearables,Pulse Band,1,105,0,105,56.39,48.61,7.45,2025-06-25
2025-11-01,ORD-102550,C-4533,North America,Email,SMB,Audio,Echo Buds,1,79,0,79,56.88,22.12,8.65,2024-12-30
2025-11-01,ORD-102551,C-4598,North America,Organic,Enterprise,Home,Beacon Lamp,8,192,0,1536,1154.65,381.35,0,2024-02-16
2025-11-01,ORD-102552,C-4860,EMEA,Affiliate,Enterprise,Accessories,Shield Case,1,204,0,204,137.89,66.11,12.42,2025-03-17
2025-11-01,ORD-102553,C-4257,North America,Organic,Enterprise,Accessories,Flux Cable,4,93,0.08,342.24,228.38,113.86,0,2024-08-05
2025-11-01,ORD-102554,C-4219,APAC,Social,Consumer,Wearables,Nimbus Ring,2,245,0.05,465.5,357.64,107.86,30.05,2025-02-27
2025-11-01,ORD-102555,C-4990,EMEA,Organic,Enterprise,Audio,Halo Headset,9,125,0,1125,653.6,471.4,0,2024-12-26
2025-11-01,ORD-102556,C-4799,APAC,Social,SMB,Wearables,Aura Watch,1,329,0.14875912408759123,280.06,190.06,90,25.57,2025-03-19
2025-11-01,ORD-102557,C-4676,APAC,Social,SMB,Wearables,Aura Watch,2,329,0.09875912408759124,593.02,380.11,212.91,57.26,2025-04-21
2025-11-01,ORD-102558,C-4556,North America,Organic,SMB,Wearables,Aura Watch,3,329,0.21875912408759124,771.08,570.16,200.92,0,2024-07-03
2025-11-01,ORD-102559,C-4496,APAC,Organic,Enterprise,Accessories,Flux Cable,2,93,0.07,172.98,114.19,58.79,0,2024-11-04
2025-11-01,ORD-102560,C-4166,North America,Email,Enterprise,Wearables,Pulse Band,8,105,0.1,756,451.12,304.88,50.91,2024-05-15
2025-11-01,ORD-102561,C-4581,EMEA,Paid Search,Consumer,Wearables,Nimbus Ring,2,245,0.12693430656934307,427.8,357.64,70.16,64.34,2023-04-17
2025-11-01,ORD-102562,C-4287,EMEA,Affiliate,Enterprise,Wearables,Aura Watch,9,329,0.14875912408759123,2520.52,1710.48,810.04,164.12,2023-09-18
2025-11-02,ORD-102563,C-4127,North America,Paid Search,SMB,Audio,Halo Headset,1,125,0.027043795620437953,121.62,72.62,49,18.31,2024-03-14
2025-11-02,ORD-102564,C-4224,APAC,Paid Search,SMB,Audio,Echo Buds,2,79,0.027043795620437953,153.73,113.76,39.97,23.15,2023-04-25
2025-11-02,ORD-102565,C-4146,APAC,Email,Enterprise,Home,Nest Sensor,8,64,0.1,460.8,274.22,186.58,40.78,2024-02-23
2025-11-02,ORD-102566,C-4313,APAC,Social,Enterprise,Wearables,Pulse Band,1,105,0.1,94.5,56.39,38.11,6.68,2024-05-14
2025-11-02,ORD-102567,C-4644,EMEA,Email,Consumer,Accessories,Flux Cable,3,93,0,279,171.28,107.72,20.8,2024-02-16
2025-11-02,ORD-102568,C-4293,EMEA,Social,SMB,Wearables,Nimbus Ring,2,245,0,490,357.64,132.36,51.13,2023-09-22
2025-11-02,ORD-102569,C-4209,APAC,Email,SMB,Accessories,Shield Case,1,204,0.08,187.68,137.89,49.79,12.54,2023-12-06
2025-11-02,ORD-102570,C-4515,APAC,Social,SMB,Wearables,Nimbus Ring,1,245,0,245,178.82,66.18,19.46,2023-08-05
2025-11-02,ORD-102571,C-4889,EMEA,Email,Consumer,Home,Nest Sensor,2,64,0,128,68.56,59.44,11.38,2023-01-08
2025-11-02,ORD-102572,C-4465,APAC,Organic,SMB,Home,Beacon Lamp,3,192,0,576,432.99,143.01,0,2024-07-18
2025-11-02,ORD-102573,C-4288,APAC,Paid Search,SMB,Accessories,Flux Cable,2,93,0.027043795620437953,180.97,114.19,66.78,27.25,2025-04-28
2025-11-02,ORD-102574,C-4729,EMEA,Social,Enterprise,Home,Nest Sensor,6,64,0,384,205.67,178.33,25.14,2025-01-24
2025-11-02,ORD-102575,C-4356,North America,Affiliate,SMB,Accessories,Flux Cable,2,93,0,186,114.19,71.81,19.45,2024-11-27
2025-11-03,ORD-102576,C-4509,APAC,Affiliate,Enterprise,Wearables,Pulse Band,4,105,0,420,225.56,194.44,41.42,2025-02-20
2025-11-03,ORD-102577,C-4751,EMEA,Paid Search,SMB,Audio,Halo Headset,2,125,0.027153284671532846,243.21,145.24,97.97,36.66,2023-04-17
2025-11-03,ORD-102578,C-4396,North America,Social,Enterprise,Home,Beacon Lamp,4,192,0,768,577.32,190.68,55.48,2023-03-21
2025-11-03,ORD-102579,C-4437,North America,Social,Consumer,Home,Beacon Lamp,3,192,0.14,495.36,432.99,62.37,38.24,2024-11-07
2025-11-03,ORD-102580,C-4491,North America,Affiliate,Consumer,Home,Vista Hub,2,214,0.11,380.92,303.03,77.89,34.31,2023-07-03
2025-11-03,ORD-102581,C-4557,APAC,Social,Consumer,Accessories,Flux Cable,3,93,0.11,248.31,171.28,77.03,22.58,2023-03-11
2025-11-03,ORD-102582,C-4766,North America,Email,Consumer,Accessories,Flux Cable,1,93,0,93,57.09,35.91,8.99,2024-01-31
2025-11-03,ORD-102583,C-4990,EMEA,Social,Enterprise,Wearables,Nimbus Ring,2,245,0.06,460.6,357.64,102.96,32.42,2023-12-29
2025-11-03,ORD-102584,C-4514,North America,Organic,SMB,Accessories,Flux Cable,1,93,0,93,57.09,35.91,0,2023-04-09
2025-11-03,ORD-102585,C-4138,APAC,Organic,Consumer,Wearables,Nimbus Ring,3,245,0.05,698.25,536.46,161.79,0,2025-04-15
2025-11-03,ORD-102586,C-4612,EMEA,Social,Enterprise,Accessories,Shield Case,8,204,0,1632,1103.12,528.88,171.94,2025-09-20
2025-11-04,ORD-102587,C-4775,North America,Organic,SMB,Audio,Halo Headset,2,125,0,250,145.24,104.76,0,2023-11-13
2025-11-04,ORD-102588,C-4851,North America,Paid Search,Consumer,Audio,Halo Headset,3,125,0.027262773722627736,364.78,217.87,146.91,55.04,2023-05-15
2025-11-04,ORD-102589,C-4381,North America,Affiliate,SMB,Wearables,Aura Watch,3,329,0.23996350364963503,750.16,570.58,179.58,77.03,2023-05-22
2025-11-04,ORD-102590,C-4841,EMEA,Paid Search,SMB,Wearables,Pulse Band,1,105,0.17726277372262772,86.39,56.39,30,13.04,2023-06-21
2025-11-04,ORD-102591,C-4737,North America,Affiliate,Enterprise,Accessories,Flux Cable,6,93,0,558,342.57,215.43,48.66,2023-03-27
2025-11-04,ORD-102592,C-4873,EMEA,Email,Enterprise,Wearables,Nimbus Ring,3,245,0,735,536.46,198.54,53.5,2023-06-29
2025-11-04,ORD-102593,C-4597,APAC,Organic,Consumer,Home,Nest Sensor,1,64,0.09,58.24,34.28,23.96,0,2024-12-27
2025-11-04,ORD-102594,C-4694,EMEA,Paid Search,Enterprise,Accessories,Shield Case,3,204,0.027262773722627736,595.32,413.67,181.65,89.83,2023-08-02
2025-11-04,ORD-102595,C-4297,APAC,Organic,SMB,Wearables,Aura Watch,1,329,0.11996350364963504,289.53,190.2,99.33,0,2025-04-03
2025-11-04,ORD-102596,C-4365,APAC,Organic,Consumer,Wearables,Nimbus Ring,1,245,0,245,178.82,66.18,0,2024-04-22
2025-11-04,ORD-102597,C-4120,APAC,Paid Search,Consumer,Wearables,Aura Watch,3,329,0.18722627737226274,802.21,570.58,231.63,121.05,2023-08-04
2025-11-04,ORD-102598,C-4594,North America,Paid Search,Enterprise,Wearables,Nimbus Ring,3,245,0.027262773722627736,714.96,536.46,178.5,107.88,2025-05-02
2025-11-04,ORD-102599,C-4960,APAC,Email,Enterprise,Wearables,Nimbus Ring,7,245,0.02,1680.7,1251.74,428.96,184.8,2024-07-29
2025-11-04,ORD-102600,C-4113,APAC,Organic,Consumer,Wearables,Nimbus Ring,3,245,0,735,536.46,198.54,0,2023-08-25
2025-11-05,ORD-102601,C-4564,North America,Paid Search,Enterprise,Accessories,Flux Cable,7,93,0.027372262773722626,633.18,399.66,233.52,95.65,2023-02-02
2025-11-05,ORD-102602,C-4631,APAC,Organic,,Home,Vista Hub,2,214,0,428,303.03,124.97,0,2024-06-22
2025-11-05,ORD-102603,C-4987,EMEA,Organic,SMB,Audio,Halo Headset,2,125,0,250,145.24,104.76,0,2025-03-13
2025-11-05,ORD-102604,C-4554,North America,Affiliate,SMB,Wearables,Pulse Band,3,105,0.12,277.2,169.17,108.03,19.98,2025-09-10
2025-11-05,ORD-102605,C-4850,EMEA,Social,Consumer,Accessories,Flux Cable,3,93,0.05,265.05,171.28,93.77,19.46,2023-09-24
2025-11-05,ORD-102606,C-4341,EMEA,Affiliate,Enterprise,Wearables,Pulse Band,5,105,0,525,281.95,243.05,36.37,2024-05-22
2025-11-05,ORD-102607,C-4756,North America,Organic,SMB,Wearables,Aura Watch,1,329,0.21036496350364964,259.79,190.24,69.55,0,2023-03-15
2025-11-05,ORD-102608,C-4322,APAC,Affiliate,Consumer,Home,Vista Hub,3,214,0.04,616.32,454.55,161.77,56.02,2024-01-26
2025-11-05,ORD-102609,C-4274,APAC,Affiliate,Consumer,Audio,Echo Buds,1,79,0,79,56.88,22.12,6.26,2024-09-15
2025-11-05,ORD-102610,C-4330,EMEA,Organic,Enterprise,Accessories,Shield Case,8,204,0.13,1419.84,1103.12,316.72,0,2023-04-16
2025-11-05,ORD-102611,C-4637,North America,Affiliate,SMB,Wearables,Aura Watch,2,329,0.11036496350364963,585.38,380.47,204.91,44.08,2023-09-21
2025-11-05,ORD-102612,C-4579,EMEA,Email,Consumer,Audio,Halo Headset,2,125,0.09,227.5,145.24,82.26,17.73,2025-07-12
2025-11-06,ORD-102613,C-4486,EMEA,Email,SMB,Home,Nest Sensor,2,64,0.07,119.04,68.56,50.48,12.39,2025-04-18
2025-11-06,ORD-102614,C-4245,EMEA,Affiliate,Enterprise,Home,Vista Hub,5,214,0.11,952.3,757.59,194.71,88.66,2023-12-26
2025-11-06,ORD-102615,C-4405,EMEA,Email,SMB,Home,Nest Sensor,2,64,0,128,68.56,59.44,12.65,2024-07-31
2025-11-06,ORD-102616,C-4830,EMEA,Affiliate,Consumer,Accessories,Orbit Dock,3,208,0,624,359.9,264.1,37.52,2025-06-28
2025-11-06,ORD-102617,C-4135,North America,Email,Enterprise,Home,Vista Hub,9,214,0,1926,1363.66,562.34,161.75,2023-09-02
2025-11-06,ORD-102618,C-4218,North America,Affiliate,Consumer,Wearables,Aura Watch,3,329,0.10076642335766424,887.54,570.85,316.69,93.03,2024-05-11
2025-11-06,ORD-102619,C-4326,APAC,Organic,Enterprise,Wearables,Nimbus Ring,9,245,0.06,2072.7,1609.39,463.31,0,2024-05-10
2025-11-06,ORD-102620,C-4981,EMEA,Social,SMB,Audio,Halo Headset,2,125,0,250,145.24,104.76,20.12,2023-11-16
2025-11-06,ORD-102621,C-4153,APAC,Paid Search,Consumer,Home,Nest Sensor,3,64,0.10748175182481752,171.36,102.83,68.53,25.91,2023-06-11
2025-11-06,ORD-102622,C-4646,North America,Paid Search,Enterprise,Accessories,Flux Cable,9,93,0.02748175182481752,814,513.85,300.15,123.1,2023-07-13
2025-11-06,ORD-102623,C-4555,North America,Organic,Enterprise,Wearables,Nimbus Ring,7,245,0.15,1457.75,1251.74,206.01,0,2025-04-10
2025-11-06,ORD-102624,C-4794,EMEA,Paid Search,SMB,Audio,Echo Buds,3,79,0.02748175182481752,230.49,170.65,59.84,34.86,2023-09-21
2025-11-07,ORD-102625,C-4878,EMEA,Paid Search,SMB,Wearables,Aura Watch,1,329,0.12875912408759124,286.64,190.33,96.31,43.39,2024-08-11
2025-11-07,ORD-102626,C-4271,EMEA,Email,SMB,Wearables,Nimbus Ring,3,245,0,735,536.46,198.54,71.58,2023-04-23
2025-11-07,ORD-102627,C-4426,EMEA,Social,Enterprise,Accessories,Shield Case,6,204,0,1224,827.34,396.66,105.83,2024-04-23
2025-11-07,ORD-102628,C-4680,APAC,Paid Search,Consumer,Home,Vista Hub,3,214,0.027591240875912408,624.29,454.55,169.74,94.51,2024-11-21
2025-11-07,ORD-102629,C-4874,North America,Email,Enterprise,Wearables,Aura Watch,6,329,0.10116788321167883,1774.29,1141.96,632.33,186.08,2025-05-12
2025-11-07,ORD-102630,C-4549,North America,Social,Enterprise,Accessories,Flux Cable,2,93,0.06,174.84,114.19,60.65,14.15,2023-08-06
2025-11-07,ORD-102631,C-4136,APAC,Paid Search,Enterprise,Accessories,Shield Case,5,204,0.11759124087591241,900.06,689.45,210.61,136.26,2023-01-13
2025-11-07,ORD-102632,C-4720,APAC,Email,Consumer,Home,Vista Hub,2,214,0,428,303.03,124.97,34.5,2023-04-25
2025-11-07,ORD-102633,C-4915,APAC,Organic,Enterprise,Accessories,Shield Case,1,204,0,204,137.89,66.11,0,2025-01-30
2025-11-08,ORD-102634,C-4933,EMEA,Email,Consumer,Audio,Halo Headset,2,125,0.07,232.5,145.24,87.26,18.31,2025-07-23
2025-11-08,ORD-102635,C-4618,North America,Email,Enterprise,Audio,Halo Headset,9,125,0.05,1068.75,653.6,415.15,109.73,2025-08-16
2025-11-08,ORD-102636,C-4260,EMEA,Email,Enterprise,Home,Beacon Lamp,3,192,0,576,432.99,143.01,59.67,2023-10-05
2025-11-08,ORD-102637,C-4374,APAC,Paid Search,Enterprise,Home,Beacon Lamp,1,192,0.1777007299270073,157.88,144.33,13.55,23.93,2023-10-03
2025-11-08,ORD-102638,C-4436,North America,Social,Enterprise,Home,Nest Sensor,7,64,0,448,239.95,208.05,32.18,2025-07-02
2025-11-08,ORD-102639,C-4366,North America,Affiliate,SMB,Home,Vista Hub,2,214,0.03,415.16,303.03,112.13,39.33,2023-11-27
2025-11-08,ORD-102640,C-4480,North America,Paid Search,SMB,Wearables,Aura Watch,1,329,0.12927007299270074,286.47,190.38,96.09,43.41,2025-03-06
2025-11-08,ORD-102641,C-4104,APAC,Social,Enterprise,Wearables,Nimbus Ring,6,245,0,1470,1072.92,397.08,103.16,2023-07-03
2025-11-08,ORD-102642,C-4135,EMEA,Social,SMB,Wearables,Nimbus Ring,3,245,0,735,536.46,198.54,63.04,2024-12-28
2025-11-08,ORD-102643,C-4138,EMEA,Email,Consumer,Accessories,Flux Cable,1,93,0,93,57.09,35.91,8.68,2025-04-27
2025-11-09,ORD-102644,C-4786,APAC,Organic,Consumer,Wearables,Pulse Band,3,105,0,315,169.17,145.83,0,2024-11-19
2025-11-09,ORD-102645,C-4850,EMEA,Email,Enterprise,Wearables,Nimbus Ring,7,245,0,1715,1251.74,463.26,125.84,2023-11-20
2025-11-09,ORD-102646,C-4479,EMEA,Paid Search,Enterprise,Wearables,Pulse Band,9,105,0.027810218978102187,918.72,507.51,411.21,139.38,2023-02-03
2025-11-09,ORD-102647,C-4779,EMEA,Social,Enterprise,Accessories,Shield Case,2,204,0.06,383.52,275.78,107.74,36.71,2024-11-30
2025-11-09,ORD-102648,C-4673,EMEA,Email,SMB,Home,Beacon Lamp,1,192,0,192,144.33,47.67,14.56,2023-03-29
2025-11-09,ORD-102649,C-4924,EMEA,Organic,Consumer,Accessories,Flux Cable,3,93,0,279,171.28,107.72,0,2024-08-04
2025-11-09,ORD-102650,C-4301,EMEA,Email,Enterprise,Wearables,Pulse Band,4,105,0.07,390.6,225.56,165.04,39.65,2025-01-13
2025-11-09,ORD-102651,C-4897,APAC,Organic,Enterprise,Accessories,Flux Cable,5,93,0.06,437.1,285.47,151.63,0,2024-03-21
2025-11-09,ORD-102652,C-4999,North America,Organic,SMB,Home,Nest Sensor,3,64,0,192,102.83,89.17,0,2025-09-03
2025-11-09,ORD-102653,C-4200,APAC,Social,Enterprise,Accessories,Flux Cable,2,93,0.05,176.7,114.19,62.51,16.87,2024-11-29
2025-11-09,ORD-102654,C-4704,North America,Paid Search,Enterprise,Audio,Halo Headset,1,125,0.027810218978102187,121.52,72.62,48.9,18.44,2023-01-09
2025-11-09,ORD-102655,C-4812,North America,Email,Consumer,Wearables,Aura Watch,1,329,0.10197080291970803,295.45,190.42,105.03,28.8,2023-12-11
2025-11-10,ORD-102656,C-4412,EMEA,Organic,Enterprise,Accessories,Orbit Dock,9,208,0.11,1666.08,1079.7,586.38,0,2025-02-16
2025-11-10,ORD-102657,C-4725,North America,Paid Search,Enterprise,Home,Nest Sensor,5,64,0.08791970802919707,291.87,171.39,120.48,44.33,2023-06-24
2025-11-10,ORD-102658,C-4656,North America,Social,Enterprise,Wearables,Pulse Band,4,105,0.12,369.6,225.56,144.04,30.99,2024-11-05
2025-11-10,ORD-102659,C-4875,EMEA,Organic,SMB,Audio,Halo Headset,2,125,0.12,220,145.24,74.76,0,2023-09-20
2025-11-10,ORD-102660,C-4475,APAC,Organic,SMB,Wearables,Pulse Band,3,105,0,315,169.17,145.83,0,2023-01-26
2025-11-10,ORD-102661,C-4539,North America,Organic,Enterprise,Wearables,Pulse Band,1,105,0,105,56.39,48.61,0,2024-01-08
2025-11-10,ORD-102662,C-4880,APAC,Social,SMB,Wearables,Nimbus Ring,3,245,0,735,536.46,198.54,65.84,2023-12-28
2025-11-10,ORD-102663,C-4453,APAC,Paid Search,Enterprise,Accessories,Flux Cable,7,93,0.08791970802919707,593.76,399.66,194.1,90.18,2023-01-11
2025-11-10,ORD-102664,C-4842,APAC,Paid Search,SMB,Accessories,Shield Case,3,204,0.07791970802919708,564.31,413.67,150.64,85.71,2023-05-29
2025-11-10,ORD-102665,C-4767,APAC,Paid Search,Consumer,Home,Nest Sensor,2,64,0.10791970802919708,114.19,68.56,45.63,17.34,2023-03-01
2025-11-10,ORD-102666,C-4984,North America,Affiliate,SMB,Wearables,Nimbus Ring,1,245,0.04,235.2,178.82,56.38,20.3,2025-02-24
2025-11-10,ORD-102667,C-4445,APAC,Affiliate,Enterprise,Wearables,Pulse Band,1,105,0,105,56.39,48.61,9.43,2023-02-19
2025-11-10,ORD-102668,C-4362,EMEA,Affiliate,SMB,Accessories,Flux Cable,2,93,0,186,114.19,71.81,12.06,2023-11-09
2025-11-10,ORD-102669,C-4249,APAC,Social,SMB,Accessories,Orbit Dock,2,208,0.07,386.88,239.93,146.95,39.35,2023-02-20
2025-11-10,ORD-102670,C-4211,North America,Organic,Enterprise,Wearables,Pulse Band,4,105,0,420,225.56,194.44,0,2024-10-21
2025-11-10,ORD-102671,C-4958,APAC,Organic,Enterprise,Wearables,Pulse Band,3,105,0.13,274.05,169.17,104.88,0,2024-07-26
2025-11-11,ORD-102672,C-4173,APAC,Paid Search,Enterprise,Accessories,Shield Case,1,204,0.05802919708029197,192.16,137.89,54.27,29.22,2024-04-01
2025-11-11,ORD-102673,C-4774,EMEA,Email,Consumer,Accessories,Orbit Dock,1,208,0,208,119.97,88.03,20.81,2023-12-11
2025-11-11,ORD-102674,C-4258,EMEA,Paid Search,Enterprise,Accessories,Shield Case,3,204,0.12802919708029198,533.65,413.67,119.98,81.14,2025-06-20
2025-11-11,ORD-102675,C-4254,North America,Email,SMB,Home,Nest Sensor,2,64,0.04,122.88,68.56,54.32,12.25,2025-07-13
2025-11-11,ORD-102676,C-4848,APAC,Affiliate,Consumer,Audio,Halo Headset,2,125,0,250,145.24,104.76,25.63,2023-03-01
2025-11-11,ORD-102677,C-4465,North America,Paid Search,Consumer,Wearables,Nimbus Ring,1,245,0.02802919708029197,238.13,178.82,59.31,36.21,2023-03-22
2025-11-11,ORD-102678,C-4238,APAC,Social,Enterprise,Audio,Echo Buds,4,79,0.08,290.72,227.53,63.19,23.67,2025-02-20
2025-11-11,ORD-102679,C-4602,APAC,Organic,Consumer,Wearables,Pulse Band,3,105,0,315,169.17,145.83,0,2023-07-17
2025-11-11,ORD-102680,C-4284,EMEA,Social,Enterprise,Accessories,Shield Case,2,204,0,408,275.78,132.22,33.89,2023-10-12
2025-11-11,ORD-102681,C-4701,APAC,Organic,SMB,Audio,Halo Headset,1,125,0,125,72.62,52.38,0,2023-06-30
2025-11-11,ORD-102682,C-4233,North America,Social,SMB,Wearables,Aura Watch,1,329,0.10277372262773722,295.19,190.52,104.67,32.18,2024-08-29
2025-11-11,ORD-102683,C-4856,North America,Affiliate,Enterprise,Wearables,Aura Watch,4,329,0.10277372262773722,1180.75,762.04,418.71,88.21,2024-01-06
2025-11-11,ORD-102684,C-4104,EMEA,Organic,Consumer,Audio,Halo Headset,1,125,0.02,122.5,72.62,49.88,0,2025-02-21
2025-11-11,ORD-102685,C-4188,North America,Affiliate,,Audio,Halo Headset,4,125,0.12,440,290.49,149.51,45.01,2023-11-20
2025-11-11,ORD-102686,C-4639,APAC,Affiliate,SMB,Home,Nest Sensor,2,64,0.04,122.88,68.56,54.32,9.93,2023-07-24
2025-11-11,ORD-102687,C-4843,EMEA,Organic,Enterprise,Wearables,Nimbus Ring,6,245,0.07,1367.1,1072.92,294.18,0,2024-09-02
2025-11-12,ORD-102688,C-4318,North America,Paid Search,Enterprise,Wearables,Nimbus Ring,4,245,0.12813868613138688,854.42,715.28,139.14,130.05,2024-03-09
2025-11-12,ORD-102689,C-4239,APAC,Social,SMB,Audio,Halo Headset,1,125,0.05,118.75,72.62,46.13,12.15,2025-04-12
2025-11-12,ORD-102690,C-4195,APAC,Paid Search,Enterprise,Accessories,Shield Case,7,204,0.14813868613138687,1216.46,965.23,251.23,185.15,2025-07-16
2025-11-12,ORD-102691,C-4433,APAC,Affiliate,Enterprise,Accessories,Flux Cable,9,93,0.03,811.89,513.85,298.04,54.91,2024-01-05
2025-11-12,ORD-102692,C-4874,North America,Email,SMB,Accessories,Orbit Dock,2,208,0.07,386.88,239.93,146.95,39.92,2025-04-01
2025-11-12,ORD-102693,C-4762,EMEA,Affiliate,SMB,Accessories,Shield Case,1,204,0,204,137.89,66.11,18.26,2023-09-06
2025-11-12,ORD-102694,C-4914,EMEA,Email,Enterprise,Home,Nest Sensor,2,64,0,128,68.56,59.44,10.56,2024-08-28
2025-11-12,ORD-102695,C-4522,EMEA,Email,SMB,Home,Nest Sensor,3,64,0,192,102.83,89.17,15.79,2024-09-29
2025-11-12,ORD-102696,C-4475,EMEA,Email,Consumer,Accessories,Flux Cable,1,93,0,93,57.09,35.91,9.15,2023-09-29
2025-11-12,ORD-102697,C-4634,APAC,Paid Search,Enterprise,Wearables,Nimbus Ring,2,245,0.12813868613138688,427.21,357.64,69.57,65.02,2025-08-06
2025-11-12,ORD-102698,C-4396,APAC,Email,SMB,Home,Nest Sensor,1,64,0.02,62.72,34.28,28.44,4.61,2025-09-08
2025-11-13,ORD-102699,C-4528,EMEA,Paid Search,Consumer,Accessories,Orbit Dock,3,208,0.03824817518248175,600.13,359.9,240.23,91.44,2024-04-14
2025-11-13,ORD-102700,C-4172,APAC,Affiliate,Consumer,Accessories,Shield Case,1,204,0,204,137.89,66.11,16.23,2024-12-28
2025-11-13,ORD-102701,C-4868,APAC,Email,Enterprise,Accessories,Flux Cable,9,93,0.07,778.41,513.85,264.56,63.06,2024-08-15
2025-11-13,ORD-102702,C-4770,North America,Social,Consumer,Wearables,Pulse Band,1,105,0,105,56.39,48.61,11.25,2023-01-24
2025-11-13,ORD-102703,C-4126,APAC,Social,SMB,Home,Beacon Lamp,2,192,0.11,341.76,288.66,53.1,34.53,2023-03-15
2025-11-13,ORD-102704,C-4196,North America,Email,Enterprise,Accessories,Shield Case,1,204,0,204,137.89,66.11,13.27,2025-04-12
2025-11-13,ORD-102705,C-4266,EMEA,Affiliate,Enterprise,Home,Nest Sensor,1,64,0.04,61.44,34.28,27.16,4.59,2025-02-12
2025-11-13,ORD-102706,C-4267,APAC,Social,Consumer,Wearables,Aura Watch,1,329,0.10357664233576643,294.92,190.61,104.31,31.97,2025-07-03
2025-11-13,ORD-102707,C-4303,EMEA,Social,Consumer,Audio,Echo Buds,1,79,0.07,73.47,56.88,16.59,7.71,2023-04-02
2025-11-13,ORD-102708,C-4732,APAC,Social,SMB,Home,Nest Sensor,2,64,0,128,68.56,59.44,11.76,2025-08-29
2025-11-13,ORD-102709,C-4708,EMEA,Paid Search,SMB,Audio,Echo Buds,1,79,0.13824817518248175,68.08,56.88,11.2,10.37,2023-12-02
2025-11-13,ORD-102710,C-4330,EMEA,Paid Search,Enterprise,Home,Nest Sensor,4,64,0.16824817518248175,212.93,137.11,75.82,32.44,2025-07-22
2025-11-13,ORD-102711,C-4160,EMEA,Email,Consumer,Wearables,Aura Watch,3,329,0.10357664233576643,884.77,571.81,312.96,71.82,2024-08-15
2025-11-13,ORD-102712,C-4848,APAC,Social,Enterprise,Accessories,Flux Cable,9,93,0.15,711.45,513.85,197.6,51.14,2023-01-27
2025-11-13,ORD-102713,C-4809,EMEA,Organic,Consumer,Audio,Halo Headset,3,125,0.1,337.5,217.87,119.63,0,2025-05-12
2025-11-14,ORD-102714,C-4844,North America,Email,Enterprise,Wearables,Aura Watch,2,329,0.10397810218978103,589.58,381.29,208.29,53.21,2024-03-16
2025-11-14,ORD-102715,C-4329,EMEA,Affiliate,Enterprise,Wearables,Nimbus Ring,5,245,0,1225,894.1,330.9,120.58,2023-01-14
2025-11-14,ORD-102716,C-4451,North America,Affiliate,Consumer,Home,Beacon Lamp,2,192,0,384,288.66,95.34,39.13,2024-03-08
2025-11-14,ORD-102717,C-4777,North America,Social,Enterprise,Audio,Echo Buds,2,79,0.01,156.42,113.76,42.66,10.31,2023-06-09
2025-11-14,ORD-102718,C-4950,North America,Social,Consumer,Accessories,Orbit Dock,2,208,0,416,239.93,176.07,44.43,2024-12-02
2025-11-14,ORD-102719,C-4581,EMEA,Paid Search,SMB,Wearables,Nimbus Ring,2,245,0.028357664233576642,476.1,357.64,118.46,72.62,2023-10-27
2025-11-14,ORD-102720,C-4818,North America,Email,Consumer,Audio,Halo Headset,3,125,0.1,337.5,217.87,119.63,20.42,2024-05-29
2025-11-14,ORD-102721,C-4205,North America,Organic,SMB,Accessories,Flux Cable,3,93,0,279,171.28,107.72,0,2023-08-16
2025-11-15,ORD-102722,C-4925,North America,Email,Consumer,Wearables,Aura Watch,3,329,0.11437956204379561,874.11,572.08,302.03,58.44,2025-08-06
2025-11-15,ORD-102723,C-4828,EMEA,Organic,Consumer,Audio,Echo Buds,3,79,0.12,208.56,170.65,37.91,0,2025-01-29
2025-11-15,ORD-102724,C-4435,EMEA,Email,SMB,Audio,Halo Headset,2,125,0,250,145.24,104.76,16.21,2023-12-14
2025-11-15,ORD-102725,C-4369,EMEA,Affiliate,Enterprise,Home,Nest Sensor,3,64,0.09,174.72,102.83,71.89,16.1,2025-01-28
2025-11-15,ORD-102726,C-4831,North America,Organic,Enterprise,Audio,Echo Buds,7,79,0,553,398.17,154.83,0,2024-10-06
2025-11-15,ORD-102727,C-4547,APAC,Social,SMB,Audio,Halo Headset,1,125,0.01,123.75,72.62,51.13,9.65,2023-04-20
2025-11-15,ORD-102728,C-4302,North America,Organic,Consumer,Wearables,Aura Watch,1,329,0.1943795620437956,265.05,190.7,74.35,0,2024-02-22
2025-11-15,ORD-102729,C-4454,North America,Organic,Consumer,Accessories,Orbit Dock,2,208,0.02,407.68,239.93,167.75,0,2024-07-08
2025-11-15,ORD-102730,C-4991,APAC,Organic,Consumer,Audio,Echo Buds,3,79,0.01,234.63,170.65,63.98,0,2024-01-26
2025-11-15,ORD-102731,C-4973,EMEA,Organic,SMB,Accessories,Orbit Dock,3,208,0,624,359.9,264.1,0,2025-04-17
2025-11-15,ORD-102732,C-4663,North America,Organic,Enterprise,Home,Beacon Lamp,4,192,0,768,577.32,190.68,0,2025-06-23
2025-11-16,ORD-102733,C-4154,EMEA,Social,Consumer,Accessories,Flux Cable,3,93,0.02,273.42,171.28,102.14,29.61,2024-09-19
2025-11-16,ORD-102734,C-4101,EMEA,Email,Consumer,Audio,Halo Headset,1,125,0,125,72.62,52.38,11.26,2025-01-31
2025-11-16,ORD-102735,C-4383,EMEA,Social,Consumer,Home,Vista Hub,3,214,0.13,558.54,454.55,103.99,43.51,2024-09-03
2025-11-16,ORD-102736,C-4372,North America,Organic,Consumer,Audio,Echo Buds,1,79,0,79,56.88,22.12,0,2023-11-16
2025-11-16,ORD-102737,C-4144,EMEA,Paid Search,SMB,Home,Beacon Lamp,3,192,0.14857664233576642,490.42,432.99,57.43,74.97,2023-08-15
2025-11-16,ORD-102738,C-4477,APAC,Social,Enterprise,Accessories,Shield Case,9,204,0,1836,1241.01,594.99,158.54,2023-01-24
2025-11-16,ORD-102739,C-4786,EMEA,Affiliate,Consumer,Audio,Halo Headset,3,125,0,375,217.87,157.13,23,2023-05-10
2025-11-16,ORD-102740,C-4944,APAC,Affiliate,SMB,Accessories,Flux Cable,3,93,0.1,251.1,171.28,79.82,26.16,2023-07-26
2025-11-16,ORD-102741,C-4808,North America,Paid Search,SMB,Audio,Echo Buds,1,79,0.02857664233576642,76.74,56.88,19.86,,2025-05-12
2025-11-16,ORD-102742,C-4170,APAC,Social,SMB,Audio,Echo Buds,2,79,0,158,113.76,44.24,16.06,2025-06-09
2025-11-16,ORD-102743,C-4147,EMEA,Affiliate,Consumer,Wearables,Nimbus Ring,1,245,0,245,178.82,66.18,24.75,2023-10-11
2025-11-16,ORD-102744,C-4810,APAC,Organic,SMB,Audio,Halo Headset,3,125,0.01,371.25,217.87,153.38,0,2023-09-30
2025-11-16,ORD-102745,C-4434,EMEA,Social,Enterprise,Accessories,Orbit Dock,8,208,0.01,1647.36,959.73,687.63,112.08,2023-02-01
2025-11-16,ORD-102746,C-4845,APAC,Email,Enterprise,Accessories,Orbit Dock,6,208,0.06,1173.12,719.8,453.32,110.62,2023-02-02
2025-11-17,ORD-102747,C-4980,EMEA,Email,Consumer,Home,Beacon Lamp,3,192,0,576,432.99,143.01,55.06,2025-06-05
2025-11-17,ORD-102748,C-4892,EMEA,Affiliate,Consumer,Home,Vista Hub,3,214,0.07,597.06,454.55,142.51,56.93,2023-01-09
2025-11-17,ORD-102749,C-4641,North America,Social,SMB,Accessories,Shield Case,3,204,0.08,563.04,413.67,149.37,45.37,2024-11-30
2025-11-17,ORD-102750,C-4380,APAC,Paid Search,,Accessories,Flux Cable,2,93,0.06868613138686132,173.22,114.19,59.03,26.51,2025-02-25
2025-11-17,ORD-102751,C-4563,EMEA,Social,Enterprise,Home,Nest Sensor,4,64,0,256,137.11,118.89,20.62,2024-01-27
2025-11-17,ORD-102752,C-4128,EMEA,Social,Enterprise,Home,Vista Hub,2,214,0,428,303.03,124.97,46.94,2025-06-05
2025-11-17,ORD-102753,C-4207,EMEA,Email,SMB,Audio,Echo Buds,1,79,0.12,69.52,56.88,12.64,4.54,2023-01-26
2025-11-17,ORD-102754,C-4393,EMEA,Social,Consumer,Home,Vista Hub,3,214,0.13,558.54,454.55,103.99,34.84,2025-05-09
2025-11-17,ORD-102755,C-4305,APAC,Organic,Consumer,Wearables,Pulse Band,3,105,0.04,302.4,169.17,133.23,0,2024-10-10
2025-11-17,ORD-102756,C-4169,North America,Email,Enterprise,Accessories,Flux Cable,5,93,0,465,285.47,179.53,51.09,2025-09-12
2025-11-17,ORD-102757,C-4988,North America,Paid Search,Consumer,Accessories,Orbit Dock,3,208,0.028686131386861314,606.1,359.9,246.2,92.75,2023-04-25
2025-11-17,ORD-102758,C-4117,North America,Affiliate,SMB,Wearables,Pulse Band,2,105,0,210,112.78,97.22,21.29,2025-05-03
2025-11-17,ORD-102759,C-4551,EMEA,Social,Enterprise,Audio,Echo Buds,8,79,0,632,455.05,176.95,63.96,2023-11-09
2025-11-17,ORD-102760,C-4127,North America,Email,SMB,Accessories,Orbit Dock,3,208,0,624,359.9,264.1,38.96,2024-05-24
2025-11-17,ORD-102761,C-4895,North America,Affiliate,SMB,Home,Nest Sensor,1,64,0.1,57.6,34.28,23.32,6.28,2023-08-10
2025-11-17,ORD-102762,C-4313,EMEA,Affiliate,SMB,Wearables,Pulse Band,1,105,0.03,101.85,56.39,45.46,7.27,2023-12-11
2025-11-18,ORD-102763,C-4465,North America,Organic,Consumer,Accessories,Orbit Dock,3,208,0,624,359.9,264.1,0,2024-03-14
2025-11-18,ORD-102764,C-4591,EMEA,Email,Consumer,Wearables,Aura Watch,1,329,0.10558394160583942,294.26,190.83,103.43,27.19,2024-05-23
2025-11-18,ORD-102765,C-4711,EMEA,Email,Enterprise,Wearables,Pulse Band,7,105,0,735,394.73,340.27,80.68,2024-01-07
2025-11-18,ORD-102766,C-4770,North America,Affiliate,Enterprise,Audio,Echo Buds,4,79,0,316,227.53,88.47,24.1,2025-04-12
2025-11-18,ORD-102767,C-4694,North America,Email,Enterprise,Audio,Halo Headset,4,125,0.14,430,290.49,139.51,31.97,2024-05-05
2025-11-18,ORD-102768,C-4769,EMEA,Organic,Consumer,Audio,Halo Headset,1,125,0,125,72.62,52.38,0,2024-09-17
2025-11-18,ORD-102769,C-4664,North America,Social,SMB,Accessories,Shield Case,2,204,0,408,275.78,132.22,41.59,2024-03-10
2025-11-18,ORD-102770,C-4529,North America,Paid Search,Enterprise,Home,Nest Sensor,7,64,0.028795620437956203,435.1,239.95,195.15,66.65,2024-09-21
2025-11-18,ORD-102771,C-4297,North America,Social,Enterprise,Wearables,Nimbus Ring,4,245,0.12,862.4,715.28,147.12,58.35,2024-03-03
2025-11-18,ORD-102772,C-4391,EMEA,Affiliate,Consumer,Accessories,Shield Case,1,204,0,204,137.89,66.11,22.43,2024-12-12
2025-11-19,ORD-102773,C-4121,EMEA,Affiliate,Enterprise,Home,Nest Sensor,7,64,0.13,389.76,239.95,149.81,42.72,2025-01-13
2025-11-19,ORD-102774,C-4946,EMEA,Social,SMB,Wearables,Aura Watch,1,329,0.215985401459854,257.94,190.88,67.06,27.21,2024-08-12
2025-11-19,ORD-102775,C-4189,EMEA,Email,Enterprise,Home,Beacon Lamp,9,192,0,1728,1298.98,429.02,142.36,2024-03-15
2025-11-19,ORD-102776,C-4945,APAC,Organic,SMB,Audio,Halo Headset,3,125,0,375,217.87,157.13,0,2024-11-13
2025-11-19,ORD-102777,C-4765,EMEA,Paid Search,SMB,Wearables,Nimbus Ring,3,245,0.14890510948905109,625.55,536.46,89.09,95.93,2025-01-23
2025-11-19,ORD-102778,C-4774,North America,Email,SMB,Accessories,Shield Case,3,204,0.14,526.32,413.67,112.65,46.67,2024-11-19
2025-11-19,ORD-102779,C-4962,North America,Paid Search,Enterprise,Wearables,Nimbus Ring,1,245,0.028905109489051097,237.92,178.82,59.1,36.49,2023-12-15
2025-11-19,ORD-102780,C-4734,APAC,Paid Search,SMB,Wearables,Pulse Band,2,105,0.0989051094890511,189.23,112.78,76.45,29.02,2025-08-26
2025-11-19,ORD-102781,C-4290,EMEA,Paid Search,Consumer,Wearables,Pulse Band,3,105,0.028905109489051097,305.89,169.17,136.72,46.91,2025-04-21
2025-11-19,ORD-102782,C-4582,EMEA,Social,SMB,Home,Nest Sensor,3,64,0,192,102.83,89.17,12.57,2024-09-09
2025-11-19,ORD-102783,C-4987,North America,Social,SMB,Wearables,Nimbus Ring,3,245,0,735,536.46,198.54,71.59,2023-05-13
2025-11-19,ORD-102784,C-4169,APAC,Social,Consumer,Accessories,Orbit Dock,3,208,0.14,536.64,359.9,176.74,46.83,2025-06-23
2025-11-19,ORD-102785,C-4219,EMEA,Paid Search,SMB,Home,Nest Sensor,2,64,0.0789051094890511,117.9,68.56,49.34,18.08,2024-12-04
2025-11-20,ORD-102786,C-4420,APAC,Paid Search,Enterprise,Home,Vista Hub,2,214,0.03901459854014598,411.3,303.03,108.27,63.14,2025-09-14
2025-11-20,ORD-102787,C-4827,North America,Social,Enterprise,Wearables,Pulse Band,1,105,0,105,56.39,48.61,11.38,2025-07-30
2025-11-20,ORD-102788,C-4721,North America,Organic,Consumer,Audio,Halo Headset,3,125,0,375,217.87,157.13,0,2023-04-15
2025-11-20,ORD-102789,C-4548,North America,Social,Consumer,Accessories,Orbit Dock,1,208,0,208,119.97,88.03,19.69,2023-09-07
2025-11-20,ORD-102790,C-4259,APAC,Social,Enterprise,Accessories,Shield Case,5,204,0,1020,689.45,330.55,89.95,2024-02-11
2025-11-20,ORD-102791,C-4862,EMEA,Paid Search,SMB,Wearables,Aura Watch,3,329,0.2254014598540146,764.53,572.77,191.76,117.37,2023-08-24
2025-11-20,ORD-102792,C-4943,EMEA,Paid Search,Consumer,Accessories,Shield Case,1,204,0.029014598540145983,198.08,137.89,60.19,30.41,2024-12-05
2025-11-20,ORD-102793,C-4731,APAC,Paid Search,SMB,Home,Nest Sensor,3,64,0.10901459854014599,171.07,102.83,68.24,26.26,2024-10-18
2025-11-20,ORD-102794,C-4396,APAC,Affiliate,Enterprise,Wearables,Aura Watch,2,329,0.12638686131386861,574.84,381.84,193,46.01,2023-10-21
2025-11-20,ORD-102795,C-4570,EMEA,Paid Search,Enterprise,Home,Vista Hub,8,214,0.029014598540145983,1662.33,1212.14,450.19,255.2,2025-05-03
2025-11-20,ORD-102796,C-4117,APAC,Social,SMB,Home,Vista Hub,2,214,0,428,303.03,124.97,35.39,2025-03-26
2025-11-20,ORD-102797,C-4623,EMEA,Email,Enterprise,Wearables,Nimbus Ring,4,245,0.13,852.6,715.28,137.32,62.81,2024-01-07
2025-11-20,ORD-102798,C-4988,APAC,Paid Search,Enterprise,Accessories,Orbit Dock,2,208,0.08901459854014598,378.97,239.93,139.04,58.18,2023-11-30
2025-11-21,ORD-102799,C-4156,APAC,Social,Consumer,Accessories,Flux Cable,1,93,0,93,57.09,35.91,7.69,2024-03-30
2025-11-21,ORD-102800,C-4784,North America,Organic,Consumer,Accessories,Orbit Dock,1,208,0,208,119.97,88.03,0,2023-02-01
2025-11-21,ORD-102801,C-4671,EMEA,Email,,Wearables,Pulse Band,3,105,0.02,308.7,169.17,139.53,32.77,2023-03-25
2025-11-21,ORD-102802,C-4234,North America,Paid Search,SMB,Audio,Echo Buds,3,79,0.1591240875912409,199.29,170.65,28.64,30.63,2023-09-18
2025-11-21,ORD-102803,C-4788,EMEA,Organic,Enterprise,Wearables,Nimbus Ring,4,245,0.15,833,715.28,117.72,0,2024-03-04
2025-11-21,ORD-102804,C-4330,EMEA,Affiliate,Enterprise,Wearables,Nimbus Ring,9,245,0.1,1984.5,1609.39,375.11,152.31,2025-07-14
2025-11-21,ORD-102805,C-4562,APAC,Email,Consumer,Wearables,Pulse Band,1,105,0.08,96.6,56.39,40.21,7.73,2024-04-29
2025-11-21,ORD-102806,C-4620,North America,Social,Consumer,Home,Beacon Lamp,2,192,0.06,360.96,288.66,72.3,24.97,2025-08-20
2025-11-21,ORD-102807,C-4912,North America,Organic,Enterprise,Accessories,Flux Cable,7,93,0.02,637.98,399.66,238.32,0,2025-04-13
2025-11-21,ORD-102808,C-4364,EMEA,Email,Enterprise,Wearables,Nimbus Ring,3,245,0.11,654.15,536.46,117.69,52.93,2025-08-31
2025-11-21,ORD-102809,C-4478,APAC,Organic,Consumer,Audio,Echo Buds,2,79,0,158,113.76,44.24,0,2023-03-08
2025-11-21,ORD-102810,C-4391,North America,Affiliate,SMB,Accessories,Flux Cable,2,93,0,186,114.19,71.81,17.6,2023-10-24
2025-11-21,ORD-102811,C-4282,North America,Affiliate,SMB,Audio,Echo Buds,2,79,0,158,113.76,44.24,9.55,2024-05-18
2025-11-22,ORD-102812,C-4598,North America,Social,Enterprise,Accessories,Flux Cable,1,93,0.07,86.49,57.09,29.4,9.3,2023-09-03
2025-11-22,ORD-102813,C-4910,EMEA,Email,Consumer,Home,Beacon Lamp,3,192,0.1,518.4,432.99,85.41,37.23,2023-09-15
2025-11-22,ORD-102814,C-4926,APAC,Affiliate,Enterprise,Audio,Halo Headset,7,125,0,875,508.35,366.65,52.74,2024-04-22
2025-11-22,ORD-102815,C-4475,EMEA,Affiliate,Consumer,Accessories,Orbit Dock,1,208,0.02,203.84,119.97,83.87,13.74,2024-06-03
2025-11-22,ORD-102816,C-4604,North America,Email,Consumer,Accessories,Orbit Dock,3,208,0.04,599.04,359.9,239.14,37.35,2024-08-13
2025-11-22,ORD-102817,C-4863,EMEA,Paid Search,Enterprise,Wearables,Pulse Band,9,105,0.14923357664233577,803.97,507.51,296.46,123.69,2025-08-25
2025-11-22,ORD-102818,C-4832,EMEA,Social,Consumer,Home,Beacon Lamp,1,192,0,192,144.33,47.67,13.06,2024-12-03
2025-11-22,ORD-102819,C-4204,APAC,Social,Consumer,Accessories,Orbit Dock,2,208,0,416,239.93,176.07,28.88,2025-06-11
2025-11-22,ORD-102820,C-4624,APAC,Affiliate,SMB,Audio,Halo Headset,1,125,0.15,106.25,72.62,33.63,8.53,2025-07-25
2025-11-22,ORD-102821,C-4874,APAC,Social,Consumer,Wearables,Pulse Band,2,105,0,210,112.78,97.22,22.51,2024-08-21
2025-11-22,ORD-102822,C-4225,EMEA,Paid Search,Enterprise,Home,Beacon Lamp,8,192,0.029233576642335765,1491.1,1154.65,336.45,229.41,2024-12-25
2025-11-23,ORD-102823,C-4581,EMEA,Social,Consumer,Home,Vista Hub,3,214,0,642,454.55,187.45,58.25,2025-01-19
2025-11-23,ORD-102824,C-4914,EMEA,Email,Enterprise,Audio,Halo Headset,9,125,0.13,978.75,653.6,325.15,94.62,2024-06-23
2025-11-23,ORD-102825,C-4398,North America,Paid Search,SMB,Home,Beacon Lamp,1,192,0.10934306569343066,171.01,144.33,26.68,26.34,2023-04-11
2025-11-23,ORD-102826,C-4270,APAC,Email,SMB,Wearables,Pulse Band,3,105,0.05,299.25,169.17,130.08,25.66,2023-03-13
2025-11-23,ORD-102827,C-4790,APAC,Email,Consumer,Audio,Halo Headset,1,125,0,125,72.62,52.38,12.75,2024-01-31
2025-11-23,ORD-102828,C-4393,APAC,Email,SMB,Audio,Echo Buds,3,79,0.09,215.67,170.65,45.02,20.68,2025-03-24
2025-11-23,ORD-102829,C-4640,North America,Organic,Consumer,Wearables,Nimbus Ring,1,245,0.09,222.95,178.82,44.13,0,2024-08-12
2025-11-23,ORD-102830,C-4661,North America,Social,Enterprise,Accessories,Flux Cable,9,93,0,837,513.85,323.15,87.2,2025-06-20
2025-11-23,ORD-102831,C-4498,North America,Organic,SMB,Audio,Echo Buds,1,79,0,79,56.88,22.12,0,2023-02-15
2025-11-23,ORD-102832,C-4816,EMEA,Email,SMB,Accessories,Shield Case,2,204,0.13,354.96,275.78,79.18,36.1,2024-01-06
2025-11-23,ORD-102833,C-4770,EMEA,Affiliate,Consumer,Home,Nest Sensor,3,64,0,192,102.83,89.17,20.55,2024-11-15
2025-11-23,ORD-102834,C-4495,North America,Email,SMB,Wearables,Nimbus Ring,3,245,0,735,536.46,198.54,50.2,2025-05-18
2025-11-24,ORD-102835,C-4261,EMEA,Paid Search,Consumer,Home,Beacon Lamp,3,192,0.029452554744525544,559.04,432.99,126.05,86.19,2025-02-04
2025-11-24,ORD-102836,C-4530,EMEA,Email,Consumer,Accessories,Orbit Dock,2,208,0.1,374.4,239.93,134.47,29.51,2025-08-21
2025-11-24,ORD-102837,C-4237,EMEA,Paid Search,SMB,Audio,Echo Buds,2,79,0.029452554744525544,153.35,113.76,39.59,23.64,2023-10-07
2025-11-24,ORD-102838,C-4522,APAC,Social,Enterprise,Home,Beacon Lamp,5,192,0.03,931.2,721.65,209.55,58.05,2023-10-16
2025-11-24,ORD-102839,C-4996,APAC,Email,SMB,Home,Beacon Lamp,3,192,0,576,432.99,143.01,38.43,2024-03-24
2025-11-24,ORD-102840,C-4471,APAC,Organic,Consumer,Audio,Echo Buds,3,79,0.08,218.04,170.65,47.39,0,2024-10-04
2025-11-24,ORD-102841,C-4395,EMEA,Affiliate,SMB,Audio,Echo Buds,1,79,0.07,73.47,56.88,16.59,6.62,2025-05-21
2025-11-24,ORD-102842,C-4927,APAC,Organic,SMB,Wearables,Aura Watch,3,329,0.217992700729927,771.84,573.32,198.52,0,2024-08-14
2025-11-24,ORD-102843,C-4667,North America,Organic,Consumer,Audio,Halo Headset,3,125,0.05,356.25,217.87,138.38,0,2024-05-14
2025-11-24,ORD-102844,C-4195,EMEA,Paid Search,Consumer,Audio,Halo Headset,2,125,0.029452554744525544,242.64,145.24,97.4,37.41,2023-06-25
2025-11-24,ORD-102845,C-4136,APAC,Email,SMB,Home,Vista Hub,2,214,0,428,303.03,124.97,36.14,2023-09-15
2025-11-24,ORD-102846,C-4452,APAC,Email,Enterprise,Home,Nest Sensor,5,64,0.03,310.4,171.39,139.01,27.32,2025-09-06
2025-11-24,ORD-102847,C-4611,APAC,Affiliate,Consumer,Accessories,Flux Cable,2,93,0.03,180.42,114.19,66.23,,2025-05-16
2025-11-24,ORD-102848,C-4941,APAC,Social,SMB,Accessories,Shield Case,1,204,0.07,189.72,137.89,51.83,18.4,2023-02-12
2025-11-25,ORD-102849,C-4747,EMEA,Organic,Consumer,Home,Vista Hub,2,214,0,428,303.03,124.97,0,2024-08-24
2025-11-25,ORD-102850,C-4778,APAC,Social,SMB,Wearables,Nimbus Ring,1,245,0.02,240.1,178.82,61.28,23.46,2023-06-21
2025-11-25,ORD-102851,C-4118,EMEA,Social,SMB,Audio,Halo Headset,2,125,0.08,230,145.24,84.76,19.84,2024-10-22
2025-11-25,ORD-102852,C-4860,EMEA,Email,Consumer,Accessories,Orbit Dock,2,208,0,416,239.93,176.07,38.29,2025-06-03
2025-11-25,ORD-102853,C-4818,APAC,Email,Consumer,Audio,Echo Buds,3,79,0.08,218.04,170.65,47.39,16.15,2025-08-10
2025-11-25,ORD-102854,C-4831,North America,Email,Enterprise,Home,Vista Hub,9,214,0,1926,1363.66,562.34,144.05,2024-05-08
2025-11-25,ORD-102855,C-4225,North America,Organic,Enterprise,Wearables,Aura Watch,7,329,0.1083941605839416,2053.37,1338.05,715.32,0,2024-01-19
2025-11-25,ORD-102856,C-4248,APAC,Paid Search,Enterprise,Wearables,Nimbus Ring,1,245,0.029562043795620437,237.76,178.82,58.94,36.7,2023-08-16
2025-11-25,ORD-102857,C-4996,APAC,Email,Enterprise,Wearables,Pulse Band,2,105,0,210,112.78,97.22,14.62,2025-04-12
2025-11-25,ORD-102858,C-4823,APAC,Paid Search,SMB,Accessories,Orbit Dock,1,208,0.029562043795620437,201.85,119.97,81.88,31.15,2024-12-03
2025-11-25,ORD-102859,C-4579,North America,Email,Consumer,Audio,Halo Headset,2,125,0,250,145.24,104.76,20.24,2023-07-21
2025-11-25,ORD-102860,C-4440,APAC,Paid Search,Consumer,Accessories,Shield Case,2,204,0.029562043795620437,395.94,275.78,120.16,61.11,2024-03-10
2025-11-25,ORD-102861,C-4708,APAC,Affiliate,Enterprise,Accessories,Orbit Dock,6,208,0,1248,719.8,528.2,124.04,2025-04-16
2025-11-25,ORD-102862,C-4788,APAC,Organic,SMB,Audio,Halo Headset,3,125,0.05,356.25,217.87,138.38,0,2025-08-14
2025-11-25,ORD-102863,C-4993,APAC,Affiliate,Consumer,Audio,Echo Buds,1,79,0,79,56.88,22.12,5.47,2025-06-19
2025-11-25,ORD-102864,C-4842,EMEA,Paid Search,Consumer,Home,Vista Hub,1,214,0.029562043795620437,207.67,151.52,56.15,32.05,2025-06-12
2025-11-25,ORD-102865,C-4193,North America,Social,Consumer,Accessories,Shield Case,3,204,0.02,599.76,413.67,186.09,62.48,2023-05-11
2025-11-26,ORD-102866,C-4694,North America,Social,Consumer,Wearables,Nimbus Ring,3,245,0,735,536.46,198.54,70.2,2024-10-09
2025-11-26,ORD-102867,C-4768,EMEA,Email,Consumer,Audio,Halo Headset,2,125,0,250,145.24,104.76,26.81,2025-08-18
2025-11-26,ORD-102868,C-4954,North America,Paid Search,Enterprise,Accessories,Shield Case,6,204,0.029671532846715327,1187.68,827.34,360.34,183.51,2024-04-18
2025-11-26,ORD-102869,C-4939,EMEA,Social,Enterprise,Accessories,Flux Cable,3,93,0,279,171.28,107.72,17.46,2025-06-23
2025-11-26,ORD-102870,C-4925,APAC,Organic,Consumer,Accessories,Shield Case,1,204,0,204,137.89,66.11,0,2025-03-25
2025-11-26,ORD-102871,C-4245,APAC,Affiliate,Consumer,Accessories,Orbit Dock,2,208,0.07,386.88,239.93,146.95,28.93,2024-12-04
2025-11-26,ORD-102872,C-4368,EMEA,Social,Consumer,Wearables,Aura Watch,1,329,0.2087956204379562,260.31,191.2,69.11,26.93,2024-09-24
2025-11-26,ORD-102873,C-4799,APAC,Email,SMB,Accessories,Shield Case,2,204,0.12,359.04,275.78,83.26,33.89,2023-03-04
2025-11-26,ORD-102874,C-4629,North America,Paid Search,Consumer,Accessories,Flux Cable,3,93,0.17967153284671533,228.87,171.28,57.59,35.36,2024-01-15
2025-11-26,ORD-102875,C-4336,APAC,Affiliate,Enterprise,Wearables,Nimbus Ring,8,245,0,1960,1430.56,529.44,146.12,2023-12-25
2025-11-26,ORD-102876,C-4395,EMEA,Paid Search,Enterprise,Home,Beacon Lamp,4,192,0.029671532846715327,745.21,577.32,167.89,115.14,2025-07-22
2025-11-26,ORD-102877,C-4779,North America,Affiliate,Enterprise,Home,Vista Hub,3,214,0,642,454.55,187.45,61.57,2025-03-17
2025-11-26,ORD-102878,C-4823,EMEA,Paid Search,SMB,Wearables,Aura Watch,2,329,0.22846715328467151,507.67,382.39,125.28,78.44,2025-01-02
2025-11-26,ORD-102879,C-4541,APAC,Paid Search,SMB,Wearables,Aura Watch,3,329,0.13846715328467152,850.33,573.59,276.74,131.38,2024-07-04
2025-11-27,ORD-102880,C-4254,EMEA,Paid Search,SMB,Home,Beacon Lamp,1,192,0.02978102189781022,186.28,144.33,41.95,28.81,2023-06-23
2025-11-27,ORD-102881,C-4282,EMEA,Organic,Enterprise,Home,Vista Hub,8,214,0.02,1677.76,1212.14,465.62,0,2025-01-10
2025-11-27,ORD-102882,C-4746,APAC,Organic,SMB,Home,Vista Hub,1,214,0.06,201.16,151.52,49.64,0,2023-09-18
2025-11-27,ORD-102883,C-4823,APAC,Organic,Enterprise,Audio,Halo Headset,5,125,0.15,531.25,363.11,168.14,0,2023-03-23
2025-11-27,ORD-102884,C-4280,APAC,Email,SMB,Home,Vista Hub,2,214,0.13,372.36,303.03,69.33,34.37,2025-04-13
2025-11-27,ORD-102885,C-4941,EMEA,Paid Search,Enterprise,Home,Beacon Lamp,1,192,0.02978102189781022,186.28,144.33,41.95,28.81,2024-10-01
2025-11-27,ORD-102886,C-4585,APAC,Organic,SMB,Accessories,Shield Case,3,204,0.03,593.64,413.67,179.97,0,2024-02-19
2025-11-27,ORD-102887,C-4112,EMEA,Social,Consumer,Home,Beacon Lamp,1,192,0,192,144.33,47.67,20.52,2025-04-27
2025-11-27,ORD-102888,C-4757,APAC,Email,SMB,Audio,Halo Headset,2,125,0,250,145.24,104.76,15.92,2023-12-07
2025-11-27,ORD-102889,C-4866,EMEA,Organic,Enterprise,Home,Beacon Lamp,4,192,0.12,675.84,577.32,98.52,0,2025-03-13
2025-11-27,ORD-102890,C-4850,APAC,Social,Enterprise,Accessories,Shield Case,1,204,0.08,187.68,137.89,49.79,13.21,2025-03-15
2025-11-27,ORD-102891,C-4943,North America,Affiliate,Enterprise,Home,Vista Hub,6,214,0,1284,909.1,374.9,81.83,2024-03-05
2025-11-27,ORD-102892,C-4128,APAC,Social,Enterprise,Wearables,Aura Watch,3,329,0.10919708029197081,879.22,573.73,305.49,81.54,2024-04-30
2025-11-28,ORD-102893,C-4604,EMEA,Email,Enterprise,Accessories,Orbit Dock,3,208,0.03,605.28,359.9,245.38,49.49,2023-09-14
2025-11-28,ORD-102894,C-4758,EMEA,Affiliate,SMB,Accessories,Shield Case,2,204,0.01,403.92,275.78,128.14,31.32,2023-06-25
2025-11-28,ORD-102895,C-4431,North America,Paid Search,Consumer,Accessories,Shield Case,3,204,0.09989051094890511,550.87,413.67,137.2,85.29,2024-09-16
2025-11-28,ORD-102896,C-4396,EMEA,Affiliate,SMB,Wearables,Pulse Band,1,105,0.12,92.4,56.39,36.01,9.82,2023-09-08
2025-11-29,ORD-102897,C-4215,APAC,Organic,SMB,Home,Nest Sensor,3,64,0,192,102.83,89.17,0,2024-08-02
2025-11-29,ORD-102898,C-4367,North America,Email,Consumer,Home,Beacon Lamp,3,192,0,576,432.99,143.01,53.31,2023-02-14
2025-11-29,ORD-102899,C-4342,EMEA,Social,Consumer,Accessories,Shield Case,1,204,0.04,195.84,137.89,57.95,17.67,2025-09-07
2025-11-29,ORD-102900,C-4733,EMEA,Organic,Enterprise,Accessories,Flux Cable,3,93,0,279,171.28,107.72,0,2024-10-05
2025-11-29,ORD-102901,C-4352,North America,Organic,Enterprise,Accessories,Shield Case,7,204,0,1428,965.23,462.77,0,2023-01-28
2025-11-29,ORD-102902,C-4540,APAC,Social,Consumer,Accessories,Flux Cable,3,93,0.08,256.68,171.28,85.4,27.66,2025-07-08
2025-11-29,ORD-102903,C-4796,North America,Affiliate,SMB,Accessories,Flux Cable,1,93,0,93,57.09,35.91,9.59,2025-01-24
2025-11-30,ORD-102904,C-4761,North America,Paid Search,SMB,Home,Nest Sensor,1,64,0.1501094890510949,54.39,34.28,20.11,8.44,2023-08-31
2025-11-30,ORD-102905,C-4576,North America,Social,Enterprise,Audio,Echo Buds,7,79,0,553,398.17,154.83,55.85,2024-07-23
2025-11-30,ORD-102906,C-4294,North America,Email,Enterprise,Wearables,Aura Watch,7,329,0.11040145985401459,2048.75,1339.65,709.1,132.91,2023-11-18
2025-11-30,ORD-102907,C-4217,APAC,Email,Enterprise,Home,Nest Sensor,9,64,0,576,308.5,267.5,59.99,2025-06-23
2025-11-30,ORD-102908,C-4345,EMEA,Paid Search,Enterprise,Wearables,Aura Watch,5,329,0.14051094890510948,1413.86,956.89,456.97,219.38,2023-07-22
2025-11-30,ORD-102909,C-4272,APAC,Organic,Enterprise,Wearables,Pulse Band,3,105,0.14,270.9,169.17,101.73,0,2023-04-23
2025-11-30,ORD-102910,C-4575,APAC,Affiliate,SMB,Audio,Echo Buds,2,79,0.09,143.78,113.76,30.02,15.73,2025-09-23
2025-11-30,ORD-102911,C-4390,APAC,Email,Enterprise,Accessories,Flux Cable,2,93,0,186,114.19,71.81,13.35,2025-04-06
2025-11-30,ORD-102912,C-4398,EMEA,Email,SMB,Wearables,Pulse Band,2,105,0.05,199.5,112.78,86.72,20.54,2024-05-08
2025-11-30,ORD-102913,C-4949,EMEA,Affiliate,SMB,Home,Nest Sensor,3,64,0,192,102.83,89.17,20.78,2023-12-18
2025-11-30,ORD-102914,C-4979,North America,Email,Enterprise,Accessories,Flux Cable,6,93,0,558,342.57,215.43,60.39,2025-09-10
2025-11-30,ORD-102915,C-4109,EMEA,Affiliate,Enterprise,Accessories,Shield Case,6,204,0,1224,827.34,396.66,87.78,2024-12-05
2025-11-30,ORD-102916,C-4981,APAC,Affiliate,SMB,Home,Vista Hub,1,214,0.05,203.3,151.52,51.78,17.88,2024-01-20
2025-11-30,ORD-102917,C-4965,EMEA,Affiliate,Consumer,Wearables,Aura Watch,3,329,0.11040145985401459,878.03,574.14,303.89,91.62,2023-12-02
2025-12-01,ORD-102918,C-4857,North America,Social,SMB,Wearables,Aura Watch,2,329,0.1108029197080292,585.09,382.85,202.24,49.38,2023-09-19
2025-12-01,ORD-102919,C-4257,APAC,Email,Enterprise,Accessories,Flux Cable,6,93,0,558,342.57,215.43,36.05,2024-05-30
2025-12-01,ORD-102920,C-4373,EMEA,Affiliate,Consumer,Home,Nest Sensor,1,64,0.09,58.24,34.28,23.96,5.57,2024-01-26
2025-12-01,ORD-102921,C-4411,APAC,Affiliate,Enterprise,Wearables,Nimbus Ring,6,245,0.01,1455.3,1072.92,382.38,115.8,2024-07-09
2025-12-01,ORD-102922,C-4819,EMEA,Organic,Consumer,Accessories,Flux Cable,2,93,0,186,114.19,71.81,0,2024-12-02
2025-12-01,ORD-102923,C-4297,North America,Organic,Enterprise,Wearables,Pulse Band,5,105,0,525,281.95,243.05,0,2024-02-23
2025-12-01,ORD-102924,C-4127,North America,Social,Consumer,Accessories,Shield Case,3,204,0,612,413.67,198.33,64.39,2024-10-08
2025-12-01,ORD-102925,C-4765,APAC,Paid Search,SMB,Accessories,Shield Case,1,204,0.03021897810218978,197.84,137.89,59.95,30.73,2023-02-03
2025-12-01,ORD-102926,C-4445,North America,Affiliate,Enterprise,Home,Beacon Lamp,7,192,0,1344,1010.32,333.68,113.14,2024-01-21
2025-12-01,ORD-102927,C-4323,APAC,Social,Consumer,Home,Vista Hub,1,214,0,214,151.52,62.48,20.58,2024-11-28
2025-12-01,ORD-102928,C-4384,APAC,Organic,Enterprise,Accessories,Flux Cable,2,93,0,186,114.19,71.81,0,2024-11-17
2025-12-01,ORD-102929,C-4792,EMEA,Social,Consumer,Wearables,Aura Watch,2,329,0.21080291970802922,519.29,382.85,136.44,38.86,2025-02-17
2025-12-01,ORD-102930,C-4398,North America,Paid Search,SMB,Wearables,Aura Watch,3,329,0.14102189781021898,847.81,574.28,273.53,131.69,2023-07-21
2025-12-01,ORD-102931,C-4466,North America,Paid Search,Enterprise,Audio,Echo Buds,1,79,0.03021897810218978,76.61,56.88,19.73,11.9,2023-05-05
2025-12-02,ORD-102932,C-4634,North America,Affiliate,SMB,Wearables,Aura Watch,1,329,0.1112043795620438,292.41,191.47,100.94,27.92,2023-05-04
2025-12-02,ORD-102933,C-4778,APAC,Affiliate,SMB,Accessories,Shield Case,1,204,0.1,183.6,137.89,45.71,15.25,2024-06-06
2025-12-02,ORD-102934,C-4227,North America,Email,Enterprise,Wearables,Nimbus Ring,6,245,0,1470,1072.92,397.08,118.28,2023-08-28
2025-12-02,ORD-102935,C-4291,EMEA,Social,SMB,Accessories,Flux Cable,2,93,0,186,114.19,71.81,20.13,2023-09-07
2025-12-02,ORD-102936,C-4979,APAC,Paid Search,SMB,Home,Beacon Lamp,1,192,0.04032846715328467,184.26,144.33,39.93,28.65,2024-09-23
2025-12-02,ORD-102937,C-4988,EMEA,Affiliate,Enterprise,Audio,Halo Headset,2,125,0,250,145.24,104.76,27.26,2024-09-16
2025-12-02,ORD-102938,C-4378,APAC,Email,Consumer,Wearables,Aura Watch,1,329,0.1112043795620438,292.41,191.47,100.94,31.15,2024-11-14
2025-12-02,ORD-102939,C-4192,APAC,Organic,SMB,Accessories,Orbit Dock,3,208,0,624,359.9,264.1,0,2024-09-22
2025-12-02,ORD-102940,C-4546,EMEA,Social,Consumer,Accessories,Shield Case,2,204,0,408,275.78,132.22,32.67,2024-10-15
2025-12-02,ORD-102941,C-4758,APAC,Social,Enterprise,Accessories,Shield Case,3,204,0,612,413.67,198.33,47.19,2024-09-18
2025-12-02,ORD-102942,C-4429,EMEA,Email,SMB,Accessories,Orbit Dock,1,208,0,208,119.97,88.03,14.15,2023-11-16
2025-12-02,ORD-102943,C-4321,APAC,Email,SMB,Accessories,Shield Case,3,204,0,612,413.67,198.33,45.13,2025-04-08
2025-12-03,ORD-102944,C-4640,APAC,Paid Search,Enterprise,Accessories,Orbit Dock,6,208,0.03043795620437956,1210.01,719.8,490.21,188.35,2024-02-27
2025-12-03,ORD-102945,C-4139,North America,Social,SMB,Home,Beacon Lamp,2,192,0.02,376.32,288.66,87.66,29.25,2023-01-27
2025-12-03,ORD-102946,C-4862,North America,Organic,Consumer,Home,Vista Hub,1,214,0,214,151.52,62.48,0,2023-05-30
2025-12-03,ORD-102947,C-4362,EMEA,Organic,Enterprise,Home,Beacon Lamp,1,192,0,192,144.33,47.67,0,2023-01-17
2025-12-03,ORD-102948,C-4377,North America,Social,Consumer,Accessories,Shield Case,3,204,0,612,413.67,198.33,63.37,2025-05-23
2025-12-03,ORD-102949,C-4907,APAC,Email,Consumer,Home,Beacon Lamp,1,192,0,192,144.33,47.67,17.04,2023-08-14
2025-12-03,ORD-102950,C-4711,APAC,Email,Enterprise,Wearables,Pulse Band,2,105,0,210,112.78,97.22,15.53,2024-10-20
2025-12-03,ORD-102951,C-4954,APAC,Organic,,Wearables,Pulse Band,3,105,0,315,169.17,145.83,0,2023-05-01
2025-12-03,ORD-102952,C-4803,APAC,Affiliate,SMB,Home,Nest Sensor,2,64,0,128,68.56,59.44,9.51,2025-05-07
2025-12-03,ORD-102953,,EMEA,Email,Enterprise,Home,Nest Sensor,6,64,0,384,205.67,178.33,42.23,2024-11-06
2025-12-03,ORD-102954,C-4874,APAC,Social,SMB,Wearables,Aura Watch,3,329,0.1116058394160584,876.85,574.55,302.3,56.79,2024-05-14
2025-12-04,ORD-102955,C-4710,APAC,Organic,SMB,Home,Beacon Lamp,3,192,0,576,432.99,143.01,0,2024-09-19
2025-12-04,ORD-102956,C-4781,North America,Organic,Consumer,Home,Nest Sensor,3,64,0,192,102.83,89.17,0,2023-02-18
2025-12-04,ORD-102957,C-4553,EMEA,Affiliate,SMB,Audio,Halo Headset,2,125,0,250,145.24,104.76,15.89,2025-04-27
2025-12-04,ORD-102958,C-4311,EMEA,Email,Enterprise,Accessories,Flux Cable,6,93,0.09,507.78,342.57,165.21,44.94,2024-02-02
2025-12-04,ORD-102959,C-4414,APAC,Paid Search,SMB,Home,Vista Hub,2,214,0.03054744525547445,414.93,303.03,111.9,64.65,2022-12-31
2025-12-04,ORD-102960,C-4785,North America,Social,Consumer,Accessories,Shield Case,2,204,0.03,395.76,275.78,119.98,28.03,2025-03-31
2025-12-04,ORD-102961,C-4347,APAC,Organic,Consumer,Accessories,Shield Case,3,204,0.1,550.8,413.67,137.13,0,2025-03-14
2025-12-04,ORD-102962,C-4501,EMEA,Affiliate,Consumer,Audio,Echo Buds,2,79,0,158,113.76,44.24,14.58,2024-03-26
2025-12-04,ORD-102963,C-4650,APAC,Organic,SMB,Home,Vista Hub,3,214,0,642,454.55,187.45,0,2024-07-09
2025-12-04,ORD-102964,C-4479,APAC,Email,Consumer,Home,Vista Hub,1,214,0.07,199.02,151.52,47.5,12.79,2025-07-07
2025-12-04,ORD-102965,C-4522,EMEA,Email,SMB,Wearables,Pulse Band,1,105,0.1,94.5,56.39,38.11,7.06,2024-05-29
2025-12-04,ORD-102966,C-4274,North America,Email,Enterprise,Wearables,Pulse Band,5,105,0,525,281.95,243.05,54.02,2025-01-18
2025-12-04,ORD-102967,C-4562,APAC,Paid Search,Enterprise,Wearables,Pulse Band,6,105,0.14054744525547444,541.46,338.34,203.12,84.37,2023-07-14
2025-12-04,ORD-102968,C-4468,EMEA,Organic,Enterprise,Audio,Halo Headset,4,125,0,500,290.49,209.51,0,2023-10-08
2025-12-05,ORD-102969,C-4498,North America,Social,SMB,Accessories,Flux Cable,2,93,0.04,178.56,114.19,64.37,13.14,2024-04-26
2025-12-05,ORD-102970,C-4105,EMEA,Email,Consumer,Wearables,Pulse Band,2,105,0.05,199.5,112.78,86.72,19.36,2024-05-07
2025-12-05,ORD-102971,C-4339,North America,Social,SMB,Accessories,Shield Case,2,204,0.07,379.44,275.78,103.66,25.32,2023-03-29
2025-12-05,ORD-102972,C-4696,APAC,Email,SMB,Home,Beacon Lamp,1,192,0.04,184.32,144.33,39.99,14.8,2024-02-17
2025-12-05,ORD-102973,C-4773,North America,Organic,SMB,Accessories,Flux Cable,1,93,0,93,57.09,35.91,0,2025-08-23
2025-12-05,ORD-102974,C-4126,North America,Organic,Enterprise,Home,Vista Hub,6,214,0,1284,909.1,374.9,0,2023-07-25
2025-12-05,ORD-102975,C-4382,APAC,Paid Search,SMB,Wearables,Pulse Band,2,105,0.15065693430656935,178.36,112.78,65.58,27.82,2023-07-29
2025-12-05,ORD-102976,C-4179,North America,Organic,Consumer,Accessories,Flux Cable,3,93,0,279,171.28,107.72,0,2024-11-16
2025-12-05,ORD-102977,C-4243,North America,Social,Consumer,Accessories,Orbit Dock,2,208,0,416,239.93,176.07,44.73,2023-11-28
2025-12-05,ORD-102978,C-4626,North America,Affiliate,SMB,Accessories,Flux Cable,1,93,0,93,57.09,35.91,7.37,2024-08-09
2025-12-05,ORD-102979,C-4147,APAC,Social,Enterprise,Wearables,Aura Watch,1,329,0.1124087591240876,292.02,191.61,100.41,25.94,2023-04-26
2025-12-05,ORD-102980,C-4834,APAC,Paid Search,Consumer,Accessories,Orbit Dock,1,208,0.040656934306569345,199.54,119.97,79.57,31.13,2023-02-28
2025-12-05,ORD-102981,C-4224,EMEA,Social,SMB,Wearables,Pulse Band,1,105,0.12,92.4,56.39,36.01,9.99,2023-11-09
2025-12-06,ORD-102982,C-4179,EMEA,Paid Search,Consumer,Accessories,Shield Case,2,204,0.09076642335766423,370.97,275.78,95.19,57.93,2023-01-05
2025-12-06,ORD-102983,C-4286,APAC,Email,SMB,Wearables,Aura Watch,2,329,0.11281021897810219,583.77,383.3,200.47,49.1,2024-01-20
2025-12-06,ORD-102984,C-4202,EMEA,Social,Enterprise,Accessories,Orbit Dock,4,208,0,832,479.87,352.13,66.19,2024-10-19
2025-12-06,ORD-102985,C-4503,EMEA,Social,SMB,Home,Beacon Lamp,2,192,0.03,372.48,288.66,83.82,34.7,2023-12-03
2025-12-06,ORD-102986,C-4780,APAC,Affiliate,SMB,Accessories,Flux Cable,2,93,0,186,114.19,71.81,13.66,2024-08-02
2025-12-06,ORD-102987,C-4623,North America,Social,Enterprise,Wearables,Aura Watch,4,329,0.1628102189781022,1101.74,766.61,335.13,117.61,2024-09-26
2025-12-06,ORD-102988,C-4994,North America,Affiliate,Enterprise,Audio,Halo Headset,7,125,0,875,508.35,366.65,85.65,2025-08-29
2025-12-06,ORD-102989,C-4887,APAC,Affiliate,Consumer,Accessories,Shield Case,3,204,0,612,413.67,198.33,43.43,2024-04-18
2025-12-06,ORD-102990,C-4243,EMEA,Organic,SMB,Accessories,Orbit Dock,3,208,0.05,592.8,359.9,232.9,0,2025-09-19
2025-12-06,ORD-102991,C-4898,EMEA,Organic,SMB,Home,Nest Sensor,2,64,0,128,68.56,59.44,0,2023-12-30
2025-12-06,ORD-102992,C-4891,APAC,Social,Consumer,Accessories,Orbit Dock,1,208,0.05,197.6,119.97,77.63,12.23,2023-03-09
2025-12-07,ORD-102993,C-4302,EMEA,Organic,Enterprise,Audio,Echo Buds,6,79,0.09,431.34,341.29,90.05,0,2024-10-28
2025-12-07,ORD-102994,C-4803,APAC,Organic,Consumer,Accessories,Flux Cable,2,93,0.11,165.54,114.19,51.35,0,2024-12-06
2025-12-07,ORD-102995,C-4506,APAC,Email,Consumer,Accessories,Flux Cable,1,93,0.06,87.42,57.09,30.33,7.51,2024-11-08
2025-12-07,ORD-102996,C-4815,North America,Organic,Consumer,Home,Vista Hub,3,214,0.13,558.54,454.55,103.99,0,2023-07-09
2025-12-07,ORD-102997,C-4626,EMEA,Paid Search,SMB,Accessories,Orbit Dock,2,208,0.030875912408759122,403.16,239.93,163.23,63.02,2024-05-30
2025-12-07,ORD-102998,C-4559,APAC,Organic,Consumer,Accessories,Orbit Dock,1,208,0.03,201.76,119.97,81.79,0,2024-05-26
2025-12-07,ORD-102999,C-4805,APAC,Social,Enterprise,Home,Nest Sensor,1,64,0,64,34.28,29.72,5.47,2023-11-06
2025-12-07,ORD-103000,C-4817,APAC,Affiliate,Consumer,Wearables,Nimbus Ring,3,245,0,735,536.46,198.54,49.86,2025-07-25
2025-12-07,ORD-103001,C-4159,APAC,Social,SMB,Home,Nest Sensor,3,64,0,192,102.83,89.17,18.79,2023-09-20
2025-12-07,ORD-103002,C-4615,EMEA,Organic,SMB,Accessories,Shield Case,2,204,0.08,375.36,275.78,99.58,0,2025-08-09
2025-12-07,ORD-103003,C-4615,North America,Organic,Enterprise,Audio,Halo Headset,7,125,0,875,508.35,366.65,0,2024-12-30
2025-12-07,ORD-103004,C-4220,EMEA,Social,Enterprise,Home,Vista Hub,1,214,0,214,151.52,62.48,22.21,2024-05-24
2025-12-07,ORD-103005,C-4280,EMEA,Organic,Enterprise,Accessories,Shield Case,4,204,0.02,799.68,551.56,248.12,0,2024-07-04
2025-12-07,ORD-103006,C-4135,North America,Email,Enterprise,Home,Vista Hub,6,214,0,1284,909.1,374.9,132.68,2023-08-11
2025-12-08,ORD-103007,C-4302,EMEA,Organic,Consumer,Home,Vista Hub,3,214,0,642,454.55,187.45,0,2025-07-11
2025-12-08,ORD-103008,C-4221,APAC,Affiliate,SMB,Wearables,Aura Watch,3,329,0.1936131386861314,795.9,575.23,220.67,82.1,2024-04-05
2025-12-08,ORD-103009,C-4987,EMEA,Affiliate,Enterprise,Home,Vista Hub,4,214,0.04,821.76,606.07,215.69,74.59,2025-03-30
2025-12-08,ORD-103010,C-4547,North America,Social,SMB,Home,Nest Sensor,1,64,0,64,34.28,29.72,5.24,2024-06-18
2025-12-08,ORD-103011,C-4508,EMEA,Paid Search,SMB,Wearables,Nimbus Ring,2,245,0.07098540145985402,455.22,357.64,97.58,71.23,2024-04-20
2025-12-08,ORD-103012,C-4431,North America,Email,SMB,Wearables,Pulse Band,2,105,0.05,199.5,112.78,86.72,19.9,2023-05-24
2025-12-08,ORD-103013,C-4939,APAC,Email,Consumer,Home,Vista Hub,3,214,0.09,584.22,454.55,129.67,53.89,2025-01-17
2025-12-08,ORD-103014,C-4941,North America,Paid Search,SMB,Accessories,Shield Case,1,204,0.03098540145985401,197.68,137.89,59.79,30.93,2024-02-25
2025-12-08,ORD-103015,C-4495,EMEA,Affiliate,SMB,Accessories,Flux Cable,1,93,0.03,90.21,57.09,33.12,6.51,2023-10-05
2025-12-08,ORD-103016,C-4849,APAC,Paid Search,Consumer,Accessories,Orbit Dock,3,208,0.03098540145985401,604.67,359.9,244.77,94.62,2022-12-31
2025-12-08,ORD-103017,C-4728,EMEA,Social,Consumer,Wearables,Nimbus Ring,3,245,0.04,705.6,536.46,169.14,64.87,2023-02-25
2025-12-08,ORD-103018,C-4793,APAC,Social,Consumer,Audio,Halo Headset,1,125,0.01,123.75,72.62,51.13,8.4,2023-10-20
2025-12-08,ORD-103019,C-4406,APAC,Organic,SMB,Accessories,Shield Case,3,204,0,612,413.67,198.33,0,2023-05-17
2025-12-08,ORD-103020,C-4367,EMEA,Social,SMB,Accessories,Orbit Dock,2,208,0,416,239.93,176.07,30.13,2023-03-10
2025-12-09,ORD-103021,C-4771,EMEA,Email,Enterprise,Home,Beacon Lamp,6,192,0,1152,865.98,286.02,106.63,2023-05-06
2025-12-09,ORD-103022,C-4902,North America,Affiliate,SMB,Audio,Echo Buds,3,79,0,237,170.65,66.35,15.96,2023-01-14
2025-12-09,ORD-103023,C-4218,APAC,Social,Consumer,Accessories,Orbit Dock,3,208,0,624,359.9,264.1,67.06,2024-11-08
2025-12-09,ORD-103024,C-4401,EMEA,Paid Search,Enterprise,Accessories,Shield Case,2,204,0.031094890510948905,395.31,275.78,119.53,61.92,2023-11-22
2025-12-09,ORD-103025,C-4378,EMEA,Organic,SMB,Wearables,Pulse Band,1,105,0.06,98.7,56.39,42.31,0,2025-01-11
2025-12-09,ORD-103026,C-4749,APAC,Social,SMB,Home,Vista Hub,2,214,0,428,303.03,124.97,30.49,2024-11-07
2025-12-09,ORD-103027,C-4902,North America,Affiliate,SMB,Home,Vista Hub,1,214,0.11,190.46,151.52,38.94,20.71,2025-01-18
2025-12-09,ORD-103028,C-4229,EMEA,Email,Consumer,Wearables,Pulse Band,3,105,0.14,270.9,169.17,101.73,20.63,2023-05-06
2025-12-09,ORD-103029,C-4811,North America,Social,Consumer,Wearables,Aura Watch,1,329,0.164014598540146,275.04,191.79,83.25,19.72,2023-08-02
2025-12-09,ORD-103030,C-4100,North America,Affiliate,SMB,Audio,Echo Buds,1,79,0,79,56.88,22.12,7.72,2023-04-24
2025-12-09,ORD-103031,C-4846,EMEA,Social,Consumer,Wearables,Nimbus Ring,3,245,0,735,536.46,198.54,56.71,2024-03-22
2025-12-09,ORD-103032,C-4255,EMEA,Paid Search,SMB,Wearables,Pulse Band,3,105,0.1410948905109489,270.56,169.17,101.39,42.38,2025-08-14
2025-12-10,ORD-103033,C-4852,EMEA,Paid Search,SMB,Home,Nest Sensor,2,64,0.031204379562043794,124.01,68.56,55.45,19.45,2025-03-11
2025-12-10,ORD-103034,C-4157,APAC,Social,Enterprise,Audio,Echo Buds,2,79,0.12,139.04,113.76,25.28,15.07,2024-07-11
2025-12-10,ORD-103035,C-4870,North America,Email,Enterprise,Wearables,Nimbus Ring,7,245,0,1715,1251.74,463.26,115.66,2024-01-17
2025-12-10,ORD-103036,C-4292,APAC,Affiliate,SMB,Home,Beacon Lamp,2,192,0,384,288.66,95.34,36.87,2024-07-10
2025-12-10,ORD-103037,C-4456,APAC,Paid Search,Consumer,Wearables,Nimbus Ring,3,245,0.031204379562043794,712.06,536.46,175.6,111.66,2024-02-10
2025-12-10,ORD-103038,C-4780,APAC,Email,Enterprise,Home,Nest Sensor,2,64,0.11,113.92,68.56,45.36,11.27,2024-02-20
2025-12-10,ORD-103039,C-4492,North America,Email,Consumer,Wearables,Aura Watch,1,329,0.16441605839416057,274.91,191.84,83.07,20.46,2023-03-06
2025-12-10,ORD-103040,C-4560,North America,Email,SMB,Audio,Halo Headset,2,125,0,250,145.24,104.76,18.99,2025-02-14
2025-12-10,ORD-103041,C-4259,North America,Paid Search,Enterprise,Wearables,Aura Watch,1,329,0.14562043795620438,281.09,191.84,89.25,44.08,2024-09-02
2025-12-10,ORD-103042,C-4727,APAC,Email,SMB,Home,Nest Sensor,1,64,0,64,34.28,29.72,6.35,2023-06-10
2025-12-10,ORD-103043,C-4592,APAC,Organic,SMB,Accessories,Shield Case,1,204,0.07,189.72,137.89,51.83,0,2025-04-26
2025-12-10,ORD-103044,C-4438,EMEA,Social,SMB,Audio,Echo Buds,3,79,0.05,225.15,170.65,54.5,14.9,2024-09-18
2025-12-10,ORD-103045,C-4942,North America,Affiliate,Enterprise,Home,Beacon Lamp,2,192,0.05,364.8,288.66,76.14,37.58,2024-01-18
2025-12-11,ORD-103046,C-4611,APAC,Social,SMB,Audio,Echo Buds,1,79,0,79,56.88,22.12,6.33,2023-08-16
2025-12-11,ORD-103047,C-4709,North America,Email,Consumer,Home,Vista Hub,3,214,0.03,622.74,454.55,168.19,55.48,2023-06-11
2025-12-11,ORD-103048,C-4401,EMEA,Paid Search,SMB,Wearables,Nimbus Ring,2,245,0.03131386861313868,474.66,357.64,117.02,74.51,2023-06-15
2025-12-11,ORD-103049,C-4801,EMEA,Email,SMB,Accessories,Shield Case,1,204,0.12,179.52,137.89,41.63,12.7,2023-04-02
2025-12-11,ORD-103050,C-4218,EMEA,Social,SMB,Home,Beacon Lamp,1,192,0,192,144.33,47.67,20.22,2024-01-20
2025-12-11,ORD-103051,C-4890,APAC,Paid Search,SMB,Wearables,Aura Watch,1,329,0.24613138686131386,248.02,191.89,56.13,38.93,2023-01-27
2025-12-11,ORD-103052,C-4902,North America,Paid Search,SMB,Home,Nest Sensor,1,64,0.03131386861313868,62,34.28,27.72,9.73,2024-02-14
2025-12-11,ORD-103053,C-4591,EMEA,Social,SMB,Accessories,Flux Cable,1,93,0.13,80.91,57.09,23.82,7.6,2023-01-24
2025-12-11,ORD-103054,C-4966,North America,Social,Enterprise,Home,Nest Sensor,7,64,0.1,403.2,239.95,163.25,43.8,2025-02-24
2025-12-11,ORD-103055,C-4840,EMEA,Organic,Enterprise,Audio,Halo Headset,3,125,0.13,326.25,217.87,108.38,0,2023-03-20
2025-12-11,ORD-103056,C-4655,EMEA,Paid Search,Enterprise,Home,Vista Hub,5,214,0.12131386861313867,940.19,757.59,182.6,147.58,2024-09-10
2025-12-11,ORD-103057,C-4916,APAC,Paid Search,Enterprise,Audio,Echo Buds,6,79,0.03131386861313868,459.16,341.29,117.87,72.07,2023-02-14
2025-12-12,ORD-103058,C-4914,EMEA,Paid Search,Consumer,Wearables,Nimbus Ring,3,245,0.03142335766423358,711.9,536.46,175.44,111.86,2024-03-30
2025-12-12,ORD-103059,C-4727,North America,Paid Search,Consumer,Home,Beacon Lamp,2,192,0.14142335766423358,329.69,288.66,41.03,51.81,2024-01-25
2025-12-12,ORD-103060,C-4356,EMEA,Email,Consumer,Accessories,Flux Cable,3,93,0.08,256.68,171.28,85.4,26.92,2024-04-18
2025-12-12,ORD-103061,C-4482,North America,Organic,Consumer,Wearables,Nimbus Ring,1,245,0,245,178.82,66.18,0,2024-12-22
2025-12-12,ORD-103062,C-4437,North America,Social,SMB,Home,Nest Sensor,3,64,0,192,102.83,89.17,20.93,2025-03-12
2025-12-12,ORD-103063,C-4216,APAC,Email,Enterprise,Home,Vista Hub,4,214,0,856,606.07,249.93,54.23,2024-03-29
2025-12-13,ORD-103064,C-4266,EMEA,Paid Search,Consumer,Accessories,Shield Case,2,204,0.031532846715328466,395.13,275.78,119.35,62.15,2023-09-06
2025-12-13,ORD-103065,C-4587,North America,Social,Consumer,Wearables,Pulse Band,1,105,0.12,92.4,56.39,36.01,7.54,2023-04-25
2025-12-13,ORD-103066,C-4476,EMEA,Affiliate,Consumer,Accessories,Flux Cable,3,93,0,279,171.28,107.72,29.16,2023-02-07
2025-12-13,ORD-103067,C-4425,APAC,Email,Enterprise,Accessories,Flux Cable,3,93,0.02,273.42,171.28,102.14,28.55,2023-11-18
2025-12-13,ORD-103068,C-4543,North America,Email,Consumer,Audio,Echo Buds,3,79,0,237,170.65,66.35,25.66,2025-04-17
2025-12-13,ORD-103069,C-4952,EMEA,Paid Search,Enterprise,Accessories,Shield Case,8,204,0.16153284671532847,1368.38,1103.12,265.26,215.25,2024-06-24
2025-12-13,ORD-103070,C-4815,APAC,Paid Search,Enterprise,Wearables,Pulse Band,7,105,0.12153284671532846,645.67,394.73,250.94,101.56,2024-06-07
2025-12-13,ORD-103071,C-4358,EMEA,Paid Search,SMB,Wearables,Aura Watch,1,329,0.14715328467153285,280.59,191.98,88.61,44.14,2024-07-12
2025-12-14,ORD-103072,C-4642,North America,Affiliate,Consumer,Accessories,Shield Case,3,204,0.02,599.76,413.67,186.09,61.52,2023-03-08
2025-12-14,ORD-103073,C-4392,EMEA,Paid Search,Consumer,Home,Nest Sensor,3,64,0.15164233576642336,162.88,102.83,60.05,25.65,2025-07-06
2025-12-14,ORD-103074,C-4829,North America,Affiliate,Enterprise,Accessories,Orbit Dock,8,208,0,1664,959.73,704.27,118.06,2023-04-08
2025-12-14,ORD-103075,C-4460,EMEA,Affiliate,Enterprise,Audio,Halo Headset,2,125,0,250,145.24,104.76,17.83,2025-05-26
2025-12-14,ORD-103076,C-4737,EMEA,Social,Enterprise,Accessories,Orbit Dock,1,208,0.12,183.04,119.97,63.07,18.63,2023-04-18
2025-12-14,ORD-103077,C-4592,APAC,Paid Search,Enterprise,Accessories,Orbit Dock,5,208,0.031642335766423356,1007.09,599.83,407.26,158.58,2025-02-10
2025-12-14,ORD-103078,C-4916,APAC,Social,SMB,Wearables,Aura Watch,3,329,0.12602189781021897,862.62,576.06,286.56,59.5,2023-08-09
2025-12-14,ORD-103079,C-4434,EMEA,Organic,Consumer,Wearables,Nimbus Ring,3,245,0,735,536.46,198.54,0,2023-02-01
2025-12-14,ORD-103080,C-4646,EMEA,Organic,SMB,Accessories,Flux Cable,2,93,0,186,114.19,71.81,0,2023-11-20
2025-12-14,ORD-103081,C-4451,North America,Email,Enterprise,Audio,Halo Headset,5,125,0.13,543.75,363.11,180.64,44.7,2024-12-10
2025-12-14,ORD-103082,C-4577,North America,Social,Enterprise,Wearables,Nimbus Ring,9,245,0,2205,1609.39,595.61,164.44,2024-04-10
2025-12-14,ORD-103083,C-4473,EMEA,Social,SMB,Audio,Halo Headset,1,125,0.11,111.25,72.62,38.63,10.01,2023-06-21
2025-12-14,ORD-103084,C-4300,APAC,Paid Search,SMB,Home,Beacon Lamp,1,192,0.031642335766423356,185.92,144.33,41.59,29.28,2025-08-23
2025-12-14,ORD-103085,C-4919,North America,Social,Consumer,Home,Vista Hub,3,214,0.01,635.58,454.55,181.03,41.19,2024-10-01
2025-12-14,ORD-103086,C-4417,APAC,Affiliate,SMB,Home,Vista Hub,2,214,0,428,303.03,124.97,34.69,2024-04-19
2025-12-15,ORD-103087,C-4616,APAC,Email,Consumer,Home,Nest Sensor,1,64,0.11,56.96,34.28,22.68,4.06,2023-08-10
2025-12-15,ORD-103088,C-4905,North America,Affiliate,Enterprise,Home,Nest Sensor,2,64,0.05,121.6,68.56,53.04,11.55,2025-05-29
2025-12-15,ORD-103089,C-4535,North America,Organic,SMB,Audio,Halo Headset,1,125,0,125,72.62,52.38,0,2023-06-01
2025-12-15,ORD-103090,C-4613,APAC,Organic,Consumer,Audio,Halo Headset,2,125,0,250,145.24,104.76,0,2025-08-15
2025-12-15,ORD-103091,C-4667,North America,Organic,Enterprise,Home,Nest Sensor,8,64,0.07,476.16,274.22,201.94,0,2024-07-27
2025-12-15,ORD-103092,,APAC,Social,Enterprise,Wearables,Aura Watch,9,329,0.11642335766423358,2616.27,1728.57,887.7,197.78,2024-03-15
2025-12-15,ORD-103093,C-4323,APAC,Affiliate,Consumer,Wearables,Aura Watch,3,329,0.11642335766423358,872.09,576.19,295.9,74.84,2023-02-13
2025-12-15,ORD-103094,C-4120,EMEA,Organic,SMB,Accessories,Shield Case,2,204,0,408,275.78,132.22,0,2024-07-07
2025-12-15,ORD-103095,C-4667,APAC,Affiliate,Consumer,Audio,Halo Headset,1,125,0,125,72.62,52.38,9.66,2025-02-25
2025-12-15,ORD-103096,C-4461,North America,Paid Search,SMB,Home,Beacon Lamp,1,192,0.031751824817518245,185.9,144.33,41.57,29.3,2023-08-05
2025-12-15,ORD-103097,C-4612,EMEA,Social,Enterprise,Accessories,Orbit Dock,5,208,0,1040,599.83,440.17,94.94,2024-03-18
2025-12-15,ORD-103098,C-4199,APAC,Social,SMB,Audio,Echo Buds,3,79,0.15,201.45,170.65,30.8,15.32,2025-09-23
2025-12-15,ORD-103099,C-4980,EMEA,Affiliate,SMB,Wearables,Aura Watch,2,329,0.11642335766423358,581.39,384.13,197.26,48.35,2023-09-07
2025-12-15,ORD-103100,C-4613,North America,Email,SMB,Home,Nest Sensor,3,64,0,192,102.83,89.17,14.08,2023-04-03
2025-12-15,ORD-103101,C-4165,EMEA,Paid Search,SMB,Accessories,Shield Case,3,204,0.17175182481751827,506.89,413.67,93.22,79.9,2024-07-24
2025-12-16,ORD-103102,C-4465,North America,Email,Consumer,Accessories,Orbit Dock,2,208,0.1,374.4,239.93,134.47,35.32,2023-10-22
2025-12-16,ORD-103103,C-4696,EMEA,Paid Search,Enterprise,Audio,Halo Headset,6,125,0.03186131386861314,726.1,435.73,290.37,114.57,2024-04-30
2025-12-16,ORD-103104,C-4613,APAC,Email,Enterprise,Home,Nest Sensor,7,64,0.1,403.2,239.95,163.25,26,2023-06-07
2025-12-16,ORD-103105,C-4392,APAC,Organic,Enterprise,Audio,Echo Buds,7,79,0,553,398.17,154.83,0,2025-03-06
2025-12-16,ORD-103106,C-4169,EMEA,Affiliate,Consumer,Audio,Echo Buds,3,79,0.01,234.63,170.65,63.98,19.84,2024-05-02
2025-12-16,ORD-103107,C-4888,North America,Affiliate,SMB,Accessories,Flux Cable,3,93,0.02,273.42,171.28,102.14,17.52,2023-02-18
2025-12-16,ORD-103108,C-4482,EMEA,Paid Search,Enterprise,Home,Nest Sensor,8,64,0.03186131386861314,495.69,274.22,221.47,78.22,2023-08-06
2025-12-16,ORD-103109,C-4608,APAC,Organic,SMB,Home,Beacon Lamp,3,192,0,576,432.99,143.01,0,2023-05-24
2025-12-16,ORD-103110,C-4227,APAC,Organic,Enterprise,Audio,Halo Headset,3,125,0.05,356.25,217.87,138.38,0,2025-09-22
2025-12-16,ORD-103111,C-4972,North America,Organic,Consumer,Audio,Halo Headset,2,125,0.05,237.5,145.24,92.26,0,2024-08-08
2025-12-16,ORD-103112,C-4897,North America,Organic,SMB,Audio,Halo Headset,1,125,0,125,72.62,52.38,0,2025-07-08
2025-12-16,ORD-103113,C-4772,APAC,Paid Search,SMB,Home,Vista Hub,2,214,0.03186131386861314,414.36,303.03,111.33,65.38,2024-04-26
2025-12-16,ORD-103114,C-4262,EMEA,Paid Search,SMB,Home,Vista Hub,3,214,0.10186131386861315,576.61,454.55,122.06,90.98,2024-09-13
2025-12-16,ORD-103115,C-4468,EMEA,,Consumer,Accessories,Shield Case,2,204,0.05,387.6,275.78,111.82,25.22,2025-03-11
2025-12-17,ORD-103116,C-4453,North America,Paid Search,SMB,Wearables,Nimbus Ring,2,245,0.18197080291970802,400.83,357.64,43.19,63.31,2025-05-22
2025-12-17,ORD-103117,C-4882,APAC,Email,Enterprise,Audio,Echo Buds,6,79,0,474,341.29,132.71,49.62,2024-01-06
2025-12-17,ORD-103118,C-4455,North America,Email,Enterprise,Home,Beacon Lamp,6,192,0,1152,865.98,286.02,120.03,2023-04-01
2025-12-17,ORD-103119,C-4507,APAC,Paid Search,Enterprise,Audio,Echo Buds,1,79,0.03197080291970803,76.47,56.88,19.59,12.08,2023-01-19
2025-12-17,ORD-103120,C-4149,APAC,Affiliate,SMB,Home,Vista Hub,1,214,0.02,209.72,151.52,58.2,21.63,2024-05-23
2025-12-17,ORD-103121,C-4936,EMEA,Paid Search,Consumer,Wearables,Nimbus Ring,1,245,0.13197080291970803,212.67,178.82,33.85,33.59,2024-01-19
2025-12-17,ORD-103122,C-4618,APAC,Paid Search,Consumer,Wearables,Nimbus Ring,2,245,0.03197080291970803,474.33,357.64,116.69,74.92,2024-11-21
2025-12-17,ORD-103123,C-4833,North America,Email,Consumer,Accessories,Flux Cable,3,93,0,279,171.28,107.72,24.38,2025-07-10
2025-12-17,ORD-103124,C-4646,EMEA,Affiliate,Enterprise,Wearables,Aura Watch,3,329,0.11722627737226278,871.3,576.47,294.83,56.32,2024-06-13
2025-12-17,ORD-103125,C-4162,North America,Affiliate,Enterprise,Wearables,Aura Watch,5,329,0.11722627737226278,1452.16,960.78,491.38,133.86,2024-03-23
2025-12-17,ORD-103126,C-4809,APAC,Organic,SMB,Audio,Halo Headset,2,125,0,250,145.24,104.76,0,2025-06-08
2025-12-17,ORD-103127,C-4809,EMEA,Affiliate,Enterprise,Accessories,Shield Case,7,204,0.04,1370.88,965.23,405.65,140.3,2023-04-30
2025-12-17,ORD-103128,C-4802,EMEA,Organic,Enterprise,Home,Nest Sensor,6,64,0,384,205.67,178.33,0,2024-06-21
2025-12-18,ORD-103129,C-4110,EMEA,Email,Consumer,Home,Beacon Lamp,2,192,0,384,288.66,95.34,30.77,2023-06-24
2025-12-18,ORD-103130,C-4826,North America,Affiliate,SMB,Accessories,Orbit Dock,3,208,0,624,359.9,264.1,41.35,2025-05-05
2025-12-18,ORD-103131,C-4714,EMEA,Organic,Enterprise,Home,Nest Sensor,9,64,0.03,558.72,308.5,250.22,0,2023-09-05
2025-12-18,ORD-103132,C-4969,EMEA,Affiliate,SMB,Wearables,Pulse Band,3,105,0,315,169.17,145.83,28.03,2023-10-25
2025-12-18,ORD-103133,C-4846,EMEA,Email,Enterprise,Home,Vista Hub,8,214,0.11,1523.68,1212.14,311.54,97.1,2025-09-18
2025-12-18,ORD-103134,C-4315,APAC,Email,SMB,Home,Vista Hub,3,214,0.12,564.96,454.55,110.41,59.24,2023-06-25
2025-12-18,ORD-103135,C-4561,APAC,Paid Search,Consumer,Wearables,Pulse Band,3,105,0.03208029197080292,304.89,169.17,135.72,48.21,2023-04-07
2025-12-18,ORD-103136,C-4764,APAC,Email,Consumer,Accessories,Orbit Dock,3,208,0.08,574.08,359.9,214.18,45.9,2023-09-02
2025-12-18,ORD-103137,C-4636,North America,Email,Consumer,Home,Vista Hub,2,214,0,428,303.03,124.97,46.09,2023-04-20
2025-12-18,ORD-103138,C-4471,EMEA,Email,SMB,Accessories,Flux Cable,2,93,0,186,114.19,71.81,16.87,2024-05-30
2025-12-18,ORD-103139,C-4437,EMEA,Email,Enterprise,Audio,Echo Buds,8,79,0,632,455.05,176.95,44.63,2025-05-22
2025-12-18,ORD-103140,C-4307,North America,Email,Enterprise,Audio,Halo Headset,7,125,0.07,813.75,508.35,305.4,83.14,2024-06-25
2025-12-18,ORD-103141,C-4930,APAC,Organic,Enterprise,Accessories,Shield Case,7,204,0,1428,965.23,462.77,0,2023-12-07
2025-12-19,ORD-103142,C-4766,EMEA,Affiliate,Consumer,Home,Beacon Lamp,1,192,0,192,144.33,47.67,18.61,2023-08-13
2025-12-19,ORD-103143,C-4876,APAC,Email,Enterprise,Wearables,Aura Watch,7,329,0.11802919708029196,2031.18,1345.73,685.45,213.59,2025-01-07
2025-12-19,ORD-103144,C-4175,EMEA,,Enterprise,Home,Vista Hub,4,214,0,856,606.07,249.93,66.18,2025-07-17
2025-12-19,ORD-103145,C-4420,APAC,Organic,Enterprise,Wearables,Aura Watch,9,329,0.11802919708029196,2611.52,1730.22,881.3,0,2025-01-30
2025-12-19,ORD-103146,C-4869,EMEA,Social,Enterprise,Home,Beacon Lamp,6,192,0,1152,865.98,286.02,113.16,2024-12-01
2025-12-19,ORD-103147,C-4680,North America,Organic,Enterprise,Audio,Echo Buds,6,79,0.11,421.86,341.29,80.57,0,2025-01-17
2025-12-19,ORD-103148,C-4250,APAC,Organic,Enterprise,Wearables,Nimbus Ring,4,245,0.12,862.4,715.28,147.12,0,2024-09-26
2025-12-19,ORD-103149,C-4566,APAC,Social,SMB,Home,Vista Hub,3,214,0.01,635.58,454.55,181.03,57.19,2024-03-31
2025-12-19,ORD-103150,C-4490,North America,Paid Search,Enterprise,Accessories,Flux Cable,4,93,0.032189781021897804,360.03,228.38,131.65,56.99,2023-05-04
2025-12-20,ORD-103151,C-4445,EMEA,Email,Enterprise,Accessories,Flux Cable,4,93,0.02,364.56,228.38,136.18,36.85,2023-04-06
2025-12-20,ORD-103152,C-4451,APAC,Organic,Enterprise,Audio,Echo Buds,7,79,0,553,398.17,154.83,0,2025-05-02
2025-12-20,ORD-103153,C-4923,North America,Organic,Enterprise,Home,Beacon Lamp,4,192,0,768,577.32,190.68,0,2025-03-17
2025-12-20,ORD-103154,C-4406,APAC,Email,Consumer,Home,Nest Sensor,2,64,0.11,113.92,68.56,45.36,9.6,2024-06-20
2025-12-20,ORD-103155,C-4100,North America,Organic,Consumer,Wearables,Pulse Band,2,105,0.11,186.9,112.78,74.12,0,2024-03-20
2025-12-20,ORD-103156,C-4391,North America,Email,SMB,Wearables,Aura Watch,3,329,0.11843065693430657,870.11,576.88,293.23,58.3,2023-02-22
2025-12-20,ORD-103157,C-4601,APAC,Organic,SMB,Wearables,Nimbus Ring,1,245,0.05,232.75,178.82,53.93,0,2024-01-12
2025-12-20,ORD-103158,C-4262,APAC,Organic,Enterprise,Audio,Echo Buds,2,79,0,158,113.76,44.24,0,2025-08-26
2025-12-20,ORD-103159,C-4246,North America,Email,Consumer,Accessories,Shield Case,3,204,0,612,413.67,198.33,60.14,2025-06-30
2025-12-21,ORD-103160,C-4845,EMEA,Organic,Consumer,Audio,Echo Buds,2,79,0,158,113.76,44.24,0,2024-07-30
2025-12-21,ORD-103161,C-4521,APAC,Email,SMB,Wearables,Pulse Band,2,105,0.13,182.7,112.78,69.92,11.16,2023-10-11
2025-12-21,ORD-103162,C-4578,North America,Social,SMB,Wearables,Nimbus Ring,3,245,0.12,646.8,536.46,110.34,51.24,2023-09-24
2025-12-21,ORD-103163,C-4948,APAC,Organic,SMB,Audio,Echo Buds,1,79,0,79,56.88,22.12,0,2024-08-15
2025-12-21,ORD-103164,C-4772,EMEA,Paid Search,SMB,Audio,Halo Headset,1,125,0.03240875912408759,120.95,72.62,48.33,19.18,2024-03-10
2025-12-21,ORD-103165,C-4564,EMEA,Paid Search,SMB,Accessories,Shield Case,1,204,0.03240875912408759,197.39,137.89,59.5,31.31,2024-05-13
2025-12-21,ORD-103166,C-4281,APAC,Affiliate,SMB,Home,Nest Sensor,1,64,0,64,34.28,29.72,3.93,2024-10-06
2025-12-21,ORD-103167,C-4645,APAC,Affiliate,Enterprise,Home,Nest Sensor,8,64,0.02,501.76,274.22,227.54,30.39,2025-03-14
2025-12-21,ORD-103168,C-4475,EMEA,Affiliate,SMB,Home,Beacon Lamp,2,192,0,384,288.66,95.34,28.94,2025-02-28
2025-12-21,ORD-103169,C-4895,North America,Paid Search,SMB,Wearables,Pulse Band,1,105,0.09240875912408758,95.3,56.39,38.91,15.12,2023-06-03
2025-12-21,ORD-103170,,APAC,Affiliate,Consumer,Wearables,Nimbus Ring,3,245,0,735,536.46,198.54,61.53,2024-12-23
2025-12-21,ORD-103171,C-4840,APAC,Email,SMB,Accessories,Orbit Dock,3,208,0,624,359.9,264.1,56.71,2023-01-30
2025-12-22,ORD-103172,C-4981,North America,Paid Search,Consumer,Audio,Echo Buds,1,79,0.16251824817518248,66.16,56.88,9.28,10.5,2023-09-13
2025-12-22,ORD-103173,C-4141,APAC,Email,Consumer,Accessories,Flux Cable,1,93,0,93,57.09,35.91,5.97,2024-07-17
2025-12-22,ORD-103174,C-4480,APAC,Email,Consumer,Home,Beacon Lamp,2,192,0.06,360.96,288.66,72.3,30.56,2024-04-15
2025-12-22,ORD-103175,C-4912,APAC,Email,Enterprise,Audio,Halo Headset,5,125,0,625,363.11,261.89,59.29,2024-10-24
2025-12-22,ORD-103176,C-4224,North America,Email,Consumer,Wearables,Aura Watch,1,329,0.11923357664233576,289.77,192.39,97.38,28.94,2023-01-19
2025-12-22,ORD-103177,C-4787,EMEA,Email,Consumer,Home,Nest Sensor,3,64,0.05,182.4,102.83,79.57,17.58,2024-05-25
2025-12-22,ORD-103178,C-4159,EMEA,Social,SMB,Accessories,Shield Case,1,204,0.02,199.92,137.89,62.03,12.48,2023-02-18
2025-12-22,ORD-103179,C-4614,EMEA,Email,SMB,Audio,Halo Headset,1,125,0,125,72.62,52.38,9.02,2024-08-01
2025-12-22,ORD-103180,C-4168,North America,Paid Search,Enterprise,Accessories,Flux Cable,5,93,0.03251824817518248,449.88,285.47,164.41,71.43,2023-01-25
2025-12-22,ORD-103181,C-4166,APAC,Affiliate,Consumer,Wearables,Aura Watch,2,329,0.11923357664233576,579.54,384.77,194.77,47.58,2024-10-22
2025-12-22,ORD-103182,C-4684,EMEA,Social,Enterprise,Home,Beacon Lamp,6,192,0.14,990.72,865.98,124.74,97.44,2023-04-11
2025-12-22,ORD-103183,C-4777,EMEA,Email,Consumer,Wearables,Pulse Band,2,105,0,210,112.78,97.22,16.84,2025-03-28
2025-12-22,ORD-103184,C-4823,EMEA,Paid Search,SMB,Accessories,Shield Case,3,204,0.08251824817518248,561.5,413.67,147.83,89.15,2025-02-15
2025-12-22,ORD-103185,C-4638,EMEA,Email,Consumer,Home,Vista Hub,3,214,0.06,603.48,454.55,148.93,36.45,2024-01-07
2025-12-22,ORD-103186,C-4303,APAC,Affiliate,Consumer,Home,Beacon Lamp,3,192,0,576,432.99,143.01,62.78,2024-10-03
2025-12-22,ORD-103187,C-4673,APAC,Paid Search,SMB,Wearables,Nimbus Ring,1,245,0.16251824817518248,205.18,178.82,26.36,32.58,2023-04-02
2025-12-22,ORD-103188,C-4128,EMEA,Social,SMB,Wearables,Nimbus Ring,1,245,0.08,225.4,178.82,46.58,17.63,2024-07-13
2025-12-23,ORD-103189,C-4242,APAC,Social,SMB,Wearables,Aura Watch,3,329,0.18963503649635036,799.83,577.29,222.54,87.12,2024-07-12
2025-12-23,ORD-103190,C-4250,EMEA,Organic,Consumer,Accessories,Shield Case,3,204,0.07,569.16,413.67,155.49,0,2024-05-22
2025-12-23,ORD-103191,C-4837,North America,Affiliate,SMB,Wearables,Nimbus Ring,2,245,0.12,431.2,357.64,73.56,26.74,2023-03-27
2025-12-23,ORD-103192,C-4605,EMEA,Social,SMB,Wearables,Nimbus Ring,2,245,0.1,441,357.64,83.36,31.54,2023-03-14
2025-12-23,ORD-103193,C-4202,EMEA,Email,Enterprise,Audio,Halo Headset,3,125,0,375,217.87,157.13,38.31,2023-03-05
2025-12-23,ORD-103194,C-4267,EMEA,Social,Consumer,Home,Nest Sensor,3,64,0.14,165.12,102.83,62.29,9.93,2025-08-20
2025-12-23,ORD-103195,C-4797,EMEA,Email,Consumer,Wearables,Aura Watch,3,329,0.11963503649635035,868.92,577.29,291.63,61.18,2023-02-13
2025-12-23,ORD-103196,C-4825,North America,Organic,Consumer,Home,Beacon Lamp,2,192,0,384,288.66,95.34,0,2024-12-29
2025-12-23,ORD-103197,C-4588,APAC,Paid Search,SMB,Home,Vista Hub,1,214,0.03262773722627737,207.02,151.52,55.5,32.9,2024-10-26
2025-12-23,ORD-103198,C-4925,North America,Organic,Enterprise,Accessories,Shield Case,3,204,0,612,413.67,198.33,0,2024-02-16
2025-12-23,ORD-103199,C-4598,APAC,Email,Consumer,Wearables,Nimbus Ring,1,245,0.12,215.6,178.82,36.78,17.3,2024-01-03
2025-12-23,ORD-103200,C-4874,APAC,Affiliate,SMB,Accessories,Flux Cable,2,93,0.12,163.68,114.19,49.49,11.49,2024-09-29
2025-12-23,ORD-103201,C-4212,APAC,Social,Consumer,Wearables,Aura Watch,2,329,0.11963503649635035,579.28,384.86,194.42,38.51,2025-06-26
2025-12-24,ORD-103202,C-4949,EMEA,Email,SMB,Audio,Echo Buds,3,79,0,237,170.65,66.35,25.71,2025-08-01
2025-12-24,ORD-103203,C-4381,North America,Email,Enterprise,Accessories,Shield Case,1,204,0,204,137.89,66.11,15.28,2023-03-21
2025-12-24,ORD-103204,C-4302,North America,Paid Search,Consumer,Accessories,Orbit Dock,2,208,0.05273722627737226,394.06,239.93,154.13,62.7,2023-05-01
2025-12-24,ORD-103205,C-4172,EMEA,Social,SMB,Home,Beacon Lamp,3,192,0.06,541.44,432.99,108.45,52.57,2024-03-31
2025-12-24,ORD-103206,C-4283,North America,Email,Enterprise,Home,Nest Sensor,5,64,0,320,171.39,148.61,20.48,2024-02-03
2025-12-24,ORD-103207,C-4230,North America,Affiliate,Enterprise,Accessories,Flux Cable,5,93,0.13,404.55,285.47,119.08,24.66,2023-01-15
2025-12-24,ORD-103208,C-4638,North America,Affiliate,Consumer,Home,Vista Hub,3,214,0,642,454.55,187.45,43.04,2023-08-24
2025-12-24,ORD-103209,C-4737,EMEA,Email,SMB,Wearables,Aura Watch,3,329,0.19003649635036496,799.43,577.43,222,82.36,2024-12-02
2025-12-24,ORD-103210,C-4505,North America,Email,Consumer,Home,Nest Sensor,3,64,0.12,168.96,102.83,66.13,16.64,2025-09-07
2025-12-24,ORD-103211,C-4306,North America,Organic,Consumer,Accessories,Shield Case,1,204,0,204,137.89,66.11,0,2023-10-09
2025-12-24,ORD-103212,C-4383,APAC,Social,SMB,Accessories,Orbit Dock,2,208,0,416,239.93,176.07,34.53,2024-05-06
2025-12-24,ORD-103213,C-4455,North America,Paid Search,SMB,Accessories,Shield Case,1,204,0.032737226277372265,197.32,137.89,59.43,31.39,2024-05-11
2025-12-25,ORD-103214,C-4105,APAC,Paid Search,Consumer,Audio,Echo Buds,3,79,0.032846715328467155,229.22,170.65,58.57,36.51,2025-09-10
2025-12-25,ORD-103215,C-4818,APAC,Affiliate,SMB,Home,Vista Hub,1,214,0,214,151.52,62.48,12.91,2023-05-08
2025-12-25,ORD-103216,C-4730,APAC,Organic,Enterprise,Wearables,Aura Watch,8,329,0.12043795620437957,2315.01,1540.16,774.85,0,2024-02-22
2025-12-25,ORD-103217,C-4640,North America,Paid Search,SMB,Audio,Echo Buds,2,79,0.032846715328467155,152.81,113.76,39.05,24.34,2024-11-22
2025-12-25,ORD-103218,C-4933,EMEA,Social,SMB,Audio,Echo Buds,1,79,0.14,67.94,56.88,11.06,6.83,2024-10-31
2025-12-25,ORD-103219,C-4600,EMEA,Email,Enterprise,Home,Vista Hub,1,214,0,214,151.52,62.48,17.9,2024-08-26
2025-12-25,ORD-103220,C-4260,North America,Social,Enterprise,Audio,Echo Buds,2,79,0.04,151.68,113.76,37.92,14.47,2024-05-15
2025-12-25,ORD-103221,C-4852,North America,Paid Search,Consumer,Wearables,Aura Watch,1,329,0.15328467153284672,278.57,192.53,86.04,44.37,2023-05-06
2025-12-25,ORD-103222,C-4459,North America,Social,Consumer,Audio,Echo Buds,2,79,0,158,113.76,44.24,14.41,2025-03-28
2025-12-25,ORD-103223,C-4305,North America,Organic,Consumer,Accessories,Shield Case,1,204,0.1,183.6,137.89,45.71,0,2023-07-01
2025-12-25,ORD-103224,C-4172,EMEA,Email,Enterprise,Home,Beacon Lamp,7,192,0,1344,1010.32,333.68,123.7,2025-01-21
2025-12-25,ORD-103225,C-4521,North America,Paid Search,Consumer,Audio,Echo Buds,2,79,0.09284671532846715,143.33,113.76,29.57,22.83,2023-02-24
2025-12-25,ORD-103226,C-4430,EMEA,Email,SMB,Accessories,Shield Case,1,204,0.05,193.8,137.89,55.91,14.49,2023-02-01
2025-12-26,ORD-103227,C-4471,APAC,Email,Consumer,Home,Vista Hub,3,214,0.05,609.9,454.55,155.35,55.95,2023-12-15
2025-12-26,ORD-103228,C-4832,North America,Affiliate,SMB,Wearables,Aura Watch,3,329,0.17083941605839414,818.38,577.7,240.68,56.64,2025-02-25
2025-12-26,ORD-103229,C-4804,EMEA,Organic,Enterprise,Audio,Halo Headset,7,125,0,875,508.35,366.65,0,2024-11-21
2025-12-26,ORD-103230,C-4763,APAC,Affiliate,Enterprise,Home,Beacon Lamp,5,192,0,960,721.65,238.35,102.13,2023-09-25
2025-12-26,ORD-103231,C-4610,EMEA,Social,Consumer,Audio,Halo Headset,1,125,0,125,72.62,52.38,10.78,2024-02-28
2025-12-26,ORD-103232,C-4932,North America,Organic,Consumer,Audio,Echo Buds,1,79,0,79,56.88,22.12,0,2024-05-16
2025-12-26,ORD-103233,C-4342,APAC,Organic,Consumer,Wearables,Pulse Band,1,105,0,105,56.39,48.61,0,2024-01-14
2025-12-26,ORD-103234,C-4167,APAC,Organic,Enterprise,Home,Beacon Lamp,4,192,0.08,706.56,577.32,129.24,0,2024-01-01
2025-12-26,ORD-103235,C-4512,EMEA,Paid Search,SMB,Accessories,Orbit Dock,2,208,0.03295620437956204,402.29,239.93,162.36,64.14,2024-11-14
2025-12-27,ORD-103236,C-4157,North America,Social,SMB,Home,Nest Sensor,2,64,0,128,68.56,59.44,12.4,2025-02-05
2025-12-27,ORD-103237,C-4749,North America,Affiliate,Consumer,Accessories,Orbit Dock,1,208,0,208,119.97,88.03,22.55,2024-07-17
2025-12-27,ORD-103238,C-4973,EMEA,Email,SMB,Home,Nest Sensor,2,64,0.09,116.48,68.56,47.92,7.52,2024-03-22
2025-12-27,ORD-103239,C-4731,APAC,Organic,Consumer,Audio,Halo Headset,1,125,0,125,72.62,52.38,0,2024-06-14
2025-12-27,ORD-103240,C-4509,EMEA,Organic,Enterprise,Home,Nest Sensor,4,64,0.02,250.88,137.11,113.77,0,2023-01-19
2025-12-27,ORD-103241,C-4219,North America,Affiliate,Consumer,Audio,Halo Headset,1,125,0.02,122.5,72.62,49.88,9.34,2023-10-15
2025-12-27,ORD-103242,C-4630,North America,Email,Consumer,Wearables,Aura Watch,1,329,0.16124087591240877,275.95,192.62,83.33,22.46,2024-02-01
2025-12-27,ORD-103243,C-4728,EMEA,Email,Enterprise,Audio,Halo Headset,8,125,0,1000,580.98,419.02,87.01,2023-03-24
2025-12-27,ORD-103244,C-4371,APAC,Email,Consumer,Wearables,Aura Watch,2,329,0.12124087591240877,578.22,385.22,193,42.33,2025-09-23
2025-12-27,ORD-103245,C-4145,North America,Affiliate,SMB,Home,Beacon Lamp,3,192,0,576,432.99,143.01,38.41,2025-03-22
2025-12-27,ORD-103246,C-4749,EMEA,Social,Enterprise,Wearables,Pulse Band,9,105,0.15,803.25,507.51,295.74,71.21,2024-03-04
2025-12-28,ORD-103247,C-4836,North America,Paid Search,Consumer,Home,Nest Sensor,1,64,0.03317518248175182,61.88,34.28,27.6,9.89,2023-05-26
2025-12-28,ORD-103248,C-4708,North America,Affiliate,Consumer,Accessories,Orbit Dock,1,208,0,208,119.97,88.03,19.75,2025-07-30
2025-12-28,ORD-103249,C-4730,EMEA,Email,Enterprise,Wearables,Nimbus Ring,8,245,0.02,1920.8,1430.56,490.24,202.62,2025-03-18
2025-12-28,ORD-103250,C-4964,APAC,Email,Consumer,Accessories,Shield Case,2,204,0.01,403.92,275.78,128.14,43.5,2024-01-08
2025-12-28,ORD-103251,C-4340,EMEA,Paid Search,Consumer,Wearables,Aura Watch,1,329,0.1648175182481752,274.78,192.66,82.12,43.9,2023-07-20
2025-12-28,ORD-103252,C-4746,North America,Email,Consumer,Accessories,Orbit Dock,1,208,0,208,119.97,88.03,20.8,2024-11-11
2025-12-28,ORD-103253,C-4236,EMEA,Email,SMB,Home,Nest Sensor,2,64,0,128,68.56,59.44,12.46,2023-05-03
2025-12-28,ORD-103254,C-4460,APAC,Email,SMB,Audio,Halo Headset,3,125,0.06,352.5,217.87,134.63,31.67,2023-04-05
2025-12-28,ORD-103255,C-4446,North America,Affiliate,SMB,Accessories,Flux Cable,3,93,0,279,171.28,107.72,29.17,2023-01-22
2025-12-28,ORD-103256,C-4707,EMEA,Organic,Consumer,Wearables,Nimbus Ring,2,245,0.03,475.3,357.64,117.66,0,2023-10-09
2025-12-28,ORD-103257,C-4746,EMEA,Email,Consumer,Accessories,Flux Cable,1,93,0.08,85.56,57.09,28.47,5.21,2025-05-26
2025-12-28,ORD-103258,C-4741,North America,Email,Consumer,Home,Nest Sensor,2,64,0,128,68.56,59.44,9.57,2024-12-03
2025-12-28,ORD-103259,C-4233,EMEA,Affiliate,SMB,Accessories,Orbit Dock,1,208,0,208,119.97,88.03,16.09,2025-01-23
2025-12-28,ORD-103260,C-4199,EMEA,Affiliate,Enterprise,Wearables,Pulse Band,7,105,0,735,394.73,340.27,50.45,2024-11-29
2025-12-28,ORD-103261,C-4734,North America,Paid Search,Consumer,Wearables,Pulse Band,3,105,0.03317518248175182,304.55,169.17,135.38,48.66,2024-04-04
2025-12-28,ORD-103262,C-4706,EMEA,Social,SMB,Accessories,Orbit Dock,2,208,0,416,239.93,176.07,27.06,2023-07-25
2025-12-28,ORD-103263,C-4592,APAC,Affiliate,Enterprise,Home,Beacon Lamp,4,192,0.05,729.6,577.32,152.28,71.09,2023-02-22
2025-12-29,ORD-103264,C-4163,North America,Organic,Enterprise,Audio,Halo Headset,5,125,0,625,363.11,261.89,0,2024-04-12
2025-12-29,ORD-103265,C-4743,EMEA,Social,SMB,Wearables,Nimbus Ring,2,245,0.01,485.1,357.64,127.46,32.93,2025-08-03
2025-12-29,ORD-103266,C-4777,North America,Social,SMB,Home,Nest Sensor,1,64,0.01,63.36,34.28,29.08,5.43,2023-07-17
2025-12-29,ORD-103267,C-4650,North America,Email,Enterprise,Home,Beacon Lamp,5,192,0,960,721.65,238.35,102.18,2023-02-08
2025-12-29,ORD-103268,C-4979,North America,Email,Consumer,Home,Vista Hub,3,214,0,642,454.55,187.45,69.39,2023-04-14
2025-12-29,ORD-103269,C-4712,EMEA,Email,Consumer,Audio,Echo Buds,2,79,0.1,142.2,113.76,28.44,9.48,2023-02-15
2025-12-29,ORD-103270,C-4956,North America,Affiliate,SMB,Audio,Echo Buds,1,79,0.11,70.31,56.88,13.43,6.95,2024-10-30
2025-12-29,ORD-103271,C-4921,North America,Social,SMB,Home,Beacon Lamp,2,192,0,384,288.66,95.34,26.4,2025-02-15
2025-12-29,ORD-103272,C-4543,APAC,Social,SMB,Audio,Halo Headset,2,125,0.05,237.5,145.24,92.26,14.52,2025-07-29
2025-12-29,ORD-103273,C-4934,North America,Email,Consumer,Accessories,Flux Cable,3,93,0,279,171.28,107.72,25.18,2024-03-04
2025-12-29,ORD-103274,C-4404,APAC,Social,Enterprise,Accessories,Shield Case,1,204,0,204,137.89,66.11,15.5,2024-11-11
2025-12-29,ORD-103275,C-4489,EMEA,Organic,Consumer,Audio,Halo Headset,3,125,0,375,217.87,157.13,0,2023-03-03
2025-12-29,ORD-103276,C-4250,North America,Affiliate,Enterprise,Wearables,Nimbus Ring,6,245,0.07,1367.1,1072.92,294.18,137.08,2024-01-12
2025-12-29,ORD-103277,C-4509,APAC,Social,Consumer,Home,Beacon Lamp,3,192,0,576,432.99,143.01,52.92,2025-01-28
2025-12-29,ORD-103278,C-4650,EMEA,Paid Search,SMB,Wearables,Pulse Band,3,105,0.10328467153284672,282.47,169.17,113.3,45.17,2024-05-26
2025-12-30,ORD-103279,C-4295,North America,Social,Consumer,Home,Nest Sensor,3,64,0,192,102.83,89.17,19.43,2025-09-19
2025-12-30,ORD-103280,C-4540,North America,Affiliate,SMB,Wearables,Pulse Band,1,105,0,105,56.39,48.61,9.17,2025-03-03
2025-12-30,ORD-103281,C-4738,APAC,Affiliate,SMB,Home,Vista Hub,2,214,0,428,303.03,124.97,39.84,2023-12-21
2025-12-30,ORD-103282,C-4693,North America,Social,SMB,Accessories,Orbit Dock,2,208,0,416,239.93,176.07,26.27,2025-06-20
2025-12-30,ORD-103283,C-4538,EMEA,Organic,SMB,Audio,Echo Buds,3,79,0.07,220.41,170.65,49.76,0,2024-01-20
2025-12-30,ORD-103284,C-4775,EMEA,Email,Consumer,Audio,Halo Headset,2,125,0.11,222.5,145.24,77.26,24.02,2023-03-09
2025-12-30,ORD-103285,C-4761,APAC,Paid Search,Consumer,Accessories,Orbit Dock,1,208,0.0333941605839416,201.05,119.97,81.08,32.19,2025-02-14
2025-12-30,ORD-103286,C-4957,APAC,Organic,Consumer,Home,Nest Sensor,1,64,0,64,34.28,29.72,0,2025-05-12
2025-12-30,ORD-103287,C-4167,APAC,Email,Consumer,Audio,Echo Buds,1,79,0.05,75.05,56.88,18.17,5.4,2023-10-25
2025-12-30,ORD-103288,C-4479,APAC,Affiliate,SMB,Wearables,Pulse Band,3,105,0,315,169.17,145.83,21.44,2025-04-29
2025-12-30,ORD-103289,C-4418,APAC,Email,Enterprise,Accessories,Orbit Dock,5,208,0.08,956.8,599.83,356.97,63.5,2025-02-05
2025-12-30,ORD-103290,C-4675,North America,Organic,SMB,Audio,Echo Buds,1,79,0.12,69.52,56.88,12.64,0,2024-05-05
2025-12-30,ORD-103291,C-4374,APAC,Affiliate,Consumer,Wearables,Nimbus Ring,3,245,0,735,536.46,198.54,62.27,2024-01-18
2025-12-31,ORD-103292,C-4703,North America,Organic,SMB,Accessories,Flux Cable,1,93,0.11,82.77,57.09,25.68,0,2023-06-29
2025-12-31,ORD-103293,C-4993,EMEA,Affiliate,Enterprise,Audio,Halo Headset,2,125,0.06,235,145.24,89.76,23.43,2024-05-21
2025-12-31,ORD-103294,C-4911,EMEA,Affiliate,Consumer,Audio,Halo Headset,2,125,0,250,145.24,104.76,21.37,2023-08-31
2025-12-31,ORD-103295,C-4342,APAC,Email,SMB,Audio,Halo Headset,1,125,0,125,72.62,52.38,12.16,2023-04-28
2025-12-31,ORD-103296,C-4981,North America,Social,Consumer,Home,Nest Sensor,3,64,0,192,102.83,89.17,13.96,2023-02-13
2025-12-31,ORD-103297,C-4375,EMEA,Paid Search,SMB,Home,Vista Hub,1,214,0.1735036496350365,176.87,151.52,25.35,28.34,2024-04-11
2025-12-31,ORD-103298,C-4974,APAC,Social,Enterprise,Accessories,Orbit Dock,7,208,0.05,1383.2,839.77,543.43,113.59,2024-08-14
2025-12-31,ORD-103299,C-4660,North America,Social,Enterprise,Home,Nest Sensor,8,64,0,512,274.22,237.78,49.07,2023-12-31
2025-12-31,ORD-103300,C-4291,North America,Organic,Consumer,Audio,Halo Headset,2,125,0.14,215,145.24,69.76,0,2024-05-10
2025-12-31,ORD-103301,C-4750,North America,Organic,Consumer,Home,Vista Hub,2,214,0.05,406.6,303.03,103.57,0,2023-02-04
2025-12-31,ORD-103302,C-4601,APAC,Social,Enterprise,Accessories,Orbit Dock,6,208,0,1248,719.8,528.2,115.08,2024-01-26
2025-12-31,ORD-103303,C-4989,North America,Affiliate,SMB,Accessories,Shield Case,2,204,0,408,275.78,132.22,35.32,2023-11-12
2025-12-31,ORD-103304,C-4784,North America,Email,Enterprise,Audio,Echo Buds,5,79,0,395,284.41,110.59,25.64,2024-10-27
2025-12-31,ORD-103305,C-4430,EMEA,Social,Enterprise,Audio,Halo Headset,5,125,0.05,593.75,363.11,230.64,47.9,2023-06-16
2025-12-31,ORD-103306,C-4731,North America,Email,Enterprise,Audio,Echo Buds,9,79,0.07,661.23,511.94,149.29,44.68,2024-05-04
2025-12-31,ORD-103307,C-4367,North America,Paid Search,Enterprise,Wearables,Pulse Band,2,105,0.1835036496350365,171.46,112.78,58.68,27.48,2023-06-15
2026-01-01,ORD-103308,C-4497,EMEA,Email,Consumer,Wearables,Aura Watch,1,329,0.12324817518248175,288.45,192.84,95.61,25.62,2025-04-07
2026-01-01,ORD-103309,C-4619,EMEA,Organic,Consumer,Home,Nest Sensor,3,64,0,192,102.83,89.17,0,2024-07-23
2026-01-01,ORD-103310,C-4850,APAC,Social,Enterprise,Home,Beacon Lamp,1,192,0,192,144.33,47.67,17.27,2023-03-07
2026-01-01,ORD-103311,C-4471,EMEA,Email,SMB,Wearables,Nimbus Ring,1,245,0.04,235.2,178.82,56.38,16.52,2023-01-19
2026-01-01,ORD-103312,C-4146,EMEA,Organic,Consumer,Home,Vista Hub,1,214,0.07,199.02,151.52,47.5,0,2023-01-31
2026-01-01,ORD-103313,C-4117,North America,Organic,Enterprise,Audio,Halo Headset,1,125,0.12,110,72.62,37.38,0,2024-05-18
2026-01-01,ORD-103314,C-4417,North America,Email,SMB,Home,Nest Sensor,2,64,0,128,68.56,59.44,10.46,2024-09-09
2026-01-01,ORD-103315,C-4406,North America,Affiliate,Consumer,Wearables,Nimbus Ring,1,245,0.03,237.65,178.82,58.83,14.74,2023-01-20
2026-01-02,ORD-103316,C-4773,EMEA,Organic,SMB,Home,Nest Sensor,2,64,0.13,111.36,68.56,42.8,0,2023-04-28
2026-01-02,ORD-103317,C-4817,EMEA,Paid Search,Consumer,Wearables,Aura Watch,1,329,0.15737226277372263,277.22,192.89,84.33,44.52,2025-02-08
2026-01-02,ORD-103318,C-4237,EMEA,Organic,Consumer,Accessories,Orbit Dock,2,208,0,416,239.93,176.07,0,2025-06-02
2026-01-02,ORD-103319,C-4372,EMEA,Organic,SMB,Home,Beacon Lamp,1,192,0,192,144.33,47.67,0,2025-09-19
2026-01-02,ORD-103320,C-4808,North America,Organic,SMB,Wearables,Aura Watch,3,329,0.24364963503649634,746.52,578.66,167.86,0,2024-10-09
2026-01-02,ORD-103321,C-4458,North America,Organic,SMB,Wearables,Aura Watch,1,329,0.14364963503649633,281.74,192.89,88.85,0,2025-06-08
2026-01-02,ORD-103322,C-4278,EMEA,Organic,Consumer,Audio,Halo Headset,1,125,0.08,115,72.62,42.38,0,2024-09-30
2026-01-02,ORD-103323,C-4612,EMEA,Affiliate,Enterprise,Home,Beacon Lamp,5,192,0.14,825.6,721.65,103.95,53.12,2023-07-19
2026-01-02,ORD-103324,C-4752,North America,Affiliate,Consumer,Audio,Halo Headset,3,125,0,375,217.87,157.13,32.81,2023-09-25
2026-01-02,ORD-103325,C-4909,APAC,Affiliate,Enterprise,Wearables,Pulse Band,5,105,0.14,451.5,281.95,169.55,46.84,2024-05-24
2026-01-02,ORD-103326,C-4430,North America,Social,Enterprise,Accessories,Shield Case,7,204,0.15,1213.8,965.23,248.57,117.48,2024-10-11
2026-01-03,ORD-103327,C-4220,North America,Paid Search,Consumer,Audio,Halo Headset,2,125,0.07383211678832116,231.54,145.24,86.3,37.22,2025-09-08
2026-01-03,ORD-103328,C-4146,EMEA,Organic,SMB,Home,Nest Sensor,1,64,0,64,34.28,29.72,0,2024-05-05
2026-01-03,ORD-103329,C-4537,APAC,Affiliate,Consumer,Accessories,Orbit Dock,1,208,0.06,195.52,119.97,75.55,12.31,2025-03-20
2026-01-03,ORD-103330,C-4603,EMEA,Organic,SMB,Home,Beacon Lamp,1,192,0,192,144.33,47.67,0,2023-08-13
2026-01-03,ORD-103331,C-4732,EMEA,Affiliate,Enterprise,Home,Nest Sensor,6,64,0,384,205.67,178.33,40.62,2023-04-06
2026-01-03,ORD-103332,C-4204,APAC,Email,SMB,Wearables,Nimbus Ring,2,245,0.01,485.1,357.64,127.46,51.05,2024-09-29
2026-01-03,ORD-103333,C-4958,North America,Affiliate,Consumer,Home,Vista Hub,3,214,0.09,584.22,454.55,129.67,62.24,2023-09-10
2026-01-03,ORD-103334,C-4143,APAC,Social,Enterprise,Home,Beacon Lamp,3,192,0.14,495.36,432.99,62.37,53.85,2024-08-09
2026-01-03,ORD-103335,C-4914,APAC,Paid Search,Consumer,Accessories,Flux Cable,3,93,0.03383211678832116,269.56,171.28,98.28,43.33,2024-02-16
2026-01-03,ORD-103336,C-4250,North America,Organic,Consumer,Audio,Halo Headset,1,125,0.03,121.25,72.62,48.63,0,2025-09-15
2026-01-04,ORD-103337,C-4598,North America,Paid Search,SMB,Wearables,Pulse Band,2,105,0.03394160583941606,202.87,112.78,90.09,32.64,2025-05-13
2026-01-04,ORD-103338,C-4137,APAC,Organic,Consumer,Home,Nest Sensor,1,64,0,64,34.28,29.72,0,2024-06-18
2026-01-04,ORD-103339,C-4183,North America,Organic,Enterprise,Accessories,Shield Case,1,204,0.04,195.84,137.89,57.95,0,2024-01-20
2026-01-04,ORD-103340,C-4772,North America,Email,SMB,Wearables,Pulse Band,1,105,0,105,56.39,48.61,7.4,2025-04-11
2026-01-04,ORD-103341,C-4346,APAC,Organic,SMB,Home,Beacon Lamp,1,192,0.01,190.08,144.33,45.75,0,2024-02-06
2026-01-04,ORD-103342,C-4406,North America,Paid Search,SMB,Wearables,Pulse Band,2,105,0.04394160583941606,200.77,112.78,87.99,32.31,2024-10-31
2026-01-04,ORD-103343,C-4661,North America,Social,Enterprise,Accessories,Orbit Dock,7,208,0.09,1324.96,839.77,485.19,96.12,2024-12-29
2026-01-04,ORD-103344,C-4202,North America,Paid Search,Enterprise,Home,Nest Sensor,4,64,0.03394160583941606,247.31,137.11,110.2,39.8,2025-07-18
2026-01-04,ORD-103345,C-4659,North America,Social,Enterprise,Wearables,Nimbus Ring,4,245,0.14,842.8,715.28,127.52,73.69,2023-03-25
2026-01-04,ORD-103346,C-4209,APAC,Paid Search,Consumer,Home,Nest Sensor,3,64,0.08394160583941607,175.88,102.83,73.05,28.3,2023-06-08
2026-01-04,ORD-103347,C-4536,North America,Organic,SMB,Home,Nest Sensor,2,64,0.02,125.44,68.56,56.88,0,2023-05-09
2026-01-04,ORD-103348,C-4323,North America,Social,Enterprise,Home,Beacon Lamp,7,192,0,1344,1010.32,333.68,119.71,2025-06-10
2026-01-04,ORD-103349,C-4476,APAC,Affiliate,SMB,Wearables,Nimbus Ring,1,245,0,245,178.82,66.18,19.31,2024-10-28
2026-01-05,ORD-103350,C-4392,EMEA,Organic,SMB,Home,Beacon Lamp,3,192,0,576,432.99,143.01,0,2024-04-12
2026-01-05,ORD-103351,C-4283,North America,,,Home,Beacon Lamp,5,192,0,960,721.65,238.35,86.68,2023-09-29
2026-01-05,ORD-103352,C-4711,North America,Organic,Enterprise,Accessories,Flux Cable,8,93,0.02,729.12,456.76,272.36,0,2023-07-27
2026-01-05,ORD-103353,C-4324,APAC,Email,SMB,Wearables,Pulse Band,3,105,0,315,169.17,145.83,32.67,2024-01-02
2026-01-05,ORD-103354,C-4902,North America,Paid Search,Consumer,Wearables,Nimbus Ring,1,245,0.14405109489051093,209.71,178.82,30.89,33.78,2025-08-29
2026-01-05,ORD-103355,C-4756,APAC,Email,SMB,Accessories,Shield Case,2,204,0,408,275.78,132.22,34.23,2025-06-30
2026-01-06,ORD-103356,C-4941,EMEA,Email,SMB,Home,Nest Sensor,1,64,0.13,55.68,34.28,21.4,4.45,2025-06-01
2026-01-06,ORD-103357,C-4973,APAC,Organic,SMB,Home,Beacon Lamp,2,192,0,384,288.66,95.34,0,2024-03-28
2026-01-06,ORD-103358,C-4385,EMEA,Paid Search,SMB,Audio,Halo Headset,2,125,0.034160583941605836,241.46,145.24,96.22,38.93,2025-06-14
2026-01-06,ORD-103359,C-4969,North America,Social,Enterprise,Wearables,Nimbus Ring,8,245,0.06,1842.4,1430.56,411.84,156.41,2025-01-27
2026-01-07,ORD-103360,C-4580,APAC,Email,Consumer,Home,Nest Sensor,1,64,0.01,63.36,34.28,29.08,4.58,2025-03-31
2026-01-07,ORD-103361,C-4945,APAC,Affiliate,Enterprise,Home,Nest Sensor,4,64,0,256,137.11,118.89,23.27,2024-12-01
2026-01-07,ORD-103362,C-4108,North America,Social,Consumer,Wearables,Aura Watch,3,329,0.16565693430656936,823.5,579.35,244.15,84.44,2023-12-31
2026-01-07,ORD-103363,C-4627,North America,Paid Search,Enterprise,Wearables,Aura Watch,1,329,0.1999270072992701,263.22,193.12,70.1,42.49,2023-12-12
2026-01-07,ORD-103364,C-4480,APAC,Email,SMB,Home,Vista Hub,2,214,0,428,303.03,124.97,37.83,2025-03-14
2026-01-07,ORD-103365,C-4931,EMEA,Organic,Enterprise,Home,Beacon Lamp,8,192,0,1536,1154.65,381.35,0,2025-03-17
2026-01-07,ORD-103366,C-4672,EMEA,Affiliate,Consumer,Accessories,Shield Case,2,204,0.14,350.88,275.78,75.1,29.77,2024-06-13
2026-01-08,ORD-103367,C-4424,APAC,Organic,Consumer,Wearables,Pulse Band,1,105,0,105,56.39,48.61,0,2024-02-08
2026-01-08,ORD-103368,C-4515,APAC,Organic,SMB,Home,Vista Hub,3,214,0,642,454.55,187.45,0,2023-02-27
2026-01-08,ORD-103369,C-4726,APAC,Affiliate,SMB,Wearables,Nimbus Ring,1,245,0.06,230.3,178.82,51.48,25.13,2023-04-08
2026-01-08,ORD-103370,C-4316,EMEA,Affiliate,Consumer,Audio,Echo Buds,2,79,0,158,113.76,44.24,12.32,2023-07-11
2026-01-08,ORD-103371,C-4164,APAC,Affiliate,Consumer,Audio,Echo Buds,1,79,0.01,78.21,56.88,21.33,6.74,2024-12-03
2026-01-08,ORD-103372,C-4790,North America,Social,Consumer,Wearables,Nimbus Ring,2,245,0.1,441,357.64,83.36,31.48,2023-06-18
2026-01-08,ORD-103373,C-4758,EMEA,Organic,SMB,Accessories,Flux Cable,2,93,0.02,182.28,114.19,68.09,0,2023-03-03
2026-01-09,ORD-103374,C-4486,EMEA,Affiliate,Enterprise,Wearables,Pulse Band,7,105,0.12,646.8,394.73,252.07,44.4,2023-04-08
2026-01-09,ORD-103375,C-4244,North America,Email,SMB,Audio,Echo Buds,1,79,0,79,56.88,22.12,4.82,2025-03-05
2026-01-09,ORD-103376,C-4672,EMEA,Paid Search,Enterprise,Home,Nest Sensor,8,64,0.03448905109489051,494.34,274.22,220.12,79.95,2024-08-22
2026-01-09,ORD-103377,C-4837,APAC,Social,Consumer,Audio,Echo Buds,2,79,0.04,151.68,113.76,37.92,10.85,2024-09-05
2026-01-09,ORD-103378,C-4511,North America,Organic,SMB,Wearables,Pulse Band,1,105,0,105,56.39,48.61,0,2024-11-15
2026-01-09,ORD-103379,C-4411,North America,Affiliate,Consumer,Accessories,Shield Case,2,204,0,408,275.78,132.22,44.48,2024-12-18
2026-01-09,ORD-103380,C-4352,APAC,Paid Search,SMB,Home,Beacon Lamp,2,192,0.1344890510948905,332.36,288.66,43.7,53.75,2025-09-18
2026-01-10,ORD-103381,C-4764,APAC,Organic,SMB,Accessories,Shield Case,2,204,0.1,367.2,275.78,91.42,0,2023-06-07
2026-01-10,ORD-103382,C-4860,APAC,Affiliate,Consumer,Audio,Halo Headset,1,125,0,125,72.62,52.38,8.87,2025-09-16
2026-01-10,ORD-103383,C-4188,EMEA,Email,Consumer,Accessories,Shield Case,3,204,0.14,526.32,413.67,112.65,54.15,2023-04-19
2026-01-10,ORD-103384,C-4199,APAC,Organic,Consumer,Accessories,Flux Cable,1,93,0,93,57.09,35.91,0,2024-02-06
2026-01-11,ORD-103385,C-4674,APAC,Social,Enterprise,Accessories,Orbit Dock,5,208,0.01,1029.6,599.83,429.77,105.21,2025-01-02
2026-01-11,ORD-103386,C-4127,EMEA,Social,Enterprise,Audio,Halo Headset,2,125,0,250,145.24,104.76,24.49,2024-08-04
2026-01-11,ORD-103387,C-4776,EMEA,Email,Consumer,Home,Vista Hub,2,214,0,428,303.03,124.97,35.15,2023-12-09
2026-01-11,ORD-103388,C-4204,APAC,Social,Consumer,Wearables,Pulse Band,3,105,0,315,169.17,145.83,23.62,2025-04-17
2026-01-11,ORD-103389,C-4396,EMEA,Affiliate,Consumer,Audio,Echo Buds,3,79,0.05,225.15,170.65,54.5,17.96,2024-02-14
2026-01-11,ORD-103390,C-4961,North America,Email,SMB,Audio,Halo Headset,1,125,0.08,115,72.62,42.38,11.1,2024-01-03
2026-01-11,ORD-103391,C-4172,APAC,Organic,Consumer,Home,Nest Sensor,3,64,0.03,186.24,102.83,83.41,0,2025-04-25
2026-01-11,ORD-103392,C-4176,North America,Paid Search,Consumer,Home,Vista Hub,2,214,0.03470802919708029,413.14,303.03,110.11,66.95,2023-09-18
2026-01-11,ORD-103393,C-4230,North America,Email,SMB,Wearables,Nimbus Ring,2,245,0,490,357.64,132.36,48.32,2023-12-13
2026-01-12,ORD-103394,C-4515,EMEA,Email,Enterprise,Wearables,Pulse Band,2,105,0.02,205.8,112.78,93.02,21.38,2024-09-07
2026-01-12,ORD-103395,C-4367,North America,Email,SMB,Audio,Halo Headset,2,125,0,250,145.24,104.76,26.14,2023-11-11
2026-01-12,ORD-103396,C-4849,EMEA,Paid Search,Consumer,Home,Beacon Lamp,1,192,0.03481751824817518,185.32,144.33,40.99,30.06,2024-03-21
2026-01-12,ORD-103397,C-4724,EMEA,Email,Consumer,Accessories,Orbit Dock,3,208,0,624,359.9,264.1,57,2025-07-27
2026-01-12,ORD-103398,C-4946,North America,Email,Enterprise,Wearables,Aura Watch,6,329,0.15766423357664233,1662.77,1160.05,502.72,118.48,2024-02-10
2026-01-12,ORD-103399,C-4786,North America,Organic,Enterprise,Accessories,Flux Cable,6,93,0,558,342.57,215.43,0,2025-01-14
2026-01-12,ORD-103400,C-4329,North America,Social,Enterprise,Accessories,Flux Cable,8,93,0.13,647.28,456.76,190.52,59.07,2025-01-19
2026-01-12,ORD-103401,C-4197,EMEA,Affiliate,Consumer,Home,Nest Sensor,3,64,0,192,102.83,89.17,15.07,2025-09-07
2026-01-12,ORD-103402,C-4259,North America,Email,SMB,Audio,Echo Buds,2,79,0,158,113.76,44.24,10.08,2024-10-29
2026-01-12,ORD-103403,C-4287,APAC,Organic,SMB,Wearables,Nimbus Ring,1,245,0.04,235.2,178.82,56.38,0,2023-06-22
2026-01-12,ORD-103404,C-4657,APAC,Organic,SMB,Wearables,Nimbus Ring,3,245,0,735,536.46,198.54,0,2024-11-28
2026-01-13,ORD-103405,C-4757,APAC,Organic,Consumer,Wearables,Pulse Band,2,105,0,210,112.78,97.22,0,2025-03-21
2026-01-13,ORD-103406,C-4388,North America,Social,Enterprise,Accessories,Flux Cable,7,93,0,651,399.66,251.34,62.42,2023-06-24
2026-01-13,ORD-103407,C-4548,APAC,Social,SMB,Accessories,Orbit Dock,3,208,0,624,359.9,264.1,45.41,2025-04-21
2026-01-13,ORD-103408,C-4817,APAC,Organic,SMB,Wearables,Aura Watch,2,329,0.12806569343065694,573.73,386.78,186.95,0,2024-11-12
2026-01-13,ORD-103409,C-4497,APAC,Social,Enterprise,Home,Beacon Lamp,9,192,0,1728,1298.98,429.02,145.05,2024-10-07
2026-01-13,ORD-103410,C-4537,APAC,Email,Consumer,Audio,Echo Buds,2,79,0.12,139.04,113.76,25.28,14.93,2023-06-02
2026-01-13,ORD-103411,C-4445,North America,Affiliate,Enterprise,Home,Beacon Lamp,9,192,0.06,1624.32,1298.98,325.34,128.26,2024-08-29
2026-01-13,ORD-103412,C-4198,APAC,Email,Enterprise,Home,Vista Hub,2,214,0,428,303.03,124.97,45.18,2023-05-01
2026-01-13,ORD-103413,C-4738,North America,Organic,SMB,Home,Nest Sensor,1,64,0,64,34.28,29.72,0,2024-01-07
2026-01-13,ORD-103414,C-4844,APAC,Organic,Enterprise,Wearables,Nimbus Ring,9,245,0,2205,1609.39,595.61,0,2023-02-01
2026-01-13,ORD-103415,C-4122,APAC,Email,Enterprise,Home,Beacon Lamp,9,192,0,1728,1298.98,429.02,125.92,2023-10-06
2026-01-13,ORD-103416,C-4662,North America,Social,Enterprise,Audio,Halo Headset,4,125,0,500,290.49,209.51,40.68,2024-04-01
2026-01-14,ORD-103417,C-4959,APAC,Social,SMB,Audio,Halo Headset,3,125,0,375,217.87,157.13,27.66,2023-08-01
2026-01-14,ORD-103418,C-4406,North America,Organic,SMB,Accessories,Orbit Dock,3,208,0.02,611.52,359.9,251.62,0,2024-05-27
2026-01-14,ORD-103419,C-4210,EMEA,Affiliate,SMB,Home,Vista Hub,3,214,0.08,590.64,454.55,136.09,37.16,2023-03-16
2026-01-14,ORD-103420,C-4353,APAC,Email,Enterprise,Wearables,Aura Watch,3,329,0.19846715328467154,791.11,580.31,210.8,70.07,2023-05-14
2026-01-14,ORD-103421,C-4703,EMEA,Paid Search,Enterprise,Home,Nest Sensor,6,64,0.03503649635036496,370.55,205.67,164.88,60.23,2025-08-03
2026-01-14,ORD-103422,C-4274,North America,Email,Enterprise,Wearables,Aura Watch,8,329,0.22846715328467154,2030.67,1547.47,483.2,184.64,2023-06-13
2026-01-14,ORD-103423,C-4429,North America,Email,SMB,Wearables,Pulse Band,1,105,0,105,56.39,48.61,9.59,2025-04-18
2026-01-14,ORD-103424,C-4456,North America,Email,SMB,Wearables,Nimbus Ring,2,245,0,490,357.64,132.36,52.97,2023-11-11
2026-01-15,ORD-103425,C-4126,APAC,Email,Consumer,Wearables,Aura Watch,2,329,0.21886861313868614,513.98,386.96,127.02,41.71,2023-09-24
2026-01-15,ORD-103426,C-4899,APAC,Affiliate,Enterprise,Audio,Echo Buds,5,79,0,395,284.41,110.59,25.58,2025-02-11
2026-01-15,ORD-103427,C-4737,APAC,Social,SMB,Home,Beacon Lamp,1,192,0,192,144.33,47.67,20.44,2025-02-10
2026-01-15,ORD-103428,C-4946,EMEA,Social,Consumer,Accessories,Shield Case,3,204,0,612,413.67,198.33,64.02,2023-08-09
2026-01-15,ORD-103429,C-4677,North America,Social,Consumer,Accessories,Flux Cable,1,93,0,93,57.09,35.91,9.78,2023-07-09
2026-01-15,ORD-103430,C-4884,EMEA,Social,Consumer,Wearables,Aura Watch,2,329,0.24886861313868613,494.24,386.96,107.28,45.34,2023-11-17
2026-01-15,ORD-103431,C-4708,North America,Paid Search,Enterprise,Audio,Echo Buds,3,79,0.035145985401459856,228.67,170.65,58.02,37.21,2023-09-12
2026-01-15,ORD-103432,C-4686,EMEA,Affiliate,Consumer,Accessories,Shield Case,3,204,0.15,520.2,413.67,106.53,39.84,2023-09-29
2026-01-15,ORD-103433,C-4866,EMEA,Organic,Consumer,Accessories,Shield Case,2,204,0.03,395.76,275.78,119.98,0,2024-03-20
2026-01-15,ORD-103434,C-4235,EMEA,Organic,Consumer,Wearables,Aura Watch,1,329,0.12886861313868614,286.6,193.48,93.12,0,2024-03-03
2026-01-15,ORD-103435,C-4345,North America,Affiliate,SMB,Accessories,Shield Case,3,204,0,612,413.67,198.33,57.74,2023-02-08
2026-01-15,ORD-103436,C-4259,North America,Paid Search,SMB,Wearables,Nimbus Ring,1,245,0.035145985401459856,236.39,178.82,57.57,38.47,2025-09-05
2026-01-15,ORD-103437,C-4193,North America,Email,Consumer,Accessories,Shield Case,3,204,0,612,413.67,198.33,54.11,2023-07-26
2026-01-15,ORD-103438,C-4113,EMEA,Affiliate,Enterprise,Wearables,Aura Watch,7,329,0.12886861313868614,2006.22,1354.36,651.86,149.83,2025-01-19
2026-01-15,ORD-103439,C-4665,EMEA,Email,Enterprise,Home,Vista Hub,3,214,0,642,454.55,187.45,44.71,2024-10-11
2026-01-16,ORD-103440,C-4824,EMEA,Organic,SMB,Wearables,Nimbus Ring,1,245,0.12,215.6,178.82,36.78,0,2025-01-19
2026-01-16,ORD-103441,C-4354,EMEA,Organic,Enterprise,Accessories,Flux Cable,3,93,0.06,262.26,171.28,90.98,0,2024-01-28
2026-01-16,ORD-103442,C-4347,EMEA,Affiliate,Consumer,Accessories,Orbit Dock,3,208,0,624,359.9,264.1,48.61,2023-05-13
2026-01-16,ORD-103443,C-4469,North America,Affiliate,SMB,Wearables,Aura Watch,3,329,0.2592700729927008,731.1,580.58,150.52,75.17,2024-02-17
2026-01-16,ORD-103444,C-4976,EMEA,Email,Enterprise,Home,Vista Hub,7,214,0,1498,1060.62,437.38,150.88,2024-02-29
2026-01-16,ORD-103445,C-4968,APAC,Affiliate,SMB,Wearables,Pulse Band,2,105,0,210,112.78,97.22,20.99,2025-05-22
2026-01-16,ORD-103446,C-4489,EMEA,Paid Search,Enterprise,Audio,Echo Buds,3,79,0.12525547445255475,207.31,170.65,36.66,33.77,2025-02-01
2026-01-16,ORD-103447,C-4717,EMEA,Paid Search,Enterprise,Wearables,Aura Watch,6,329,0.1745255474452555,1629.49,1161.15,468.34,265.42,2023-08-30
2026-01-16,ORD-103448,C-4374,APAC,Affiliate,Consumer,Wearables,Nimbus Ring,2,245,0.11,436.1,357.64,78.46,31.9,2024-09-16
2026-01-16,ORD-103449,C-4611,EMEA,Organic,Enterprise,Home,Nest Sensor,5,64,0.06,300.8,171.39,129.41,0,2023-09-07
2026-01-16,ORD-103450,C-4482,EMEA,Affiliate,Enterprise,Accessories,Orbit Dock,1,208,0.1,187.2,119.97,67.23,20.11,2024-11-26
2026-01-16,ORD-103451,C-4110,APAC,Paid Search,Enterprise,Accessories,Orbit Dock,7,208,0.035255474452554746,1404.67,839.77,564.9,228.8,2023-07-23
2026-01-17,ORD-103452,C-4446,EMEA,Organic,Enterprise,Home,Beacon Lamp,5,192,0,960,721.65,238.35,0,2024-12-03
2026-01-17,ORD-103453,C-4923,EMEA,Organic,Enterprise,Wearables,Pulse Band,3,105,0,315,169.17,145.83,0,2023-06-01
2026-01-17,ORD-103454,C-4195,EMEA,Organic,Enterprise,Wearables,Nimbus Ring,7,245,0.15,1457.75,1251.74,206.01,0,2024-10-17
2026-01-17,ORD-103455,C-4666,North America,Social,Consumer,Accessories,Flux Cable,3,93,0.05,265.05,171.28,93.77,19.41,2025-07-16
2026-01-17,ORD-103456,C-4831,North America,Affiliate,Consumer,Accessories,Shield Case,1,204,0.12,179.52,137.89,41.63,15.86,2023-07-05
2026-01-17,ORD-103457,C-4522,APAC,Organic,SMB,Wearables,Aura Watch,1,329,0.12967153284671531,286.34,193.58,92.76,0,2024-10-20
2026-01-17,ORD-103458,C-4476,EMEA,Affiliate,Enterprise,Wearables,Pulse Band,5,105,0.07,488.25,281.95,206.3,51.38,2023-07-21
2026-01-17,ORD-103459,C-4706,North America,Social,SMB,Audio,Halo Headset,2,125,0,250,145.24,104.76,23.14,2025-09-16
2026-01-17,ORD-103460,C-4726,APAC,Organic,SMB,Accessories,Shield Case,2,204,0,408,275.78,132.22,0,2024-11-14
2026-01-18,ORD-103461,C-4128,EMEA,Email,Consumer,Audio,Echo Buds,3,79,0.13,206.19,170.65,35.54,12.58,2025-03-13
2026-01-18,ORD-103462,C-4670,North America,Email,SMB,Home,Nest Sensor,1,64,0.15,54.4,34.28,20.12,5.92,2025-06-13
2026-01-18,ORD-103463,C-4758,APAC,Social,Consumer,Home,Nest Sensor,1,64,0,64,34.28,29.72,6.61,2023-02-22
2026-01-18,ORD-103464,C-4557,APAC,Paid Search,Enterprise,Home,Vista Hub,8,214,0.035474452554744525,1651.27,1212.14,439.13,269.51,2025-03-07
2026-01-18,ORD-103465,C-4175,EMEA,Organic,Enterprise,Accessories,Orbit Dock,9,208,0,1872,1079.7,792.3,0,2023-04-26
2026-01-18,ORD-103466,C-4480,North America,Paid Search,Enterprise,Home,Nest Sensor,8,64,0.035474452554744525,493.84,274.22,219.62,80.6,2025-05-03
2026-01-18,ORD-103467,C-4216,EMEA,Paid Search,Consumer,Wearables,Nimbus Ring,1,245,0.1554744525547445,206.91,178.82,28.09,33.77,2023-06-08
2026-01-18,ORD-103468,C-4988,APAC,Social,Consumer,Accessories,Orbit Dock,3,208,0,624,359.9,264.1,61.98,2025-07-19
2026-01-18,ORD-103469,C-4403,North America,Email,SMB,Audio,Echo Buds,2,79,0,158,113.76,44.24,9.92,2023-11-25
2026-01-18,ORD-103470,C-4337,North America,Social,Enterprise,Wearables,Nimbus Ring,9,245,0.09,2006.55,1609.39,397.16,200.35,2025-04-25
2026-01-18,ORD-103471,C-4137,North America,Email,Consumer,Accessories,Shield Case,3,204,0,612,413.67,198.33,38.31,2025-08-18
2026-01-18,ORD-103472,C-4940,EMEA,Affiliate,Enterprise,Wearables,Nimbus Ring,9,245,0,2205,1609.39,595.61,153.52,2024-06-19
2026-01-18,ORD-103473,C-4632,EMEA,,SMB,Home,Nest Sensor,2,64,0.14547445255474453,109.38,68.56,40.82,17.85,2024-07-05
2026-01-18,ORD-103474,C-4344,North America,Paid Search,Consumer,Home,Vista Hub,3,214,0.035474452554744525,619.23,454.55,164.68,101.07,2024-02-15
2026-01-19,ORD-103475,C-4210,EMEA,Organic,Enterprise,Home,Nest Sensor,6,64,0.01,380.16,205.67,174.49,0,2024-02-17
2026-01-19,ORD-103476,C-4886,APAC,Social,Consumer,Wearables,Pulse Band,3,105,0,315,169.17,145.83,26.8,2025-04-30
2026-01-19,ORD-103477,C-4130,North America,Email,Enterprise,Accessories,Shield Case,4,204,0.15,693.6,551.56,142.04,69.98,2024-10-13
2026-01-19,ORD-103478,C-4452,North America,Social,Consumer,Accessories,Flux Cable,1,93,0.06,87.42,57.09,30.33,6.68,2023-09-07
2026-01-19,ORD-103479,C-4810,APAC,Social,Consumer,Audio,Echo Buds,3,79,0.09,215.67,170.65,45.02,21.23,2025-05-27
2026-01-19,ORD-103480,C-4852,EMEA,Paid Search,Consumer,Wearables,Aura Watch,3,329,0.22605839416058393,763.88,580.99,182.89,124.8,2025-04-25
2026-01-19,ORD-103481,C-4519,EMEA,Organic,SMB,Accessories,Orbit Dock,1,208,0.05,197.6,119.97,77.63,0,2024-11-10
2026-01-20,ORD-103482,C-4771,EMEA,Organic,SMB,Accessories,Flux Cable,2,93,0,186,114.19,71.81,0,2023-02-27
2026-01-20,ORD-103483,C-4980,EMEA,Paid Search,Consumer,Home,Vista Hub,1,214,0.035693430656934304,206.36,151.52,54.84,33.75,2025-04-19
2026-01-20,ORD-103484,C-4143,APAC,Email,Consumer,Audio,Halo Headset,1,125,0.14,107.5,72.62,34.88,11.37,2024-03-10
2026-01-20,ORD-103485,C-4186,EMEA,Email,Consumer,Wearables,Pulse Band,1,105,0.02,102.9,56.39,46.51,8.11,2023-04-19
2026-01-20,ORD-103486,C-4320,North America,Organic,Consumer,Audio,Halo Headset,2,125,0.01,247.5,145.24,102.26,0,2023-10-22
2026-01-20,ORD-103487,C-4990,EMEA,Organic,SMB,Audio,Halo Headset,2,125,0,250,145.24,104.76,0,2024-09-26
2026-01-20,ORD-103488,C-4493,EMEA,Email,Consumer,Home,Vista Hub,2,214,0.03,415.16,303.03,112.13,43.11,2023-02-11
2026-01-20,ORD-103489,C-4160,APAC,Social,Enterprise,Wearables,Pulse Band,5,105,0,525,281.95,243.05,47.49,2023-08-28
2026-01-20,ORD-103490,C-4313,North America,Email,Consumer,Accessories,Shield Case,1,204,0,204,137.89,66.11,15.26,2025-02-12
2026-01-20,ORD-103491,C-4818,APAC,Social,Enterprise,Accessories,Flux Cable,4,93,0,372,228.38,143.62,29.7,2024-04-10
2026-01-21,ORD-103492,C-4636,North America,Email,Consumer,Accessories,Shield Case,2,204,0,408,275.78,132.22,36.37,2023-12-24
2026-01-21,ORD-103493,C-4244,APAC,Organic,SMB,Accessories,Shield Case,2,204,0.09,371.28,275.78,95.5,0,2024-10-31
2026-01-21,ORD-103494,C-4862,APAC,Organic,Enterprise,Home,Beacon Lamp,8,192,0,1536,1154.65,381.35,0,2023-10-17
2026-01-21,ORD-103495,C-4987,APAC,Email,Consumer,Accessories,Flux Cable,3,93,0,279,171.28,107.72,24.03,2025-05-27
2026-01-21,ORD-103496,C-4898,EMEA,Email,Consumer,Wearables,Aura Watch,2,329,0.13127737226277372,571.62,387.51,184.11,37.71,2025-01-14
2026-01-21,ORD-103497,C-4950,EMEA,Affiliate,Enterprise,Accessories,Flux Cable,4,93,0.04,357.12,228.38,128.74,35.64,2024-08-21
2026-01-21,ORD-103498,C-4236,APAC,Email,Consumer,Wearables,Nimbus Ring,1,245,0.11,218.05,178.82,39.23,21.34,2023-11-17
2026-01-21,ORD-103499,C-4531,EMEA,Paid Search,Enterprise,Home,Vista Hub,9,214,0.03580291970802919,1857.04,1363.66,493.38,304.01,2024-02-22
2026-01-21,ORD-103500,C-4305,EMEA,Email,SMB,Wearables,Nimbus Ring,3,245,0,735,536.46,198.54,57.39,2023-05-09
2026-01-21,ORD-103501,C-4426,North America,Social,Enterprise,Wearables,Pulse Band,9,105,0.1,850.5,507.51,342.99,73.77,2024-03-25
2026-01-21,ORD-103502,C-4238,North America,Social,SMB,Accessories,Shield Case,3,204,0,612,413.67,198.33,43.43,2025-08-12
2026-01-22,ORD-103503,C-4569,North America,Paid Search,Consumer,Home,Vista Hub,2,214,0.03591240875912409,412.63,303.03,109.6,67.62,2024-06-28
2026-01-22,ORD-103504,C-4198,EMEA,Organic,SMB,Accessories,Shield Case,1,204,0,204,137.89,66.11,0,2025-08-08
2026-01-22,ORD-103505,C-4547,North America,Organic,Consumer,Accessories,Flux Cable,1,93,0,93,57.09,35.91,0,2024-04-05
2026-01-22,ORD-103506,C-4256,EMEA,Email,Enterprise,Home,Nest Sensor,7,64,0,448,239.95,208.05,34.24,2025-01-09
2026-01-22,ORD-103507,C-4978,EMEA,Email,SMB,Home,Nest Sensor,3,64,0.01,190.08,102.83,87.25,17.8,2024-08-07
2026-01-22,ORD-103508,C-4208,EMEA,Social,SMB,Accessories,Shield Case,1,204,0.12,179.52,137.89,41.63,14.78,2025-06-24
2026-01-22,ORD-103509,C-4204,EMEA,Email,SMB,Home,Vista Hub,2,214,0,428,303.03,124.97,37.46,2025-09-06
2026-01-22,ORD-103510,C-4485,North America,Affiliate,SMB,Audio,Echo Buds,2,79,0.14,135.88,113.76,22.12,12.01,2023-05-01
2026-01-22,ORD-103511,C-4849,North America,Email,SMB,Accessories,Orbit Dock,1,208,0,208,119.97,88.03,16.9,2023-03-12
2026-01-22,ORD-103512,C-4160,EMEA,Affiliate,Consumer,Audio,Echo Buds,1,79,0,79,56.88,22.12,6.4,2024-06-03
2026-01-22,ORD-103513,C-4504,North America,Paid Search,SMB,Wearables,Aura Watch,3,329,0.16759124087591243,821.59,581.4,240.19,134.63,2025-01-17
2026-01-22,ORD-103514,C-4502,APAC,Paid Search,Enterprise,Home,Beacon Lamp,8,192,0.055912408759124094,1450.12,1154.65,295.47,237.63,2023-08-11
2026-01-23,ORD-103515,C-4669,North America,Email,Enterprise,Accessories,Orbit Dock,9,208,0.05,1778.4,1079.7,698.7,192.05,2025-09-10
2026-01-23,ORD-103516,C-4363,North America,Affiliate,SMB,Home,Nest Sensor,1,64,0.15,54.4,34.28,20.12,4.85,2024-11-03
2026-01-23,ORD-103517,C-4302,EMEA,Affiliate,Enterprise,Wearables,Nimbus Ring,2,245,0,490,357.64,132.36,50.3,2025-07-23
2026-01-23,ORD-103518,C-4209,EMEA,Social,Consumer,Wearables,Nimbus Ring,2,245,0.08,450.8,357.64,93.16,44.3,2024-12-03
2026-01-23,ORD-103519,C-4394,LATAM,Affiliate,Consumer,Accessories,Shield Case,1,204,0.09,185.64,137.89,47.75,19.4,2024-12-22
2026-01-23,ORD-103520,C-4773,LATAM,Paid Search,Enterprise,Audio,Echo Buds,6,79,0.13602189781021898,409.53,341.29,68.24,67.18,2023-09-19
2026-01-23,ORD-103521,C-4285,APAC,Organic,SMB,Wearables,Aura Watch,1,329,0.13208029197080293,285.55,193.85,91.7,0,2024-05-01
2026-01-23,ORD-103522,C-4747,North America,Paid Search,Consumer,Accessories,Orbit Dock,1,208,0.03602189781021898,200.51,119.97,80.54,32.89,2023-12-13
2026-01-24,ORD-103523,C-4107,APAC,Affiliate,SMB,Wearables,Nimbus Ring,2,245,0,490,357.64,132.36,52.68,2024-03-01
2026-01-24,ORD-103524,C-4198,EMEA,Social,Consumer,Wearables,Pulse Band,1,105,0,105,56.39,48.61,9.43,2025-06-17
2026-01-24,ORD-103525,C-4463,EMEA,Organic,SMB,Accessories,Flux Cable,2,93,0.06,174.84,114.19,60.65,0,2025-03-01
2026-01-24,ORD-103526,C-4659,LATAM,Organic,Enterprise,Home,Nest Sensor,4,64,0.13,222.72,137.11,85.61,0,2024-11-07
2026-01-24,ORD-103527,C-4523,LATAM,Organic,Enterprise,Home,Beacon Lamp,1,192,0,192,144.33,47.67,0,2024-04-27
2026-01-24,ORD-103528,C-4940,North America,Email,SMB,Accessories,Flux Cable,3,93,0.03,270.63,171.28,99.35,23.04,2023-07-11
2026-01-25,ORD-103529,C-4836,North America,Social,Enterprise,Accessories,Orbit Dock,1,208,0.14,178.88,119.97,58.91,13.15,2025-05-19
2026-01-25,ORD-103530,C-4726,North America,Affiliate,SMB,Home,Beacon Lamp,1,192,0,192,144.33,47.67,19.31,2023-07-17
2026-01-25,ORD-103531,C-4290,North America,Affiliate,Enterprise,Home,Vista Hub,2,214,0.08,393.76,303.03,90.73,32.47,2024-10-23
2026-01-25,ORD-103532,C-4434,APAC,Email,Enterprise,Wearables,Pulse Band,7,105,0,735,394.73,340.27,73.63,2024-11-09
2026-01-25,ORD-103533,C-4978,North America,Social,SMB,Wearables,Aura Watch,2,329,0.1928832116788321,531.08,387.87,143.21,57.14,2023-10-10
2026-01-26,ORD-103534,C-4493,North America,Affiliate,Enterprise,Audio,Echo Buds,1,79,0.02,77.42,56.88,20.54,8.2,2023-09-01
2026-01-26,ORD-103535,C-4921,EMEA,Email,Consumer,Accessories,Orbit Dock,2,208,0,416,239.93,176.07,35.46,2025-05-12
2026-01-26,ORD-103536,C-4952,LATAM,Organic,SMB,Wearables,Nimbus Ring,3,245,0,735,536.46,198.54,0,2023-05-24
2026-01-26,ORD-103537,C-4206,North America,Paid Search,SMB,Accessories,Shield Case,2,204,0.16635036496350364,340.13,275.78,64.35,55.96,2024-06-22
2026-01-26,ORD-103538,C-4428,LATAM,Organic,SMB,Wearables,Aura Watch,1,329,0.25328467153284673,245.67,193.99,51.68,0,2023-09-28
2026-01-26,ORD-103539,C-4220,EMEA,Affiliate,Enterprise,Wearables,Pulse Band,9,105,0,945,507.51,437.49,78.13,2024-04-19
2026-01-26,ORD-103540,C-4459,APAC,Paid Search,SMB,Wearables,Aura Watch,3,329,0.16963503649635037,819.57,581.95,237.62,134.84,2024-08-29
2026-01-26,ORD-103541,C-4711,North America,Social,SMB,Accessories,Shield Case,2,204,0,408,275.78,132.22,26.67,2023-05-12
2026-01-26,ORD-103542,C-4914,APAC,Organic,Enterprise,Audio,Echo Buds,9,79,0,711,511.94,199.06,0,2023-02-10
2026-01-26,ORD-103543,C-4963,EMEA,Paid Search,SMB,Audio,Echo Buds,2,79,0.06635036496350365,147.52,113.76,33.76,24.27,2025-07-28
2026-01-26,ORD-103544,C-4698,APAC,Email,Enterprise,Wearables,Nimbus Ring,3,245,0.09,668.85,536.46,132.39,56.49,2024-07-26
2026-01-26,ORD-103545,C-4106,EMEA,Social,Enterprise,Accessories,Orbit Dock,5,208,0,1040,599.83,440.17,114.39,2024-12-15
2026-01-27,ORD-103546,C-4113,APAC,Email,SMB,Accessories,Orbit Dock,3,208,0.09,567.84,359.9,207.94,58.76,2024-03-18
2026-01-27,ORD-103547,C-4645,LATAM,Social,SMB,Home,Nest Sensor,2,64,0,128,68.56,59.44,10.81,2023-04-29
2026-01-27,ORD-103548,C-4543,APAC,Paid Search,SMB,Accessories,Orbit Dock,2,208,0.03645985401459854,400.83,239.93,160.9,66.01,2023-02-11
2026-01-27,ORD-103549,C-4759,LATAM,Organic,Enterprise,Audio,Halo Headset,5,125,0.08,575,363.11,211.89,0,2024-02-08
2026-01-27,ORD-103550,C-4162,LATAM,Email,Consumer,Wearables,Pulse Band,2,105,0,210,112.78,97.22,13.65,2025-05-02
2026-01-27,ORD-103551,C-4791,APAC,Affiliate,Enterprise,Audio,Halo Headset,1,125,0.12,110,72.62,37.38,7.02,2024-03-30
2026-01-27,ORD-103552,C-4519,EMEA,Paid Search,Enterprise,Home,Nest Sensor,3,64,0.11645985401459855,169.64,102.83,66.81,27.94,2025-08-28
2026-01-27,ORD-103553,C-4922,EMEA,Email,SMB,Home,Beacon Lamp,1,192,0,192,144.33,47.67,12.36,2024-02-15
2026-01-27,ORD-103554,C-4264,LATAM,Affiliate,Enterprise,Wearables,Pulse Band,9,105,0,945,507.51,437.49,86.27,2024-09-11
2026-01-28,ORD-103555,C-4208,APAC,Paid Search,SMB,Accessories,Flux Cable,1,93,0.03656934306569343,89.6,57.09,32.51,14.77,2023-06-29
2026-01-28,ORD-103556,C-4511,North America,Email,Enterprise,Accessories,Shield Case,9,204,0,1836,1241.01,594.99,179.96,2025-03-21
2026-01-28,ORD-103557,C-4604,EMEA,Paid Search,Enterprise,Accessories,Shield Case,5,204,0.10656934306569343,911.3,689.45,221.85,150.23,2023-04-22
2026-01-28,ORD-103558,C-4435,EMEA,Affiliate,Consumer,Accessories,Flux Cable,1,93,0,93,57.09,35.91,7.42,2023-03-08
2026-01-28,ORD-103559,C-4393,North America,Social,SMB,Audio,Echo Buds,3,79,0,237,170.65,66.35,24.38,2025-03-25
2026-01-28,ORD-103560,C-4985,LATAM,Social,Enterprise,Accessories,Shield Case,8,204,0,1632,1103.12,528.88,120.58,2024-04-24
2026-01-28,ORD-103561,C-4971,LATAM,Paid Search,Consumer,Audio,Echo Buds,2,79,0.03656934306569343,152.22,113.76,38.46,25.09,2025-09-14
2026-01-29,ORD-103562,C-4644,LATAM,Affiliate,SMB,Home,Vista Hub,3,214,0.01,635.58,454.55,181.03,39.19,2025-02-07
2026-01-29,ORD-103563,C-4746,APAC,Paid Search,SMB,Accessories,Orbit Dock,1,208,0.09667883211678832,187.89,119.97,67.92,31.01,2024-01-31
2026-01-29,ORD-103564,C-4667,North America,Social,Consumer,Home,Beacon Lamp,1,192,0,192,144.33,47.67,12.83,2024-07-30
2026-01-29,ORD-103565,C-4626,North America,Affiliate,SMB,Home,Beacon Lamp,3,192,0,576,432.99,143.01,36.71,2023-12-20
2026-01-29,ORD-103566,C-4116,APAC,Organic,Enterprise,Accessories,Shield Case,8,204,0,1632,1103.12,528.88,0,2023-01-21
2026-01-29,ORD-103567,C-4644,EMEA,Email,Consumer,Home,Beacon Lamp,2,192,0,384,288.66,95.34,37.61,2025-07-24
2026-01-29,ORD-103568,C-4193,LATAM,Paid Search,Enterprise,Accessories,Orbit Dock,3,208,0.07667883211678832,576.15,359.9,216.25,95.08,2024-05-07
2026-01-30,ORD-103569,C-4178,LATAM,Social,Enterprise,Audio,Echo Buds,8,79,0,632,455.05,176.95,45.61,2023-02-24
2026-01-30,ORD-103570,C-4587,LATAM,Paid Search,SMB,Home,Nest Sensor,1,64,0.03678832116788321,61.65,34.28,27.37,10.18,2025-03-18
2026-01-30,ORD-103571,C-4894,LATAM,Affiliate,Consumer,Accessories,Flux Cable,3,93,0,279,171.28,107.72,30.34,2023-10-08
2026-01-30,ORD-103572,C-4971,EMEA,Organic,SMB,Audio,Echo Buds,3,79,0.01,234.63,170.65,63.98,0,2025-09-07
2026-01-30,ORD-103573,C-4397,EMEA,Email,Enterprise,Accessories,Shield Case,2,204,0,408,275.78,132.22,25.76,2023-10-16
2026-01-30,ORD-103574,C-4847,LATAM,Organic,Enterprise,Audio,Echo Buds,3,79,0,237,170.65,66.35,0,2025-03-27
2026-01-30,ORD-103575,C-4845,EMEA,Paid Search,Consumer,Accessories,Orbit Dock,2,208,0.08678832116788321,379.9,239.93,139.97,62.75,2023-10-10
2026-01-31,ORD-103576,C-4902,APAC,Paid Search,SMB,Home,Beacon Lamp,3,192,0.0868978102189781,525.95,432.99,92.96,86.96,2024-06-26
2026-01-31,ORD-103577,C-4854,EMEA,Affiliate,Enterprise,Home,Beacon Lamp,6,192,0,1152,865.98,286.02,102.18,2023-01-30
2026-01-31,ORD-103578,C-4726,LATAM,Email,Enterprise,Wearables,Aura Watch,6,329,0.13529197080291971,1706.93,1165.26,541.67,124.93,2023-03-24
2026-01-31,ORD-103579,C-4995,APAC,Social,Enterprise,Home,Nest Sensor,7,64,0,448,239.95,208.05,46.21,2024-08-16
2026-01-31,ORD-103580,C-4207,EMEA,Email,SMB,Home,Nest Sensor,1,64,0.08,58.88,34.28,24.6,4.02,2023-07-31
2026-01-31,ORD-103581,C-4433,LATAM,Social,Enterprise,Wearables,Pulse Band,9,105,0.07,878.85,507.51,371.34,62.28,2023-06-22
2026-01-31,ORD-103582,C-4467,EMEA,Affiliate,Enterprise,Accessories,Shield Case,5,204,0.06,958.8,689.45,269.35,76.55,2023-08-18
2026-01-31,ORD-103583,C-4603,North America,Social,SMB,Wearables,Aura Watch,3,329,0.2752919708029197,715.29,582.64,132.65,68.14,2023-09-19
2026-02-01,ORD-103584,C-4361,APAC,Organic,Enterprise,Audio,Echo Buds,7,79,0,553,398.17,154.83,0,2024-07-15
2026-02-01,ORD-103585,C-4867,APAC,Affiliate,Consumer,Accessories,Flux Cable,3,93,0,279,171.28,107.72,29.1,2025-09-09
2026-02-01,ORD-103586,C-4444,EMEA,Organic,SMB,Accessories,Flux Cable,1,93,0,93,57.09,35.91,0,2023-01-03
2026-02-01,ORD-103587,C-4170,EMEA,Email,Consumer,Home,Vista Hub,2,214,0,428,303.03,124.97,27.55,2023-11-13
2026-02-01,ORD-103588,C-4360,LATAM,Paid Search,Enterprise,Wearables,Nimbus Ring,3,245,0.047007299270072994,700.45,536.46,163.99,115.93,2025-01-20
2026-02-01,ORD-103589,C-4816,LATAM,Paid Search,SMB,Home,Beacon Lamp,1,192,0.03700729927007299,184.89,144.33,40.56,30.6,2023-07-23
2026-02-01,ORD-103590,C-4106,APAC,Paid Search,Consumer,Accessories,Shield Case,2,204,0.047007299270072994,388.82,275.78,113.04,64.35,2024-10-23
2026-02-01,ORD-103591,C-4432,LATAM,Paid Search,Consumer,Wearables,Pulse Band,2,105,0.03700729927007299,202.23,112.78,89.45,33.47,2025-03-01
2026-02-01,ORD-103592,C-4343,North America,Affiliate,Enterprise,Accessories,Flux Cable,1,93,0,93,57.09,35.91,7.01,2023-05-12
2026-02-01,ORD-103593,C-4663,North America,Social,SMB,Home,Beacon Lamp,1,192,0,192,144.33,47.67,12.58,2023-11-04
2026-02-01,ORD-103594,C-4934,LATAM,Organic,SMB,Wearables,Nimbus Ring,1,245,0.13,213.15,178.82,34.33,0,2024-06-04
2026-02-01,ORD-103595,C-4551,APAC,Social,Consumer,Audio,Halo Headset,3,125,0,375,217.87,157.13,25.16,2025-03-04
2026-02-01,ORD-103596,C-4868,EMEA,Email,Consumer,Wearables,Nimbus Ring,3,245,0.1,661.5,536.46,125.04,66.32,2024-01-25
2026-02-01,ORD-103597,C-4519,EMEA,Email,Consumer,Audio,Halo Headset,1,125,0,125,72.62,52.38,12.46,2024-03-02
2026-02-02,ORD-103598,C-4499,APAC,Social,Enterprise,Wearables,Nimbus Ring,6,245,0,1470,1072.92,397.08,139.54,2023-07-15
2026-02-02,ORD-103599,C-4998,EMEA,Email,Consumer,Home,Vista Hub,1,214,0.13,186.18,151.52,34.66,16.81,2024-05-13
2026-02-02,ORD-103600,C-4637,APAC,Paid Search,Enterprise,Wearables,Aura Watch,5,329,0.1732116788321168,1360.07,971.51,388.56,225.33,2024-08-02
2026-02-02,ORD-103601,C-4332,APAC,Email,Enterprise,Audio,Echo Buds,1,79,0.1,71.1,56.88,14.22,6.5,2023-07-10
2026-02-02,ORD-103602,C-4533,APAC,Email,Consumer,Wearables,Aura Watch,1,329,0.13609489051094892,284.22,194.31,89.91,17.93,2024-08-05
2026-02-02,ORD-103603,C-4284,APAC,Organic,Enterprise,Audio,Echo Buds,8,79,0,632,455.05,176.95,0,2024-12-30
2026-02-02,ORD-103604,C-4133,EMEA,Paid Search,Consumer,Home,Nest Sensor,3,64,0.03711678832116788,184.87,102.83,82.04,30.63,2024-03-29
2026-02-02,ORD-103605,C-4311,LATAM,Paid Search,SMB,Home,Vista Hub,1,214,0.03711678832116788,206.06,151.52,54.54,34.14,2024-08-17
2026-02-02,ORD-103606,C-4474,North America,Email,Consumer,Accessories,Flux Cable,1,93,0,93,57.09,35.91,8.69,2025-05-25
2026-02-02,ORD-103607,C-4359,APAC,Social,Enterprise,Wearables,Aura Watch,1,329,0.17609489051094893,271.06,194.31,76.75,27.92,2023-10-06
2026-02-02,ORD-103608,C-4196,EMEA,Affiliate,Enterprise,Wearables,Pulse Band,6,105,0,630,338.34,291.66,58.49,2025-09-14
2026-02-02,ORD-103609,C-4798,APAC,Social,Enterprise,Audio,Echo Buds,1,79,0.14,67.94,56.88,11.06,5.98,2025-06-16
2026-02-02,ORD-103610,C-4507,APAC,Affiliate,Consumer,Wearables,Nimbus Ring,1,245,0,245,178.82,66.18,26.65,2025-09-18
2026-02-02,ORD-103611,C-4114,North America,Social,Enterprise,Home,Nest Sensor,6,64,0,384,205.67,178.33,39.06,2023-12-20
2026-02-03,ORD-103612,C-4565,APAC,Paid Search,Consumer,Audio,Halo Headset,1,125,0.08722627737226277,114.1,72.62,41.48,18.92,2024-10-26
2026-02-03,ORD-103613,C-4838,APAC,Organic,SMB,Accessories,Shield Case,2,204,0.06,383.52,275.78,107.74,0,2023-09-22
2026-02-03,ORD-103614,C-4733,LATAM,Paid Search,Enterprise,Audio,Echo Buds,3,79,0.07722627737226277,218.7,170.65,48.05,36.27,2024-06-10
2026-02-03,ORD-103615,C-4601,LATAM,Email,Consumer,Wearables,Aura Watch,1,329,0.13649635036496352,284.09,194.35,89.74,26.17,2023-06-09
2026-02-03,ORD-103616,C-4283,EMEA,Affiliate,Enterprise,Audio,Echo Buds,7,79,0,553,398.17,154.83,33.6,2024-01-27
2026-02-03,ORD-103617,C-4504,EMEA,Affiliate,Enterprise,Accessories,Flux Cable,2,93,0.13,161.82,114.19,47.63,16.61,2025-08-28
2026-02-03,ORD-103618,C-4481,LATAM,Affiliate,Consumer,Accessories,Orbit Dock,2,208,0.07,386.88,239.93,146.95,29.65,2024-01-21
2026-02-03,ORD-103619,C-4888,APAC,Social,SMB,Wearables,Aura Watch,3,329,0.27649635036496356,714.1,583.05,131.05,53.35,2023-05-08
2026-02-03,ORD-103620,C-4228,North America,Organic,Consumer,Audio,Echo Buds,1,79,0,79,56.88,22.12,0,2024-05-26
2026-02-03,ORD-103621,C-4561,LATAM,Email,SMB,Home,Nest Sensor,3,64,0,192,102.83,89.17,14.09,2023-09-19
2026-02-03,ORD-103622,C-4457,EMEA,Email,Enterprise,Home,Beacon Lamp,2,192,0.13,334.08,288.66,45.42,22.67,2023-03-17
2026-02-03,ORD-103623,C-4960,LATAM,Affiliate,SMB,Home,Beacon Lamp,1,192,0.05,182.4,144.33,38.07,18.74,2024-04-01
2026-02-04,ORD-103624,C-4300,LATAM,Email,Consumer,Wearables,Nimbus Ring,2,245,0.09,445.9,357.64,88.26,28.68,2024-01-15
2026-02-04,ORD-103625,C-4318,EMEA,Paid Search,Enterprise,Accessories,Shield Case,7,204,0.12733576642335764,1246.16,965.23,280.93,206.87,2023-09-15
2026-02-04,ORD-103626,C-4816,EMEA,Affiliate,SMB,Wearables,Aura Watch,1,329,0.1368978102189781,283.96,194.4,89.56,22.87,2025-09-23
2026-02-04,ORD-103627,C-4925,North America,Email,Enterprise,Accessories,Flux Cable,8,93,0.08,684.48,456.76,227.72,41.09,2023-02-22
2026-02-04,ORD-103628,C-4443,North America,Email,Consumer,Wearables,Nimbus Ring,2,245,0,490,357.64,132.36,45.62,2024-10-23
2026-02-04,ORD-103629,C-4990,North America,Paid Search,Enterprise,Audio,Halo Headset,2,125,0.03733576642335766,240.67,145.24,95.43,39.95,2023-07-07
2026-02-04,ORD-103630,C-4312,North America,Email,Consumer,Wearables,Pulse Band,2,105,0,210,112.78,97.22,21.44,2024-04-12
2026-02-04,ORD-103631,C-4261,EMEA,Affiliate,Enterprise,Audio,Echo Buds,9,79,0.02,696.78,511.94,184.84,51.67,2023-04-23
2026-02-04,ORD-103632,C-4327,APAC,Paid Search,SMB,Wearables,Aura Watch,3,329,0.17423357664233574,815.03,583.18,231.85,135.3,2025-05-02
2026-02-04,ORD-103633,C-4344,APAC,Organic,SMB,Accessories,Shield Case,2,204,0,408,275.78,132.22,0,2023-06-10
2026-02-04,ORD-103634,C-4143,APAC,Social,Consumer,Accessories,Orbit Dock,1,208,0,208,119.97,88.03,15.74,2023-10-27
2026-02-04,ORD-103635,C-4667,North America,Paid Search,Enterprise,Accessories,Orbit Dock,9,208,0.03733576642335766,1802.11,1079.7,722.41,299.16,2024-10-11
2026-02-04,ORD-103636,C-4286,North America,Affiliate,Consumer,Wearables,Nimbus Ring,1,245,0,245,178.82,66.18,26.04,2023-08-05
2026-02-04,ORD-103637,C-4876,EMEA,Affiliate,Enterprise,Accessories,Shield Case,4,204,0.04,783.36,551.56,231.8,77.06,2024-11-08
2026-02-04,ORD-103638,C-4488,North America,Social,Enterprise,Home,Beacon Lamp,2,192,0.11,341.76,288.66,53.1,23.18,2024-02-22
2026-02-05,ORD-103639,C-4983,North America,Social,Consumer,Audio,Halo Headset,3,125,0.07,348.75,217.87,130.88,24.68,2023-07-10
2026-02-05,ORD-103640,C-4395,EMEA,Email,Enterprise,Wearables,Aura Watch,2,329,0.1672992700729927,547.92,388.88,159.04,52.27,2023-02-11
2026-02-05,ORD-103641,C-4202,EMEA,Affiliate,SMB,Wearables,Nimbus Ring,1,245,0.12,215.6,178.82,36.78,21.51,2024-11-24
2026-02-05,ORD-103642,C-4627,APAC,Organic,Consumer,Wearables,Nimbus Ring,2,245,0,490,357.64,132.36,0,2025-01-25
2026-02-05,ORD-103643,C-4941,North America,Organic,Consumer,Home,Vista Hub,1,214,0.07,199.02,151.52,47.5,0,2024-01-18
2026-02-05,ORD-103644,C-4572,North America,Email,Consumer,Accessories,Flux Cable,3,93,0,279,171.28,107.72,20.96,2024-06-11
2026-02-06,ORD-103645,C-4644,North America,Social,Consumer,Accessories,Flux Cable,1,93,0.13,80.91,57.09,23.82,8.6,2025-06-01
2026-02-06,ORD-103646,C-4818,North America,Email,Enterprise,Home,Vista Hub,2,214,0.12,376.64,303.03,73.61,29.52,2025-08-14
2026-02-06,ORD-103647,C-4447,EMEA,Paid Search,Enterprise,Audio,Echo Buds,1,79,0.03755474452554745,76.03,56.88,19.15,12.65,2023-05-04
2026-02-06,ORD-103648,C-4793,EMEA,Email,Consumer,Home,Nest Sensor,1,64,0.08,58.88,34.28,24.6,4.27,2024-06-03
2026-02-06,ORD-103649,C-4652,North America,Paid Search,Consumer,Accessories,Flux Cable,3,93,0.03755474452554745,268.52,171.28,97.24,44.66,2024-10-17
2026-02-06,ORD-103650,C-4382,APAC,Social,Consumer,Audio,Echo Buds,2,79,0,158,113.76,44.24,17.09,2024-02-21
2026-02-06,ORD-103651,C-4401,APAC,Organic,SMB,Audio,Echo Buds,1,79,0.09,71.89,56.88,15.01,0,2025-09-18
2026-02-06,ORD-103652,C-4697,APAC,Paid Search,SMB,Accessories,Shield Case,2,204,0.03755474452554745,392.68,275.78,116.9,65.32,2024-07-12
2026-02-06,ORD-103653,C-4482,North America,Organic,Consumer,Accessories,Shield Case,1,204,0,204,137.89,66.11,0,2024-03-21
2026-02-07,ORD-103654,C-4736,APAC,Paid Search,Enterprise,Accessories,Orbit Dock,2,208,0.037664233576642336,400.33,239.93,160.4,66.65,2025-05-31
2026-02-07,ORD-103655,C-4465,APAC,Paid Search,Enterprise,Audio,Echo Buds,4,79,0.15766423357664233,266.18,227.53,38.65,44.32,2023-09-06
2026-02-07,ORD-103656,C-4589,APAC,Email,Enterprise,Wearables,Aura Watch,3,329,0.2581021897810219,732.25,583.59,148.66,71.06,2024-05-01
2026-02-07,ORD-103657,C-4310,APAC,Social,Consumer,Audio,Echo Buds,3,79,0,237,170.65,66.35,21.42,2024-12-02
2026-02-07,ORD-103658,C-4440,EMEA,Organic,SMB,Wearables,Aura Watch,1,329,0.2281021897810219,253.95,194.54,59.41,0,2023-02-03
2026-02-07,ORD-103659,C-4136,APAC,Organic,SMB,Wearables,Nimbus Ring,1,245,0,245,178.82,66.18,0,2023-02-24
2026-02-07,ORD-103660,C-4186,APAC,Email,Enterprise,Wearables,Nimbus Ring,5,245,0.05,1163.75,894.1,269.65,81.39,2025-09-06
2026-02-07,ORD-103661,C-4678,North America,Social,SMB,Audio,Echo Buds,3,79,0.12,208.56,170.65,37.91,13.27,2025-02-22
2026-02-07,ORD-103662,C-4260,APAC,Email,Enterprise,Accessories,Flux Cable,3,93,0.06,262.26,171.28,90.98,26.93,2025-08-03
2026-02-07,ORD-103663,C-4649,LATAM,Paid Search,Consumer,Home,Vista Hub,2,214,0.037664233576642336,411.88,303.03,108.85,68.58,2023-11-08
2026-02-07,ORD-103664,C-4266,APAC,Social,Consumer,Wearables,Pulse Band,3,105,0,315,169.17,145.83,19.14,2024-05-09
2026-02-07,ORD-103665,C-4102,North America,Affiliate,Consumer,Wearables,Nimbus Ring,2,245,0.12,431.2,357.64,73.56,42.76,2023-05-28
2026-02-08,ORD-103666,C-4953,EMEA,Email,Consumer,Home,Beacon Lamp,1,192,0,192,144.33,47.67,13.32,2025-06-26
2026-02-08,ORD-103667,C-4655,APAC,Organic,Enterprise,Wearables,Aura Watch,9,329,0.1585036496350365,2491.67,1751.19,740.48,0,2024-11-10
2026-02-08,ORD-103668,C-4629,LATAM,Paid Search,Enterprise,Wearables,Nimbus Ring,8,245,0.037773722627737226,1885.96,1430.56,455.4,314.32,2024-04-04
2026-02-08,ORD-103669,C-4506,LATAM,Social,SMB,Home,Vista Hub,3,214,0.05,609.9,454.55,155.35,58.61,2024-10-26
2026-02-08,ORD-103670,C-4474,LATAM,Organic,SMB,Home,Vista Hub,3,214,0.05,609.9,454.55,155.35,0,2024-06-18
2026-02-08,ORD-103671,C-4788,North America,Organic,Enterprise,Wearables,Nimbus Ring,8,245,0,1960,1430.56,529.44,0,2024-10-31
2026-02-08,ORD-103672,C-4896,EMEA,Organic,Enterprise,Accessories,Orbit Dock,7,208,0,1456,839.77,616.23,0,2023-02-13
2026-02-08,ORD-103673,C-4437,EMEA,Paid Search,Consumer,Home,Beacon Lamp,2,192,0.037773722627737226,369.49,288.66,80.83,61.58,2025-01-12
2026-02-08,ORD-103674,C-4499,LATAM,Organic,Enterprise,Wearables,Aura Watch,4,329,0.2185036496350365,1028.45,778.3,250.15,0,2025-04-12
2026-02-08,ORD-103675,C-4237,LATAM,Social,,Audio,Echo Buds,3,79,0,237,170.65,66.35,16.41,2024-08-19
2026-02-09,ORD-103676,C-4300,EMEA,Affiliate,SMB,Wearables,Pulse Band,3,105,0.03,305.55,169.17,136.38,33.59,2023-12-07
2026-02-09,ORD-103677,C-4121,APAC,Organic,Consumer,Audio,Halo Headset,3,125,0.14,322.5,217.87,104.63,0,2023-08-26
2026-02-09,ORD-103678,C-4207,APAC,Organic,SMB,Home,Vista Hub,2,214,0.12,376.64,303.03,73.61,0,2023-11-23
2026-02-09,ORD-103679,C-4104,APAC,Social,Enterprise,Home,Nest Sensor,5,64,0.13,278.4,171.39,107.01,17.52,2023-05-25
2026-02-09,ORD-103680,C-4375,APAC,Organic,Enterprise,Wearables,Aura Watch,2,329,0.13890510948905108,566.6,389.24,177.36,0,2023-01-31
2026-02-09,ORD-103681,C-4864,North America,Email,Enterprise,Home,Vista Hub,1,214,0,214,151.52,62.48,15.89,2023-06-26
2026-02-09,ORD-103682,C-4754,North America,Paid Search,Consumer,Wearables,Nimbus Ring,1,245,0.037883211678832115,235.72,178.82,56.9,39.32,2025-06-20
2026-02-09,ORD-103683,C-4479,APAC,Affiliate,Enterprise,Home,Nest Sensor,8,64,0,512,274.22,237.78,34.36,2023-01-26
2026-02-09,ORD-103684,C-4925,LATAM,Organic,SMB,Wearables,Aura Watch,1,329,0.2489051094890511,247.11,194.63,52.48,0,2023-11-19
2026-02-09,ORD-103685,C-4918,EMEA,Affiliate,Consumer,Wearables,Aura Watch,2,329,0.13890510948905108,566.6,389.24,177.36,37.34,2023-11-15
2026-02-09,ORD-103686,C-4743,North America,Social,Consumer,Home,Nest Sensor,2,64,0,128,68.56,59.44,11.76,2025-05-06
2026-02-09,ORD-103687,C-4471,EMEA,Social,SMB,Wearables,Nimbus Ring,1,245,0,245,178.82,66.18,24.33,2025-09-03
2026-02-09,ORD-103688,C-4681,EMEA,Email,Enterprise,Home,Vista Hub,5,214,0,1070,757.59,312.41,104.68,2023-02-08
2026-02-09,ORD-103689,C-4988,North America,Paid Search,Enterprise,Wearables,Pulse Band,9,105,0.09788321167883211,852.5,507.51,344.99,142.22,2024-05-26
2026-02-10,ORD-103690,C-4759,LATAM,Affiliate,Consumer,Accessories,Orbit Dock,3,208,0,624,359.9,264.1,59.51,2024-11-10
2026-02-10,ORD-103691,C-4254,EMEA,Affiliate,Enterprise,Accessories,Flux Cable,5,93,0.07,432.45,285.47,146.98,30.64,2025-02-27
2026-02-10,ORD-103692,C-4415,North America,Email,SMB,Audio,Halo Headset,2,125,0,250,145.24,104.76,23.35,2024-07-18
2026-02-10,ORD-103693,C-4998,EMEA,Social,SMB,Wearables,Pulse Band,3,105,0.07,292.95,169.17,123.78,18.98,2023-09-15
2026-02-10,ORD-103694,C-4206,LATAM,Organic,Enterprise,Audio,Echo Buds,7,79,0.05,525.35,398.17,127.18,0,2024-07-31
2026-02-10,ORD-103695,C-4167,EMEA,Social,SMB,Wearables,Pulse Band,3,105,0,315,169.17,145.83,23.47,2023-04-27
2026-02-10,ORD-103696,C-4592,EMEA,Organic,Enterprise,Home,Beacon Lamp,7,192,0,1344,1010.32,333.68,0,2023-06-19
2026-02-10,ORD-103697,C-4230,EMEA,Social,Consumer,Accessories,Orbit Dock,2,208,0,416,239.93,176.07,36.15,2023-06-07
2026-02-10,ORD-103698,C-4510,EMEA,Organic,Consumer,Accessories,Orbit Dock,1,208,0.12,183.04,119.97,63.07,0,2023-07-12
2026-02-10,ORD-103699,C-4141,EMEA,Affiliate,Enterprise,Accessories,Shield Case,1,204,0,204,137.89,66.11,21.57,2025-01-05
2026-02-10,ORD-103700,C-4180,EMEA,Organic,Consumer,Accessories,Orbit Dock,2,208,0.11,370.24,239.93,130.31,0,2023-11-10
2026-02-10,ORD-103701,C-4378,EMEA,Paid Search,SMB,Accessories,Flux Cable,2,93,0.037992700729927005,178.93,114.19,64.74,29.88,2023-05-06
2026-02-10,ORD-103702,C-4415,LATAM,,SMB,Accessories,Orbit Dock,2,208,0.107992700729927,371.08,239.93,131.15,61.97,2023-01-21
2026-02-10,ORD-103703,C-4286,EMEA,Organic,Consumer,Home,Nest Sensor,2,64,0.05,121.6,68.56,53.04,0,2024-10-06
2026-02-10,ORD-103704,C-4103,LATAM,Organic,Enterprise,Home,Vista Hub,3,214,0,642,454.55,187.45,0,2023-04-05
2026-02-10,ORD-103705,C-4228,EMEA,Social,Consumer,Accessories,Shield Case,3,204,0.11,544.68,413.67,131.01,52.27,2023-07-08
2026-02-11,ORD-103706,C-4296,LATAM,Organic,Consumer,Wearables,Aura Watch,2,329,0.13970802919708028,566.07,389.43,176.64,0,2025-09-19
2026-02-11,ORD-103707,C-4875,North America,Organic,Enterprise,Audio,Echo Buds,1,79,0,79,56.88,22.12,0,2025-04-17
2026-02-11,ORD-103708,C-4896,North America,Organic,Enterprise,Wearables,Nimbus Ring,8,245,0,1960,1430.56,529.44,0,2025-06-05
2026-02-11,ORD-103709,C-4943,EMEA,Email,Consumer,Home,Beacon Lamp,1,192,0,192,144.33,47.67,15.72,2024-01-22
2026-02-11,ORD-103710,C-4772,North America,Email,Consumer,Wearables,Aura Watch,3,329,0.13970802919708028,849.11,584.14,264.97,82.63,2023-11-20
2026-02-11,ORD-103711,C-4627,LATAM,Paid Search,SMB,Audio,Halo Headset,2,125,0.038102189781021895,240.47,145.24,95.23,40.2,2025-04-03
2026-02-11,ORD-103712,C-4821,North America,Affiliate,Consumer,Home,Vista Hub,3,214,0.07,597.06,454.55,142.51,42.8,2024-02-03
2026-02-11,ORD-103713,C-4283,EMEA,Organic,SMB,Wearables,Nimbus Ring,2,245,0,490,357.64,132.36,0,2025-06-20
2026-02-11,ORD-103714,C-4545,EMEA,Organic,SMB,Wearables,Nimbus Ring,2,245,0.09,445.9,357.64,88.26,0,2024-02-26
2026-02-11,ORD-103715,C-4213,LATAM,Organic,Enterprise,Home,Nest Sensor,5,64,0,320,171.39,148.61,0,2023-07-09
2026-02-11,ORD-103716,C-4974,APAC,Email,Consumer,Wearables,Nimbus Ring,2,245,0,490,357.64,132.36,53.25,2023-03-19
2026-02-11,ORD-103717,C-4236,APAC,Social,SMB,Home,Vista Hub,2,214,0,428,303.03,124.97,41.58,2023-07-31
2026-02-11,ORD-103718,C-4977,LATAM,Social,SMB,Accessories,Flux Cable,3,93,0,279,171.28,107.72,20.89,2024-09-17
2026-02-11,ORD-103719,C-4715,APAC,Affiliate,Enterprise,Home,Beacon Lamp,1,192,0,192,144.33,47.67,16.02,2024-03-31
2026-02-11,ORD-103720,C-4318,APAC,Email,SMB,Home,Beacon Lamp,1,192,0,192,144.33,47.67,13.71,2023-04-30
2026-02-11,ORD-103721,C-4836,North America,Organic,Consumer,Wearables,Aura Watch,3,329,0.13970802919708028,849.11,584.14,264.97,0,2023-04-28
2026-02-12,ORD-103722,C-4453,EMEA,Organic,Enterprise,Accessories,Flux Cable,9,93,0.14,719.82,513.85,205.97,0,2023-08-07
2026-02-12,ORD-103723,C-4796,North America,Organic,SMB,Accessories,Orbit Dock,2,208,0,416,239.93,176.07,0,2024-10-08
2026-02-12,ORD-103724,C-4957,APAC,Social,Consumer,Home,Vista Hub,2,214,0,428,303.03,124.97,31.72,2023-01-28
2026-02-12,ORD-103725,C-4676,APAC,Email,SMB,Audio,Echo Buds,2,79,0.01,156.42,113.76,42.66,15.8,2024-01-25
2026-02-12,ORD-103726,C-4638,LATAM,Organic,Enterprise,Home,Beacon Lamp,6,192,0,1152,865.98,286.02,0,2024-04-17
2026-02-12,ORD-103727,C-4210,North America,Organic,SMB,Accessories,Flux Cable,3,93,0,279,171.28,107.72,0,2023-11-14
2026-02-12,ORD-103728,C-4730,APAC,Email,Consumer,Audio,Echo Buds,2,79,0.01,156.42,113.76,42.66,12.74,2024-03-28
2026-02-12,ORD-103729,C-4143,North America,Affiliate,SMB,Home,Vista Hub,2,214,0,428,303.03,124.97,34.1,2023-07-12
2026-02-12,ORD-103730,C-4949,North America,Affiliate,Enterprise,Accessories,Shield Case,6,204,0.05,1162.8,827.34,335.46,87.63,2024-04-22
2026-02-13,ORD-103731,C-4231,APAC,Social,Enterprise,Accessories,Orbit Dock,3,208,0,624,359.9,264.1,55.93,2025-01-24
2026-02-13,ORD-103732,C-4893,North America,Social,Consumer,Wearables,Nimbus Ring,3,245,0.05,698.25,536.46,161.79,66.41,2023-08-01
2026-02-13,ORD-103733,C-4845,LATAM,Organic,Consumer,Home,Beacon Lamp,1,192,0,192,144.33,47.67,0,2025-03-07
2026-02-13,ORD-103734,C-4796,APAC,Paid Search,Enterprise,Wearables,Pulse Band,4,105,0.03832116788321168,403.91,225.56,178.35,67.65,2024-01-13
2026-02-13,ORD-103735,C-4818,LATAM,Affiliate,Enterprise,Home,Vista Hub,9,214,0,1926,1363.66,562.34,146.23,2023-10-02
2026-02-13,ORD-103736,C-4259,LATAM,Paid Search,Enterprise,Home,Vista Hub,1,214,0.03832116788321168,205.8,151.52,54.28,34.47,2024-08-02
2026-02-13,ORD-103737,C-4788,LATAM,Email,Enterprise,Wearables,Nimbus Ring,2,245,0.02,480.2,357.64,122.56,37.75,2024-08-10
2026-02-13,ORD-103738,C-4343,APAC,Paid Search,Consumer,Accessories,Shield Case,3,204,0.03832116788321168,588.55,413.67,174.88,98.57,2025-09-06
2026-02-13,ORD-103739,C-4345,North America,Organic,Consumer,Wearables,Aura Watch,3,329,0.2305109489051095,759.49,584.42,175.07,0,2024-08-04
2026-02-13,ORD-103740,C-4822,LATAM,Social,Consumer,Wearables,Nimbus Ring,3,245,0,735,536.46,198.54,74.14,2024-07-08
2026-02-14,ORD-103741,C-4122,North America,Affiliate,SMB,Home,Beacon Lamp,3,192,0.02,564.48,432.99,131.49,39.57,2024-01-20
2026-02-14,ORD-103742,C-4110,EMEA,Paid Search,SMB,Accessories,Flux Cable,2,93,0.12843065693430655,162.11,114.19,47.92,27.18,2023-06-01
2026-02-14,ORD-103743,C-4813,North America,Organic,Enterprise,Home,Beacon Lamp,5,192,0,960,721.65,238.35,0,2025-01-26
2026-02-14,ORD-103744,C-4555,LATAM,Organic,Consumer,Audio,Halo Headset,3,125,0,375,217.87,157.13,0,2023-01-25
2026-02-14,ORD-103745,C-4350,APAC,Organic,Consumer,Wearables,Nimbus Ring,3,245,0,735,536.46,198.54,0,2025-08-30
2026-02-14,ORD-103746,C-4512,APAC,,Enterprise,Home,Vista Hub,9,214,0.06,1810.44,1363.66,446.78,130.08,2023-07-14
2026-02-14,ORD-103747,C-4435,EMEA,Paid Search,SMB,Accessories,Orbit Dock,1,208,0.03843065693430657,200.01,119.97,80.04,33.53,2025-06-01
2026-02-14,ORD-103748,C-4769,LATAM,Email,Consumer,Wearables,Nimbus Ring,2,245,0.04,470.4,357.64,112.76,40.55,2023-06-21
2026-02-15,ORD-103749,C-4786,EMEA,Social,Enterprise,Home,Nest Sensor,5,64,0,320,171.39,148.61,20.47,2023-11-16
2026-02-15,ORD-103750,C-4210,APAC,Affiliate,Enterprise,Accessories,Flux Cable,6,93,0.04,535.68,342.57,193.11,37.54,2023-11-25
2026-02-15,ORD-103751,C-4946,North America,Organic,SMB,Audio,Halo Headset,2,125,0,250,145.24,104.76,0,2023-08-02
2026-02-15,ORD-103752,C-4984,APAC,Paid Search,Enterprise,Home,Nest Sensor,8,64,0.04854014598540146,487.15,274.22,212.93,81.75,2025-07-08
2026-02-15,ORD-103753,C-4426,North America,Email,SMB,Accessories,Flux Cable,3,93,0,279,171.28,107.72,21.05,2023-07-19
2026-02-15,ORD-103754,C-4829,North America,Organic,SMB,Audio,Echo Buds,2,79,0,158,113.76,44.24,0,2023-11-24
2026-02-15,ORD-103755,C-4849,LATAM,Paid Search,Consumer,Audio,Echo Buds,1,79,0.11854014598540147,69.64,56.88,12.76,11.69,2025-07-14
2026-02-15,ORD-103756,C-4976,LATAM,Social,Enterprise,Wearables,Nimbus Ring,6,245,0,1470,1072.92,397.08,99.9,2024-06-19
2026-02-15,ORD-103757,C-4341,APAC,Social,Enterprise,Home,Vista Hub,8,214,0.03,1660.64,1212.14,448.5,147.1,2025-01-16
2026-02-15,ORD-103758,C-4723,LATAM,Organic,Enterprise,Home,Beacon Lamp,4,192,0,768,577.32,190.68,0,2025-06-04
2026-02-15,ORD-103759,C-4959,North America,Organic,Enterprise,Audio,Echo Buds,9,79,0,711,511.94,199.06,0,2025-07-14
2026-02-16,ORD-103760,C-4397,EMEA,Paid Search,Enterprise,Home,Vista Hub,7,214,0.03864963503649635,1440.1,1060.62,379.48,241.9,2024-12-17
2026-02-16,ORD-103761,C-4392,LATAM,Affiliate,Consumer,Accessories,Orbit Dock,2,208,0.02,407.68,239.93,167.75,37.49,2025-01-17
2026-02-16,ORD-103762,C-4606,LATAM,Social,Enterprise,Audio,Halo Headset,2,125,0,250,145.24,104.76,24.78,2023-02-24
2026-02-16,ORD-103763,C-4132,EMEA,Paid Search,SMB,Home,Nest Sensor,1,64,0.03864963503649635,61.53,34.28,27.25,10.34,2025-01-05
2026-02-16,ORD-103764,C-4577,LATAM,Email,Enterprise,Audio,Echo Buds,4,79,0,316,227.53,88.47,34.49,2024-04-18
2026-02-16,ORD-103765,C-4580,North America,Organic,Enterprise,Wearables,Nimbus Ring,4,245,0,980,715.28,264.72,0,2023-01-01
2026-02-16,ORD-103766,C-4372,APAC,Paid Search,Enterprise,Wearables,Aura Watch,4,329,0.3003649635036496,920.72,779.76,140.96,154.66,2024-02-22
2026-02-16,ORD-103767,C-4476,LATAM,Email,SMB,Accessories,Orbit Dock,1,208,0.02,203.84,119.97,83.87,17.9,2025-07-13
2026-02-16,ORD-103768,C-4457,EMEA,Affiliate,Consumer,Audio,Echo Buds,1,79,0,79,56.88,22.12,7.99,2024-01-22
2026-02-16,ORD-103769,C-4347,EMEA,Email,Enterprise,Home,Nest Sensor,4,64,0,256,137.11,118.89,20.32,2023-07-02
2026-02-16,ORD-103770,C-4112,EMEA,Social,SMB,Wearables,Nimbus Ring,3,245,0,735,536.46,198.54,64.08,2023-07-17
2026-02-16,ORD-103771,C-4958,LATAM,Paid Search,SMB,Accessories,Orbit Dock,1,208,0.14864963503649636,177.08,119.97,57.11,29.74,2024-06-16
2026-02-16,ORD-103772,C-4714,APAC,Social,Consumer,Wearables,Pulse Band,3,105,0,315,169.17,145.83,34.54,2023-06-06
2026-02-16,ORD-103773,C-4266,LATAM,Email,SMB,Accessories,Shield Case,2,204,0.13,354.96,275.78,79.18,27.77,2025-07-26
2026-02-17,ORD-103774,C-4505,LATAM,Social,Consumer,Home,Nest Sensor,1,64,0.06,60.16,34.28,25.88,6.45,2025-04-06
2026-02-17,ORD-103775,C-4997,LATAM,Affiliate,Consumer,Accessories,Orbit Dock,2,208,0,416,239.93,176.07,37.77,2023-01-23
2026-02-17,ORD-103776,C-4575,EMEA,Social,SMB,Home,Nest Sensor,2,64,0.08,117.76,68.56,49.2,8.96,2024-01-14
2026-02-17,ORD-103777,C-4548,LATAM,Paid Search,SMB,Audio,Halo Headset,3,125,0.14875912408759123,319.22,217.87,101.35,53.67,2025-07-26
2026-02-17,ORD-103778,C-4760,APAC,Organic,Consumer,Home,Beacon Lamp,3,192,0.02,564.48,432.99,131.49,0,2023-07-19
2026-02-17,ORD-103779,C-4255,EMEA,Paid Search,SMB,Accessories,Flux Cable,1,93,0.16875912408759125,77.31,57.09,20.22,13,2023-04-17
2026-02-17,ORD-103780,C-4261,APAC,Paid Search,Enterprise,Wearables,Nimbus Ring,7,245,0.13875912408759125,1477.03,1251.74,225.29,248.35,2023-04-13
2026-02-17,ORD-103781,C-4297,North America,Organic,SMB,Home,Beacon Lamp,3,192,0,576,432.99,143.01,0,2024-06-30
2026-02-17,ORD-103782,C-4329,North America,Organic,Enterprise,Accessories,Shield Case,4,204,0,816,551.56,264.44,0,2025-07-17
2026-02-17,ORD-103783,C-4521,EMEA,Email,Enterprise,Home,Nest Sensor,3,64,0.02,188.16,102.83,85.33,17.06,2023-02-27
2026-02-17,ORD-103784,C-4776,LATAM,Social,Consumer,Wearables,Pulse Band,2,105,0.08,193.2,112.78,80.42,15.23,2024-09-20
2026-02-17,ORD-103785,C-4968,EMEA,Paid Search,SMB,Home,Nest Sensor,3,64,0.03875912408759124,184.56,102.83,81.73,31.03,2024-12-12
2026-02-17,ORD-103786,C-4188,LATAM,Paid Search,Enterprise,Wearables,Nimbus Ring,6,245,0.03875912408759124,1413.02,1072.92,340.1,237.58,2023-11-26
2026-02-18,ORD-103787,C-4247,APAC,Organic,Enterprise,Audio,Echo Buds,2,79,0.04,151.68,113.76,37.92,0,2023-12-03
2026-02-18,ORD-103788,C-4587,North America,Affiliate,Enterprise,Accessories,Orbit Dock,9,208,0.15,1591.2,1079.7,511.5,115.94,2024-07-04
2026-02-18,ORD-103789,C-4917,North America,Affiliate,Consumer,Accessories,Flux Cable,2,93,0,186,114.19,71.81,12.02,2024-05-27
2026-02-18,ORD-103790,C-4315,APAC,Affiliate,Consumer,Wearables,Nimbus Ring,2,245,0.13,426.3,357.64,68.66,30.25,2024-06-26
2026-02-18,ORD-103791,C-4875,North America,Affiliate,SMB,Home,Nest Sensor,1,64,0,64,34.28,29.72,5.34,2023-03-19
2026-02-18,ORD-103792,C-4183,North America,Email,SMB,Wearables,Aura Watch,2,329,0.1425182481751825,564.22,390.06,174.16,37.53,2023-11-07
2026-02-18,ORD-103793,C-4489,EMEA,Organic,Consumer,Wearables,Pulse Band,2,105,0.11,186.9,112.78,74.12,0,2023-07-11
2026-02-18,ORD-103794,C-4513,APAC,Social,Consumer,Home,Beacon Lamp,2,192,0.03,372.48,288.66,83.82,24.69,2024-01-10
2026-02-19,ORD-103795,C-4322,LATAM,Organic,Consumer,Accessories,Shield Case,1,204,0,204,137.89,66.11,0,2023-07-23
2026-02-19,ORD-103796,C-4408,LATAM,Paid Search,Enterprise,Wearables,Aura Watch,5,329,0.18189781021897808,1345.78,975.4,370.38,226.72,2025-07-03
2026-02-19,ORD-103797,C-4819,EMEA,Email,SMB,Home,Beacon Lamp,1,192,0.1,172.8,144.33,28.47,17.07,2025-06-28
2026-02-19,ORD-103798,C-4471,EMEA,Organic,Consumer,Accessories,Shield Case,1,204,0,204,137.89,66.11,0,2024-11-14
2026-02-19,ORD-103799,C-4457,EMEA,Organic,SMB,Home,Beacon Lamp,2,192,0.04,368.64,288.66,79.98,0,2023-04-01
2026-02-19,ORD-103800,C-4712,LATAM,Social,Enterprise,Home,Beacon Lamp,7,192,0.14,1155.84,1010.32,145.52,90.86,2024-12-22
2026-02-19,ORD-103801,C-4414,North America,Social,Enterprise,Home,Vista Hub,9,214,0,1926,1363.66,562.34,120.84,2025-07-16
2026-02-19,ORD-103802,C-4880,LATAM,Organic,,Home,Nest Sensor,1,64,0,64,34.28,29.72,0,2023-08-24
2026-02-19,ORD-103803,C-4916,EMEA,Social,Enterprise,Wearables,Nimbus Ring,6,245,0.07,1367.1,1072.92,294.18,99.28,2025-03-13
2026-02-19,ORD-103804,C-4285,EMEA,Organic,Consumer,Wearables,Aura Watch,3,329,0.14291970802919707,845.94,585.24,260.7,0,2024-02-27
2026-02-19,ORD-103805,C-4934,North America,Email,Consumer,Audio,Echo Buds,1,79,0,79,56.88,22.12,4.97,2023-06-06
2026-02-19,ORD-103806,C-4744,LATAM,Social,Enterprise,Accessories,Shield Case,7,204,0,1428,965.23,462.77,106.01,2025-03-16
2026-02-19,ORD-103807,C-4428,LATAM,Email,SMB,Audio,Halo Headset,3,125,0,375,217.87,157.13,32.91,2025-01-11
2026-02-19,ORD-103808,C-4529,LATAM,Email,SMB,Accessories,Flux Cable,2,93,0,186,114.19,71.81,14.98,2024-09-01
2026-02-19,ORD-103809,C-4895,North America,Organic,SMB,Home,Vista Hub,1,214,0,214,151.52,62.48,0,2024-10-31
2026-02-20,ORD-103810,C-4796,APAC,Email,SMB,Wearables,Aura Watch,2,329,0.21332116788321168,517.63,390.25,127.38,43.32,2024-11-05
2026-02-20,ORD-103811,C-4474,APAC,Paid Search,Enterprise,Audio,Echo Buds,7,79,0.03908759124087591,531.38,398.17,133.21,89.61,2024-01-11
2026-02-20,ORD-103812,C-4698,APAC,Social,Enterprise,Home,Nest Sensor,5,64,0.12,281.6,171.39,110.21,28.32,2024-05-04
2026-02-20,ORD-103813,C-4627,LATAM,Paid Search,Consumer,Home,Vista Hub,3,214,0.07908759124087592,591.23,454.55,136.68,99.7,2024-05-29
2026-02-20,ORD-103814,C-4996,APAC,Social,SMB,Audio,Echo Buds,1,79,0.13,68.73,56.88,11.85,7.24,2024-03-03
2026-02-21,ORD-103815,C-4954,APAC,Organic,SMB,Accessories,Shield Case,3,204,0,612,413.67,198.33,0,2025-01-24
2026-02-21,ORD-103816,C-4868,APAC,Social,Enterprise,Wearables,Pulse Band,8,105,0,840,451.12,388.88,90.25,2023-08-04
2026-02-21,ORD-103817,C-4248,APAC,Paid Search,Enterprise,Wearables,Aura Watch,1,329,0.1829197080291971,268.82,195.17,73.65,45.38,2023-01-16
2026-02-21,ORD-103818,C-4230,North America,Social,Enterprise,Audio,Halo Headset,4,125,0.05,475,290.49,184.51,49.06,2025-05-25
2026-02-21,ORD-103819,C-4949,APAC,Organic,Consumer,Audio,Echo Buds,1,79,0,79,56.88,22.12,0,2023-04-16
2026-02-21,ORD-103820,C-4744,North America,Social,SMB,Accessories,Shield Case,3,204,0,612,413.67,198.33,55.72,2025-05-09
2026-02-21,ORD-103821,C-4505,LATAM,Social,Enterprise,Accessories,Flux Cable,2,93,0,186,114.19,71.81,11.35,2023-01-01
2026-02-21,ORD-103822,C-4106,EMEA,Paid Search,SMB,Accessories,Orbit Dock,3,208,0.039197080291970804,599.54,359.9,239.64,101.2,2023-07-29
2026-02-22,ORD-103823,C-4246,LATAM,Organic,Enterprise,Home,Beacon Lamp,1,192,0.11,170.88,144.33,26.55,0,2023-03-08
2026-02-22,ORD-103824,C-4807,APAC,Organic,Consumer,Accessories,Orbit Dock,2,208,0.04,399.36,239.93,159.43,0,2023-06-14
2026-02-22,ORD-103825,C-4172,EMEA,Organic,Consumer,Accessories,Orbit Dock,3,208,0.04,599.04,359.9,239.14,0,2023-01-10
2026-02-22,ORD-103826,C-4432,APAC,Social,Enterprise,Accessories,Orbit Dock,2,208,0.13,361.92,239.93,121.99,33.89,2025-02-24
2026-02-22,ORD-103827,C-4693,North America,Organic,Consumer,Home,Vista Hub,1,214,0,214,151.52,62.48,0,2025-06-04
2026-02-22,ORD-103828,C-4727,APAC,Organic,Enterprise,Audio,Halo Headset,4,125,0.1,450,290.49,159.51,0,2023-10-04
2026-02-22,ORD-103829,C-4287,North America,Social,SMB,Audio,Halo Headset,3,125,0,375,217.87,157.13,24.83,2024-03-31
2026-02-22,ORD-103830,C-4593,APAC,Paid Search,SMB,Wearables,Pulse Band,2,105,0.03930656934306569,201.75,112.78,88.97,34.09,2023-11-12
2026-02-22,ORD-103831,C-4783,LATAM,Organic,Enterprise,Wearables,Aura Watch,6,329,0.29412408759124087,1393.4,1171.29,222.11,0,2024-08-21
2026-02-22,ORD-103832,C-4871,LATAM,Social,SMB,Accessories,Flux Cable,1,93,0.1,83.7,57.09,26.61,9,2023-09-05
2026-02-22,ORD-103833,C-4130,EMEA,Social,Consumer,Wearables,Nimbus Ring,3,245,0.04,705.6,536.46,169.14,48.59,2023-12-04
2026-02-22,ORD-103834,C-4217,APAC,Affiliate,Consumer,Wearables,Pulse Band,2,105,0,210,112.78,97.22,14,2025-04-10
2026-02-22,ORD-103835,C-4453,EMEA,Email,SMB,Home,Beacon Lamp,3,192,0,576,432.99,143.01,60.51,2024-07-20
2026-02-22,ORD-103836,C-4126,North America,Organic,Enterprise,Wearables,Pulse Band,6,105,0,630,338.34,291.66,0,2024-03-15
2026-02-22,ORD-103837,C-4951,LATAM,Paid Search,SMB,Audio,Halo Headset,2,125,0.03930656934306569,240.17,145.24,94.93,40.58,2023-07-12
2026-02-23,ORD-103838,C-4187,North America,Affiliate,Enterprise,Home,Nest Sensor,4,64,0.03,248.32,137.11,111.21,23.84,2025-05-22
2026-02-23,ORD-103839,C-4628,EMEA,Organic,Enterprise,Home,Beacon Lamp,5,192,0,960,721.65,238.35,0,2024-04-21
2026-02-23,ORD-103840,C-4268,North America,Organic,Enterprise,Accessories,Shield Case,9,204,0,1836,1241.01,594.99,0,2023-11-18
2026-02-23,ORD-103841,C-4682,LATAM,Email,Consumer,Wearables,Pulse Band,1,105,0,105,56.39,48.61,8.25,2025-09-09
2026-02-23,ORD-103842,C-4611,APAC,Paid Search,SMB,Accessories,Flux Cable,3,93,0.07941605839416058,256.84,171.28,85.56,43.44,2024-02-03
2026-02-23,ORD-103843,C-4441,EMEA,Organic,SMB,Wearables,Pulse Band,2,105,0,210,112.78,97.22,0,2025-03-22
2026-02-23,ORD-103844,C-4303,APAC,Social,SMB,Accessories,Shield Case,2,204,0,408,275.78,132.22,38.05,2025-08-04
2026-02-23,ORD-103845,C-4316,EMEA,Organic,Enterprise,Accessories,Orbit Dock,5,208,0.12,915.2,599.83,315.37,0,2023-11-04
2026-02-23,ORD-103846,C-4657,North America,Organic,Enterprise,Accessories,Orbit Dock,2,208,0.1,374.4,239.93,134.47,0,2023-10-01
2026-02-23,ORD-103847,C-4126,North America,Organic,Consumer,Audio,Echo Buds,1,79,0,79,56.88,22.12,0,2023-08-12
2026-02-23,ORD-103848,C-4772,APAC,Paid Search,Consumer,Accessories,Shield Case,2,204,0.05941605839416059,383.76,275.78,107.98,64.9,2025-05-27
2026-02-24,ORD-103849,C-4178,LATAM,Email,Consumer,Audio,Halo Headset,2,125,0,250,145.24,104.76,15.57,2025-06-03
2026-02-24,ORD-103850,C-4268,EMEA,Paid Search,SMB,Accessories,Flux Cable,2,93,0.03952554744525547,178.65,114.19,64.46,30.24,2023-04-04
2026-02-24,ORD-103851,C-4274,APAC,Organic,Consumer,Accessories,Flux Cable,3,93,0,279,171.28,107.72,0,2023-06-22
2026-02-24,ORD-103852,C-4507,APAC,Paid Search,SMB,Audio,Echo Buds,3,79,0.11952554744525548,208.67,170.65,38.02,35.33,2023-04-13
2026-02-24,ORD-103853,C-4788,EMEA,Social,SMB,Home,Beacon Lamp,3,192,0.01,570.24,432.99,137.25,55.27,2023-03-12
2026-02-24,ORD-103854,C-4890,North America,Social,Enterprise,Audio,Halo Headset,1,125,0,125,72.62,52.38,13.64,2023-06-28
2026-02-24,ORD-103855,C-4406,APAC,Email,Enterprise,Accessories,Orbit Dock,8,208,0,1664,959.73,704.27,143,2025-01-13
2026-02-24,ORD-103856,C-4628,EMEA,Social,SMB,Audio,Halo Headset,3,125,0,375,217.87,157.13,30.73,2024-06-18
2026-02-24,ORD-103857,C-4823,APAC,Email,Enterprise,Audio,Halo Headset,7,125,0.09,796.25,508.35,287.9,61.14,2025-04-14
2026-02-25,ORD-103858,C-4827,APAC,Email,Consumer,Home,Vista Hub,3,214,0.09,584.22,454.55,129.67,48.95,2024-12-29
2026-02-25,ORD-103859,C-4890,APAC,Paid Search,Enterprise,Audio,Halo Headset,5,125,0.03963503649635036,600.23,363.11,237.12,101.71,2023-02-02
2026-02-25,ORD-103860,C-4142,LATAM,Social,Consumer,Home,Vista Hub,3,214,0.14,552.12,454.55,97.57,49.87,2024-10-08
2026-02-25,ORD-103861,C-4249,LATAM,Social,Enterprise,Home,Vista Hub,7,214,0.07,1393.14,1060.62,332.52,132.32,2024-03-25
2026-02-25,ORD-103862,C-4513,North America,Email,Consumer,Wearables,Pulse Band,3,105,0,315,169.17,145.83,34.19,2025-01-20
2026-02-25,ORD-103863,C-4108,APAC,Email,SMB,Home,Beacon Lamp,3,192,0,576,432.99,143.01,59.36,2024-10-28
2026-02-25,ORD-103864,C-4721,North America,Email,Enterprise,Accessories,Flux Cable,1,93,0,93,57.09,35.91,6.62,2024-10-08
2026-02-25,ORD-103865,C-4627,North America,Organic,SMB,Home,Nest Sensor,1,64,0,64,34.28,29.72,0,2025-02-03
2026-02-25,ORD-103866,C-4117,North America,Social,Consumer,Wearables,Aura Watch,3,329,0.14532846715328468,843.56,586.06,257.5,53.85,2024-11-12
2026-02-25,ORD-103867,C-4308,North America,Paid Search,Enterprise,Wearables,Pulse Band,6,105,0.18963503649635036,510.53,338.34,172.19,86.51,2023-08-17
2026-02-25,ORD-103868,C-4990,North America,Affiliate,Enterprise,Wearables,Aura Watch,4,329,0.24532846715328469,993.15,781.41,211.74,94.5,2023-12-13
2026-02-26,ORD-103869,C-4929,North America,Affiliate,Enterprise,Home,Nest Sensor,3,64,0,192,102.83,89.17,17.09,2025-01-02
2026-02-26,ORD-103870,C-4215,LATAM,Social,Enterprise,Audio,Halo Headset,8,125,0,1000,580.98,419.02,79.59,2024-12-17
2026-02-26,ORD-103871,C-4755,North America,Social,Consumer,Home,Vista Hub,2,214,0,428,303.03,124.97,42.18,2023-02-01
2026-02-26,ORD-103872,C-4209,APAC,Email,Enterprise,Home,Vista Hub,6,214,0,1284,909.1,374.9,99.7,2024-11-28
2026-02-26,ORD-103873,C-4366,EMEA,Social,SMB,Home,Nest Sensor,2,64,0,128,68.56,59.44,11.02,2024-11-25
2026-02-26,ORD-103874,C-4277,APAC,Social,Consumer,Wearables,Pulse Band,3,105,0,315,169.17,145.83,27.23,2024-03-28
2026-02-26,ORD-103875,C-4498,North America,Paid Search,Consumer,Accessories,Orbit Dock,3,208,0.03974452554744525,599.2,359.9,239.3,101.63,2024-03-28
2026-02-26,ORD-103876,C-4437,North America,Social,SMB,Wearables,Pulse Band,3,105,0.07,292.95,169.17,123.78,22.9,2024-07-06
2026-02-26,ORD-103877,C-4264,LATAM,Affiliate,SMB,Audio,Halo Headset,3,125,0.04,360,217.87,142.13,32.5,2024-11-19
2026-02-26,ORD-103878,C-4753,EMEA,Paid Search,Consumer,Accessories,Orbit Dock,2,208,0.03974452554744525,399.47,239.93,159.54,67.76,2024-01-09
2026-02-26,ORD-103879,C-4899,North America,Paid Search,Enterprise,Wearables,Aura Watch,5,329,0.21547445255474454,1290.54,976.99,313.55,218.9,2024-11-03
2026-02-26,ORD-103880,C-4838,LATAM,Affiliate,SMB,Wearables,Nimbus Ring,1,245,0.09,222.95,178.82,44.13,19.31,2023-05-21
2026-02-26,ORD-103881,C-4989,North America,Organic,SMB,Audio,Echo Buds,3,79,0.09,215.67,170.65,45.02,0,2023-03-09
2026-02-26,ORD-103882,C-4749,North America,Social,Enterprise,Audio,Echo Buds,9,79,0.12,625.68,511.94,113.74,41.3,2024-08-06
2026-02-26,ORD-103883,C-4485,LATAM,Paid Search,SMB,Wearables,Aura Watch,1,329,0.3154744525547445,225.21,195.4,29.81,38.2,2023-12-31
2026-02-26,ORD-103884,C-4356,EMEA,Paid Search,SMB,Home,Vista Hub,2,214,0.03974452554744525,410.99,303.03,107.96,69.71,2025-06-15
2026-02-27,ORD-103885,C-4763,EMEA,Organic,Enterprise,Wearables,Aura Watch,9,329,0.14613138686131386,2528.3,1759,769.3,0,2025-02-12
2026-02-27,ORD-103886,C-4202,EMEA,Social,Consumer,Home,Nest Sensor,1,64,0.12,56.32,34.28,22.04,5.54,2024-08-05
2026-02-27,ORD-103887,C-4145,APAC,Paid Search,SMB,Wearables,Aura Watch,2,329,0.18598540145985398,535.62,390.89,144.73,90.94,2024-10-30
2026-02-27,ORD-103888,C-4512,APAC,Email,Consumer,Wearables,Aura Watch,2,329,0.2861313868613139,469.73,390.89,78.84,46.43,2024-05-07
2026-02-27,ORD-103889,C-4926,North America,Paid Search,Consumer,Accessories,Shield Case,2,204,0.03985401459854014,391.74,275.78,115.96,66.51,2023-07-22
2026-02-27,ORD-103890,C-4199,APAC,Social,SMB,Accessories,Shield Case,2,204,0,408,275.78,132.22,43.82,2025-01-01
2026-02-27,ORD-103891,C-4322,EMEA,Organic,Consumer,Audio,Echo Buds,2,79,0.15,134.3,113.76,20.54,0,2023-05-21
2026-02-27,ORD-103892,C-4102,North America,Email,Consumer,Audio,Echo Buds,2,79,0,158,113.76,44.24,12.06,2024-02-26
2026-02-27,ORD-103893,C-4905,APAC,Email,SMB,Accessories,Flux Cable,2,93,0,186,114.19,71.81,19.63,2023-05-06
2026-02-27,ORD-103894,C-4294,APAC,Social,SMB,Home,Beacon Lamp,2,192,0,384,288.66,95.34,24.06,2023-03-23
2026-02-27,ORD-103895,C-4966,EMEA,Social,Enterprise,Audio,Halo Headset,9,125,0,1125,653.6,471.4,97.15,2023-12-31
2026-02-28,ORD-103896,C-4323,APAC,Organic,Consumer,Wearables,Nimbus Ring,1,245,0,245,178.82,66.18,0,2025-08-02
2026-02-28,ORD-103897,C-4741,LATAM,Email,Consumer,Wearables,Aura Watch,1,329,0.14653284671532849,280.79,195.49,85.3,26.96,2024-09-25
2026-02-28,ORD-103898,C-4822,APAC,Organic,Enterprise,Accessories,Flux Cable,7,93,0.06,611.94,399.66,212.28,0,2024-09-27
2026-02-28,ORD-103899,C-4215,EMEA,Paid Search,SMB,Accessories,Flux Cable,3,93,0.03996350364963504,267.85,171.28,96.57,45.52,2025-07-26
2026-02-28,ORD-103900,C-4304,LATAM,Email,SMB,Wearables,Pulse Band,2,105,0,210,112.78,97.22,16.19,2024-12-03
2026-02-28,ORD-103901,C-4778,EMEA,Paid Search,Enterprise,Wearables,Pulse Band,5,105,0.03996350364963504,504.02,281.95,222.07,85.66,2023-06-03
2026-02-28,ORD-103902,C-4669,EMEA,Organic,SMB,Accessories,Shield Case,1,204,0.13,177.48,137.89,39.59,0,2024-11-19
2026-02-28,ORD-103903,C-4730,EMEA,Email,Consumer,Home,Nest Sensor,2,64,0.02,125.44,68.56,56.88,12.69,2023-03-23
2026-02-28,ORD-103904,C-4386,EMEA,Affiliate,Enterprise,Wearables,Nimbus Ring,9,245,0,2205,1609.39,595.61,168.58,2024-06-24
2026-02-28,ORD-103905,C-4919,APAC,Organic,SMB,Wearables,Nimbus Ring,2,245,0.12,431.2,357.64,73.56,0,2024-09-10
2026-03-01,ORD-103906,C-4431,LATAM,Email,Consumer,Audio,Echo Buds,2,79,0.03,153.26,113.76,39.5,13.98,2023-03-16
2026-03-01,ORD-103907,C-4208,APAC,Social,SMB,Accessories,Shield Case,3,204,0,612,413.67,198.33,47.78,2023-09-04
2026-03-01,ORD-103908,C-4802,EMEA,Paid Search,SMB,Accessories,Shield Case,1,204,0.05007299270072993,193.79,137.89,55.9,32.97,2023-09-16
2026-03-01,ORD-103909,C-4197,EMEA,Paid Search,Consumer,Wearables,Aura Watch,2,329,0.18700729927007298,534.95,391.07,143.88,91,2024-03-16
2026-03-01,ORD-103910,C-4154,APAC,Email,Enterprise,Home,Nest Sensor,2,64,0.11,113.92,68.56,45.36,8.06,2024-09-06
2026-03-01,ORD-103911,C-4662,APAC,Paid Search,SMB,Audio,Halo Headset,1,125,0.05007299270072993,118.74,72.62,46.12,20.2,2025-06-30
2026-03-01,ORD-103912,C-4129,North America,Affiliate,Enterprise,Home,Nest Sensor,4,64,0,256,137.11,118.89,25.75,2023-09-11
2026-03-01,ORD-103913,C-4497,EMEA,Organic,Consumer,Wearables,Nimbus Ring,2,245,0,490,357.64,132.36,0,2024-09-30
2026-03-01,ORD-103914,C-4908,LATAM,Paid Search,SMB,Audio,Halo Headset,3,125,0.04007299270072993,359.97,217.87,142.1,61.23,2024-02-11
2026-03-01,ORD-103915,C-4119,LATAM,Email,Enterprise,Wearables,Pulse Band,3,105,0.09,286.65,169.17,117.48,30.9,2025-07-23
2026-03-01,ORD-103916,C-4543,APAC,Paid Search,SMB,Accessories,Orbit Dock,3,208,0.10007299270072992,561.55,359.9,201.65,95.52,2024-09-07
2026-03-01,ORD-103917,C-4917,EMEA,Social,SMB,Accessories,Flux Cable,1,93,0.05,88.35,57.09,31.26,7.09,2025-02-22
2026-03-01,ORD-103918,C-4405,LATAM,Paid Search,SMB,Audio,Halo Headset,1,125,0.04007299270072993,119.99,72.62,47.37,20.41,2024-07-25
2026-03-01,ORD-103919,C-4352,EMEA,Affiliate,Enterprise,Accessories,Orbit Dock,1,208,0,208,119.97,88.03,14.58,2024-09-23
2026-03-01,ORD-103920,C-4269,APAC,Organic,Enterprise,Accessories,Orbit Dock,4,208,0.12,732.16,479.87,252.29,0,2023-06-19
2026-03-01,ORD-103921,C-4544,LATAM,Organic,SMB,Audio,Echo Buds,1,79,0,79,56.88,22.12,0,2025-09-24
2026-03-01,ORD-103922,C-4939,APAC,Email,Enterprise,Home,Beacon Lamp,8,192,0,1536,1154.65,381.35,98.14,2024-01-08
2026-03-02,ORD-103923,C-4767,APAC,Paid Search,SMB,Home,Nest Sensor,1,64,0.14018248175182482,55.03,34.28,20.75,9.37,2023-11-02
2026-03-02,ORD-103924,C-4539,North America,Organic,Enterprise,Accessories,Shield Case,7,204,0,1428,965.23,462.77,0,2025-03-28
2026-03-02,ORD-103925,C-4461,EMEA,Organic,Consumer,Accessories,Flux Cable,1,93,0.1,83.7,57.09,26.61,0,2025-05-30
2026-03-02,ORD-103926,C-4274,LATAM,Affiliate,SMB,Accessories,Flux Cable,1,93,0,93,57.09,35.91,9.46,2023-03-01
2026-03-02,ORD-103927,C-4350,EMEA,Affiliate,Consumer,Audio,Echo Buds,2,79,0,158,113.76,44.24,15.27,2025-07-21
2026-03-02,ORD-103928,C-4576,APAC,Social,Enterprise,Wearables,Pulse Band,4,105,0,420,225.56,194.44,27.14,2024-08-09
2026-03-02,ORD-103929,C-4468,APAC,Email,Consumer,Audio,Echo Buds,3,79,0,237,170.65,66.35,20.33,2023-12-24
2026-03-02,ORD-103930,C-4759,EMEA,Email,Consumer,Wearables,Aura Watch,1,329,0.19733576642335765,264.08,195.59,68.49,20.63,2023-08-12
2026-03-02,ORD-103931,C-4484,North America,Social,SMB,Home,Beacon Lamp,3,192,0,576,432.99,143.01,38.23,2024-05-31
2026-03-02,ORD-103932,C-4307,APAC,Organic,Consumer,Home,Vista Hub,1,214,0,214,151.52,62.48,0,2025-04-25
2026-03-02,ORD-103933,C-4458,LATAM,Social,Consumer,Audio,Echo Buds,3,79,0,237,170.65,66.35,20.03,2024-01-23
2026-03-02,ORD-103934,C-4111,LATAM,Email,Enterprise,Wearables,Aura Watch,4,329,0.14733576642335766,1122.11,782.32,339.79,112.19,2025-07-29
2026-03-02,ORD-103935,C-4615,LATAM,Organic,SMB,Accessories,Flux Cable,2,93,0,186,114.19,71.81,0,2025-01-25
2026-03-03,ORD-103936,C-4768,LATAM,Social,Consumer,Wearables,Aura Watch,1,329,0.14773722627737226,280.39,195.63,84.76,25.06,2023-02-12
2026-03-03,ORD-103937,C-4244,APAC,Paid Search,Consumer,Wearables,Pulse Band,2,105,0.040291970802919706,201.54,112.78,88.76,34.35,2025-09-02
2026-03-03,ORD-103938,C-4910,EMEA,Affiliate,Enterprise,Accessories,Flux Cable,4,93,0,372,228.38,143.62,37.45,2024-01-18
2026-03-03,ORD-103939,C-4201,North America,Social,SMB,Wearables,Aura Watch,2,329,0.22773722627737225,508.15,391.25,116.9,46.08,2023-09-17
2026-03-03,ORD-103940,C-4317,LATAM,Organic,SMB,Home,Beacon Lamp,3,192,0.11,512.64,432.99,79.65,0,2023-10-13
2026-03-03,ORD-103941,C-4726,EMEA,Affiliate,SMB,Wearables,Aura Watch,1,329,0.14773722627737226,280.39,195.63,84.76,26.49,2023-11-29
2026-03-03,ORD-103942,C-4905,APAC,Social,Consumer,Wearables,Pulse Band,1,105,0,105,56.39,48.61,9.95,2025-06-01
2026-03-03,ORD-103943,C-4697,APAC,Social,Enterprise,Home,Vista Hub,1,214,0,214,151.52,62.48,14.91,2024-07-02
2026-03-03,ORD-103944,C-4436,LATAM,Organic,Enterprise,Wearables,Aura Watch,2,329,0.14773722627737226,560.79,391.25,169.54,0,2025-08-27
2026-03-03,ORD-103945,C-4664,APAC,Affiliate,SMB,Wearables,Pulse Band,2,105,0,210,112.78,97.22,14.93,2024-07-20
2026-03-03,ORD-103946,C-4481,North America,Social,SMB,Home,Vista Hub,2,214,0,428,303.03,124.97,32.87,2023-03-08
2026-03-03,ORD-103947,C-4528,North America,Paid Search,Consumer,Wearables,Aura Watch,1,329,0.18802919708029198,267.14,195.63,71.51,45.53,2024-07-03
2026-03-03,ORD-103948,C-4521,LATAM,Affiliate,Enterprise,Audio,Halo Headset,6,125,0,750,435.73,314.27,68.59,2024-08-25
2026-03-03,ORD-103949,C-4544,North America,Social,Enterprise,Wearables,Pulse Band,7,105,0,735,394.73,340.27,66.47,2025-03-26
2026-03-03,ORD-103950,C-4602,APAC,Paid Search,Consumer,Home,Nest Sensor,2,64,0.040291970802919706,122.84,68.56,54.28,20.94,2024-07-03
2026-03-03,ORD-103951,C-4365,LATAM,Paid Search,Enterprise,Audio,Echo Buds,7,79,0.17029197080291972,458.83,398.17,60.66,78.2,2025-03-28
2026-03-03,ORD-103952,C-4668,APAC,Social,Consumer,Wearables,Nimbus Ring,3,245,0.06,690.9,536.46,154.44,73.26,2024-09-24
2026-03-03,ORD-103953,C-4894,APAC,Paid Search,SMB,Wearables,Pulse Band,1,105,0.18029197080291973,86.07,56.39,29.68,14.67,2023-07-21
2026-03-03,ORD-103954,C-4137,LATAM,Organic,Enterprise,Home,Vista Hub,1,214,0,214,151.52,62.48,0,2023-10-06
2026-03-04,ORD-103955,C-4417,EMEA,Social,Consumer,Wearables,Nimbus Ring,3,245,0,735,536.46,198.54,73.48,2023-02-05
2026-03-04,ORD-103956,C-4175,APAC,Email,Enterprise,Accessories,Orbit Dock,2,208,0,416,239.93,176.07,35.47,2023-04-24
2026-03-04,ORD-103957,C-4505,LATAM,Social,Consumer,Audio,Halo Headset,1,125,0.12,110,72.62,37.38,10.46,2024-10-15
2026-03-04,ORD-103958,C-4898,North America,Affiliate,Enterprise,Home,Beacon Lamp,3,192,0.07,535.68,432.99,102.69,35.51,2025-02-21
2026-03-04,ORD-103959,C-4326,EMEA,Social,SMB,Audio,Echo Buds,1,79,0.13,68.73,56.88,11.85,5.85,2023-01-11
2026-03-04,ORD-103960,C-4929,EMEA,Email,Consumer,Home,Vista Hub,3,214,0.08,590.64,454.55,136.09,49.64,2024-05-28
2026-03-04,ORD-103961,C-4848,LATAM,Social,SMB,Wearables,Nimbus Ring,3,245,0,735,536.46,198.54,46.02,2023-09-22
2026-03-04,ORD-103962,C-4805,EMEA,Email,Enterprise,Accessories,Orbit Dock,2,208,0,416,239.93,176.07,32.08,2024-10-01
2026-03-04,ORD-103963,C-4532,North America,Affiliate,Enterprise,Audio,Halo Headset,7,125,0,875,508.35,366.65,93.71,2025-05-21
2026-03-04,ORD-103964,C-4410,APAC,Email,Enterprise,Home,Nest Sensor,6,64,0.06,360.96,205.67,155.29,23.66,2024-02-11
2026-03-04,ORD-103965,C-4754,North America,Paid Search,Consumer,Wearables,Pulse Band,2,105,0.1604014598540146,176.32,112.78,63.54,30.08,2023-01-25
2026-03-04,ORD-103966,C-4558,EMEA,Social,Consumer,Home,Vista Hub,2,214,0,428,303.03,124.97,37.44,2025-06-25
2026-03-04,ORD-103967,C-4242,LATAM,Affiliate,Consumer,Wearables,Aura Watch,1,329,0.14813868613138687,280.26,195.68,84.58,28.39,2024-09-01
2026-03-04,ORD-103968,C-4476,North America,Paid Search,SMB,Wearables,Aura Watch,3,329,0.18854014598540147,800.91,587.02,213.89,136.64,2023-04-26
2026-03-04,ORD-103969,C-4590,LATAM,Social,Consumer,Home,Vista Hub,2,214,0.1,385.2,303.03,82.17,37.03,2024-11-14
2026-03-05,ORD-103970,C-4755,North America,Email,Enterprise,Wearables,Pulse Band,2,105,0.08,193.2,112.78,80.42,13.66,2023-03-06
2026-03-05,ORD-103971,C-4371,EMEA,Social,Consumer,Accessories,Shield Case,2,204,0.03,395.76,275.78,119.98,27.75,2025-09-05
2026-03-05,ORD-103972,C-4192,North America,Organic,Enterprise,Accessories,Flux Cable,2,93,0.09,169.26,114.19,55.07,0,2024-12-18
2026-03-05,ORD-103973,C-4485,North America,Social,Enterprise,Audio,Halo Headset,2,125,0,250,145.24,104.76,18.76,2025-03-21
2026-03-05,ORD-103974,C-4760,APAC,Social,Enterprise,Wearables,Aura Watch,6,329,0.23854014598540146,1503.12,1174.31,328.81,153.97,2024-10-02
2026-03-05,ORD-103975,C-4353,LATAM,Organic,Enterprise,Wearables,Nimbus Ring,8,245,0,1960,1430.56,529.44,0,2023-07-13
2026-03-05,ORD-103976,C-4856,APAC,Affiliate,SMB,Accessories,Orbit Dock,2,208,0,416,239.93,176.07,37.52,2023-05-08
2026-03-05,ORD-103977,C-4208,APAC,Social,Consumer,Audio,Halo Headset,2,125,0,250,145.24,104.76,16.86,2025-05-27
2026-03-05,ORD-103978,C-4460,APAC,Email,Enterprise,Home,Vista Hub,8,214,0.1,1540.8,1212.14,328.66,107.45,2024-10-08
2026-03-05,ORD-103979,C-4833,LATAM,Social,SMB,Wearables,Aura Watch,1,329,0.14854014598540147,280.13,195.72,84.41,19.06,2025-01-08
2026-03-05,ORD-103980,C-4125,LATAM,Paid Search,Enterprise,Wearables,Nimbus Ring,6,245,0.05051094890510949,1395.75,1072.92,322.83,238.35,2024-02-02
2026-03-05,ORD-103981,C-4206,EMEA,Paid Search,SMB,Accessories,Shield Case,2,204,0.040510948905109485,391.47,275.78,115.69,66.85,2025-01-04
2026-03-05,ORD-103982,C-4115,EMEA,Social,SMB,Audio,Echo Buds,3,79,0,237,170.65,66.35,22.82,2025-02-04
2026-03-05,ORD-103983,C-4354,North America,Email,Consumer,Audio,Halo Headset,3,125,0,375,217.87,157.13,24.39,2023-05-04
2026-03-05,ORD-103984,C-4708,LATAM,Social,SMB,Wearables,Pulse Band,2,105,0,210,112.78,97.22,22.32,2024-11-22
2026-03-06,ORD-103985,,North America,Affiliate,Consumer,Accessories,Flux Cable,1,93,0,93,57.09,35.91,5.83,2023-05-03
2026-03-06,ORD-103986,C-4866,APAC,Affiliate,Consumer,Home,Nest Sensor,3,64,0,192,102.83,89.17,14.5,2025-08-26
2026-03-06,ORD-103987,C-4773,EMEA,Paid Search,Enterprise,Accessories,Shield Case,1,204,0.1806204379562044,167.15,137.89,29.26,28.57,2023-11-04
2026-03-06,ORD-103988,C-4426,North America,Social,Consumer,Wearables,Pulse Band,1,105,0.1,94.5,56.39,38.11,5.9,2023-09-30
2026-03-06,ORD-103989,C-4552,North America,,SMB,Home,Nest Sensor,1,64,0.12062043795620438,56.28,34.28,22,9.62,2024-08-14
2026-03-06,ORD-103990,C-4692,LATAM,Affiliate,Enterprise,Wearables,Aura Watch,2,329,0.14894160583941604,560,391.53,168.47,33.8,2025-07-04
2026-03-06,ORD-103991,C-4695,LATAM,Email,Enterprise,Home,Beacon Lamp,4,192,0,768,577.32,190.68,75.83,2025-06-04
2026-03-06,ORD-103992,C-4820,LATAM,Organic,Enterprise,Wearables,Nimbus Ring,1,245,0.01,242.55,178.82,63.73,0,2024-04-03
2026-03-07,ORD-103993,C-4107,North America,Affiliate,Consumer,Accessories,Flux Cable,3,93,0.03,270.63,171.28,99.35,19.56,2024-07-30
2026-03-07,ORD-103994,C-4542,EMEA,Social,SMB,Wearables,Nimbus Ring,2,245,0,490,357.64,132.36,47.68,2025-07-11
2026-03-07,ORD-103995,C-4360,APAC,Organic,Enterprise,Accessories,Flux Cable,4,93,0.12,327.36,228.38,98.98,0,2025-01-13
2026-03-07,ORD-103996,C-4239,APAC,Email,Enterprise,Home,Vista Hub,3,214,0,642,454.55,187.45,52.63,2023-01-14
2026-03-07,ORD-103997,C-4306,North America,Email,Enterprise,Accessories,Orbit Dock,5,208,0,1040,599.83,440.17,66.91,2024-04-05
2026-03-07,ORD-103998,C-4576,LATAM,Email,SMB,Home,Beacon Lamp,1,192,0,192,144.33,47.67,20.81,2025-08-17
2026-03-07,ORD-103999,C-4289,APAC,Social,SMB,Accessories,Shield Case,1,204,0.13,177.48,137.89,39.59,12.59,2024-05-01
2026-03-07,ORD-104000,C-4426,EMEA,Email,Enterprise,Wearables,Pulse Band,8,105,0,840,451.12,388.88,68.34,2023-06-24
2026-03-07,ORD-104001,C-4322,LATAM,Affiliate,Consumer,Audio,Echo Buds,1,79,0,79,56.88,22.12,6.53,2023-03-23
2026-03-07,ORD-104002,C-4419,EMEA,Social,SMB,Wearables,Pulse Band,1,105,0,105,56.39,48.61,11.19,2025-03-12
2026-03-07,ORD-104003,C-4474,EMEA,Email,Enterprise,Home,Beacon Lamp,1,192,0,192,144.33,47.67,11.59,2024-01-18
2026-03-08,ORD-104004,C-4210,North America,Affiliate,Enterprise,Accessories,Orbit Dock,7,208,0.05,1383.2,839.77,543.43,148.81,2024-02-07
2026-03-08,ORD-104005,C-4450,EMEA,Email,Consumer,Home,Nest Sensor,2,64,0,128,68.56,59.44,13.61,2025-01-12
2026-03-08,ORD-104006,C-4396,EMEA,Social,Enterprise,Home,Nest Sensor,5,64,0,320,171.39,148.61,24.85,2024-01-11
2026-03-08,ORD-104007,C-4476,North America,Paid Search,Consumer,Wearables,Nimbus Ring,3,245,0.04083941605839416,704.98,536.46,168.52,120.73,2023-01-10
2026-03-08,ORD-104008,C-4939,LATAM,Social,Enterprise,Audio,Halo Headset,1,125,0,125,72.62,52.38,10.31,2025-02-16
2026-03-08,ORD-104009,C-4410,APAC,Email,Enterprise,Accessories,Shield Case,3,204,0,612,413.67,198.33,47.46,2024-06-26
2026-03-08,ORD-104010,C-4337,APAC,Social,Enterprise,Accessories,Shield Case,2,204,0.04,391.68,275.78,115.9,32.23,2023-05-06
2026-03-08,ORD-104011,C-4545,North America,Email,Enterprise,Audio,Halo Headset,4,125,0.03,485,290.49,194.51,29.27,2023-07-24
2026-03-08,ORD-104012,C-4806,APAC,Social,Consumer,Wearables,Nimbus Ring,2,245,0.13,426.3,357.64,68.66,34.06,2023-02-28
2026-03-08,ORD-104013,C-4828,LATAM,Social,Enterprise,Audio,Echo Buds,5,79,0.07,367.35,284.41,82.94,30.28,2024-01-15
2026-03-08,ORD-104014,C-4609,North America,Affiliate,SMB,Audio,Echo Buds,2,79,0,158,113.76,44.24,12.57,2023-12-08
2026-03-08,ORD-104015,C-4464,LATAM,Paid Search,SMB,Home,Beacon Lamp,1,192,0.10083941605839417,172.64,144.33,28.31,29.57,2024-01-11
2026-03-08,ORD-104016,C-4918,APAC,Paid Search,Consumer,Wearables,Pulse Band,2,105,0.06083941605839416,197.22,112.78,84.44,33.78,2024-05-02
2026-03-09,ORD-104017,C-4125,North America,Social,Consumer,Accessories,Shield Case,1,204,0,204,137.89,66.11,20.2,2025-04-13
2026-03-09,ORD-104018,C-4400,APAC,Paid Search,Enterprise,Home,Beacon Lamp,7,192,0.15094890510948905,1141.12,1010.32,130.8,195.61,2025-01-23
2026-03-09,ORD-104019,C-4222,APAC,Email,Enterprise,Audio,Halo Headset,3,125,0.02,367.5,217.87,149.63,35.32,2024-09-13
2026-03-09,ORD-104020,C-4866,EMEA,Social,Consumer,Audio,Echo Buds,3,79,0,237,170.65,66.35,15.27,2024-08-08
2026-03-09,ORD-104021,C-4734,North America,Email,Enterprise,Audio,Halo Headset,1,125,0,125,72.62,52.38,10.91,2025-05-26
2026-03-09,ORD-104022,C-4413,North America,Email,Consumer,Wearables,Pulse Band,1,105,0,105,56.39,48.61,7.98,2024-07-24
2026-03-09,ORD-104023,C-4250,North America,Paid Search,Consumer,Accessories,Orbit Dock,3,208,0.060948905109489054,585.97,359.9,226.07,100.45,2025-03-10
2026-03-09,ORD-104024,C-4326,LATAM,,SMB,Wearables,Nimbus Ring,3,245,0.15,624.75,536.46,88.29,68,2023-01-23
2026-03-09,ORD-104025,C-4968,APAC,Social,Enterprise,Wearables,Nimbus Ring,6,245,0,1470,1072.92,397.08,135.48,2023-03-04
2026-03-09,ORD-104026,C-4425,EMEA,Affiliate,SMB,Home,Nest Sensor,3,64,0.12,168.96,102.83,66.13,18.58,2024-12-29
2026-03-09,ORD-104027,C-4852,LATAM,Organic,Enterprise,Audio,Echo Buds,5,79,0,395,284.41,110.59,0,2023-03-27
2026-03-09,ORD-104028,C-4367,APAC,Paid Search,Consumer,Home,Beacon Lamp,3,192,0.04094890510948905,552.41,432.99,119.42,94.7,2025-05-24
2026-03-09,ORD-104029,C-4304,APAC,Affiliate,SMB,Audio,Halo Headset,1,125,0,125,72.62,52.38,12.21,2023-02-26
2026-03-09,ORD-104030,C-4289,EMEA,Email,Consumer,Wearables,Nimbus Ring,1,245,0.14,210.7,178.82,31.88,16.47,2023-08-19
2026-03-09,ORD-104031,C-4384,EMEA,Social,SMB,Home,Beacon Lamp,2,192,0,384,288.66,95.34,37.32,2024-01-03
2026-03-10,ORD-104032,C-4745,APAC,Organic,Enterprise,Home,Beacon Lamp,1,192,0,192,144.33,47.67,0,2025-01-22
2026-03-10,ORD-104033,C-4660,APAC,Social,SMB,Home,Vista Hub,3,214,0,642,454.55,187.45,46.7,2025-09-02
2026-03-10,ORD-104034,C-4802,LATAM,Organic,Consumer,Home,Beacon Lamp,3,192,0,576,432.99,143.01,0,2023-05-27
2026-03-10,ORD-104035,C-4395,APAC,Email,Enterprise,Wearables,Pulse Band,9,105,0.02,926.1,507.51,418.59,92.41,2024-10-28
2026-03-10,ORD-104036,C-4882,EMEA,Organic,Consumer,Audio,Echo Buds,2,79,0.12,139.04,113.76,25.28,0,2025-02-17
2026-03-10,ORD-104037,C-4726,EMEA,Organic,SMB,Accessories,Flux Cable,3,93,0.01,276.21,171.28,104.93,0,2025-01-11
2026-03-10,ORD-104038,C-4856,LATAM,Social,Consumer,Wearables,Pulse Band,3,105,0.11,280.35,169.17,111.18,30,2024-01-10
2026-03-10,ORD-104039,C-4935,North America,Affiliate,Enterprise,Accessories,Flux Cable,4,93,0.03,360.84,228.38,132.46,36.5,2024-01-29
2026-03-10,ORD-104040,C-4983,LATAM,Organic,Consumer,Wearables,Pulse Band,2,105,0,210,112.78,97.22,0,2023-11-01
2026-03-10,ORD-104041,C-4711,LATAM,Paid Search,Consumer,Wearables,Aura Watch,2,329,0.2416058394160584,499.02,391.89,107.13,85.63,2024-05-11
2026-03-10,ORD-104042,C-4660,LATAM,Organic,Enterprise,Accessories,Orbit Dock,8,208,0,1664,959.73,704.27,0,2024-11-06
2026-03-10,ORD-104043,C-4191,LATAM,Organic,Consumer,Home,Beacon Lamp,3,192,0,576,432.99,143.01,0,2025-03-03
2026-03-10,ORD-104044,C-4941,APAC,Organic,Consumer,Accessories,Flux Cable,1,93,0,93,57.09,35.91,0,2024-08-08
2026-03-10,ORD-104045,C-4315,LATAM,Paid Search,SMB,Wearables,Pulse Band,1,105,0.12105839416058395,92.29,56.39,35.9,15.84,2024-02-20
2026-03-10,ORD-104046,C-4187,LATAM,Paid Search,SMB,Home,Beacon Lamp,1,192,0.04105839416058394,184.12,144.33,39.79,31.59,2024-10-21
2026-03-10,ORD-104047,C-4918,LATAM,Paid Search,Enterprise,Wearables,Pulse Band,8,105,0.13105839416058393,729.91,451.12,278.79,125.24,2023-10-21
2026-03-11,ORD-104048,C-4163,North America,Social,Enterprise,Audio,Echo Buds,2,79,0,158,113.76,44.24,16.88,2023-03-17
2026-03-11,ORD-104049,C-4166,North America,Email,SMB,Wearables,Aura Watch,2,329,0.15094890510948905,558.68,391.98,166.7,56.82,2023-04-11
2026-03-11,ORD-104050,C-4759,APAC,Social,Enterprise,Audio,Echo Buds,2,79,0.05,150.1,113.76,36.34,11.55,2025-04-08
2026-03-11,ORD-104051,C-4112,APAC,Paid Search,SMB,Accessories,Orbit Dock,2,208,0.06116788321167883,390.55,239.93,150.62,67.08,2024-10-27
2026-03-11,ORD-104052,C-4126,APAC,Affiliate,Consumer,Wearables,Nimbus Ring,2,245,0,490,357.64,132.36,34.27,2024-05-13
2026-03-11,ORD-104053,C-4861,LATAM,Social,Consumer,Home,Nest Sensor,1,64,0,64,34.28,29.72,5.41,2023-12-18
2026-03-11,ORD-104054,C-4564,APAC,Affiliate,Consumer,Wearables,Aura Watch,2,329,0.15094890510948905,558.68,391.98,166.7,48.56,2025-09-23
2026-03-11,ORD-104055,C-4221,APAC,Affiliate,Consumer,Home,Nest Sensor,3,64,0,192,102.83,89.17,18.09,2023-09-14
2026-03-11,ORD-104056,C-4505,APAC,Email,Consumer,Wearables,Aura Watch,1,329,0.24094890510948905,249.73,196,53.73,23.69,2025-02-23
2026-03-11,ORD-104057,C-4766,EMEA,Paid Search,,Audio,Echo Buds,2,79,0.041167883211678837,151.5,113.76,37.74,26.02,2024-10-05
2026-03-11,ORD-104058,C-4589,North America,Paid Search,SMB,Accessories,Flux Cable,1,93,0.041167883211678837,89.17,57.09,32.08,15.32,2023-03-15
2026-03-11,ORD-104059,C-4201,North America,Paid Search,SMB,Home,Nest Sensor,1,64,0.16116788321167883,53.69,34.28,19.41,9.22,2025-02-05
2026-03-11,ORD-104060,C-4815,EMEA,Social,Consumer,Accessories,Flux Cable,3,93,0,279,171.28,107.72,30.29,2023-08-06
2026-03-11,ORD-104061,C-4600,EMEA,Organic,Consumer,Accessories,Orbit Dock,1,208,0,208,119.97,88.03,0,2023-11-21
2026-03-11,ORD-104062,C-4807,LATAM,Email,Consumer,Accessories,Flux Cable,2,93,0.09,169.26,114.19,55.07,11.45,2023-11-21
2026-03-12,ORD-104063,C-4912,APAC,Social,Enterprise,Home,Nest Sensor,7,64,0,448,239.95,208.05,45.88,2024-12-28
2026-03-12,ORD-104064,C-4630,LATAM,Organic,Consumer,Home,Nest Sensor,2,64,0,128,68.56,59.44,0,2023-02-21
2026-03-12,ORD-104065,C-4465,EMEA,Paid Search,Enterprise,Wearables,Pulse Band,5,105,0.07127737226277372,487.58,281.95,205.63,83.82,2023-10-25
2026-03-12,ORD-104066,C-4564,EMEA,Social,SMB,Accessories,Orbit Dock,2,208,0.12,366.08,239.93,126.15,24.41,2025-04-27
2026-03-12,ORD-104067,C-4602,APAC,Affiliate,SMB,Home,Vista Hub,2,214,0,428,303.03,124.97,30.2,2025-03-13
2026-03-12,ORD-104068,C-4558,APAC,Affiliate,SMB,Accessories,Shield Case,3,204,0,612,413.67,198.33,52.59,2023-06-03
2026-03-12,ORD-104069,C-4103,LATAM,Organic,Enterprise,Accessories,Shield Case,5,204,0,1020,689.45,330.55,0,2024-02-16
2026-03-12,ORD-104070,C-4336,APAC,Email,Consumer,Home,Beacon Lamp,1,192,0,192,144.33,47.67,15.06,2024-10-17
2026-03-12,ORD-104071,C-4662,North America,Paid Search,Enterprise,Wearables,Nimbus Ring,6,245,0.04127737226277372,1409.32,1072.92,336.4,242.28,2025-09-24
2026-03-12,ORD-104072,C-4535,EMEA,Affiliate,Consumer,Wearables,Nimbus Ring,3,245,0,735,536.46,198.54,54.83,2023-02-24
2026-03-12,ORD-104073,C-4308,North America,Paid Search,Consumer,Accessories,Flux Cable,3,93,0.04127737226277372,267.48,171.28,96.2,45.98,2024-04-11
2026-03-13,ORD-104074,C-4177,EMEA,Email,Enterprise,Accessories,Flux Cable,9,93,0,837,513.85,323.15,59.34,2023-08-12
2026-03-13,ORD-104075,C-4479,APAC,Organic,Consumer,Audio,Halo Headset,2,125,0.1,225,145.24,79.76,0,2025-01-23
2026-03-13,ORD-104076,C-4699,North America,Email,SMB,Wearables,Aura Watch,1,329,0.15175182481751825,279.07,196.09,82.98,25.9,2024-05-10
2026-03-13,ORD-104077,C-4662,EMEA,Social,Enterprise,Home,Vista Hub,9,214,0.04,1848.96,1363.66,485.3,181.22,2025-07-12
2026-03-13,ORD-104078,C-4833,North America,Affiliate,SMB,Audio,Echo Buds,2,79,0.14,135.88,113.76,22.12,8.78,2025-05-24
2026-03-13,ORD-104079,C-4919,EMEA,Social,Enterprise,Audio,Echo Buds,6,79,0.07,440.82,341.29,99.53,42.71,2025-02-01
2026-03-13,ORD-104080,C-4816,North America,Email,SMB,Audio,Halo Headset,3,125,0.05,356.25,217.87,138.38,24.53,2024-10-03
2026-03-13,ORD-104081,C-4966,LATAM,Affiliate,Consumer,Audio,Echo Buds,3,79,0.01,234.63,170.65,63.98,21.28,2023-06-21
2026-03-13,ORD-104082,C-4516,EMEA,Organic,Consumer,Wearables,Pulse Band,1,105,0,105,56.39,48.61,0,2023-04-10
2026-03-13,ORD-104083,C-4377,LATAM,Organic,Consumer,Home,Vista Hub,3,214,0.09,584.22,454.55,129.67,0,2023-05-14
2026-03-13,ORD-104084,C-4260,LATAM,Organic,Enterprise,Wearables,Pulse Band,6,105,0,630,338.34,291.66,0,2025-07-26
2026-03-13,ORD-104085,C-4623,APAC,Affiliate,Consumer,Home,Nest Sensor,3,64,0.14,165.12,102.83,62.29,10.68,2023-01-06
2026-03-13,ORD-104086,C-4150,LATAM,Paid Search,Enterprise,Wearables,Nimbus Ring,8,245,0.04138686131386861,1878.88,1430.56,448.32,323.32,2024-04-05
2026-03-13,ORD-104087,C-4708,APAC,Paid Search,Consumer,Accessories,Orbit Dock,3,208,0.1613868613138686,523.29,359.9,163.39,90.05,2025-06-15
2026-03-14,ORD-104088,C-4857,North America,Affiliate,Consumer,Wearables,Aura Watch,2,329,0.17215328467153282,544.72,392.26,152.46,46.94,2025-09-24
2026-03-14,ORD-104089,C-4431,APAC,Paid Search,SMB,Accessories,Flux Cable,3,93,0.1314963503649635,242.31,171.28,71.03,41.74,2024-05-27
2026-03-14,ORD-104090,C-4684,LATAM,Paid Search,SMB,Home,Nest Sensor,3,64,0.1714963503649635,159.07,102.83,56.24,27.4,2025-08-18
2026-03-14,ORD-104091,C-4920,North America,Email,SMB,Accessories,Shield Case,1,204,0,204,137.89,66.11,18.23,2025-05-18
2026-03-14,ORD-104092,C-4559,North America,Paid Search,SMB,Home,Vista Hub,3,214,0.0414963503649635,615.36,454.55,160.81,105.99,2024-03-29
2026-03-14,ORD-104093,C-4953,EMEA,Paid Search,Enterprise,Home,Nest Sensor,1,64,0.0414963503649635,61.34,34.28,27.06,10.57,2023-02-08
2026-03-14,ORD-104094,C-4376,North America,Email,Consumer,Home,Nest Sensor,3,64,0.1,172.8,102.83,69.97,12.22,2025-03-31
2026-03-14,ORD-104095,C-4672,APAC,Affiliate,Consumer,Wearables,Nimbus Ring,3,245,0,735,536.46,198.54,48.02,2024-12-31
2026-03-14,ORD-104096,C-4455,EMEA,Social,SMB,Accessories,Flux Cable,1,93,0.15,79.05,57.09,21.96,6.18,2024-05-26
2026-03-14,ORD-104097,C-4830,APAC,Paid Search,Consumer,Wearables,Aura Watch,3,329,0.19364963503649632,795.87,588.39,207.48,137.08,2023-04-09
2026-03-14,ORD-104098,C-4931,LATAM,Paid Search,Consumer,Wearables,Aura Watch,2,329,0.2436496350364963,497.68,392.26,105.42,85.72,2024-09-22
2026-03-15,ORD-104099,C-4819,LATAM,Organic,Enterprise,Home,Nest Sensor,2,64,0,128,68.56,59.44,0,2025-04-28
2026-03-15,ORD-104100,C-4259,LATAM,Social,Enterprise,Wearables,Pulse Band,8,105,0,840,451.12,388.88,82.11,2023-09-22
2026-03-15,ORD-104101,C-4132,APAC,Affiliate,SMB,Home,Beacon Lamp,3,192,0.12,506.88,432.99,73.89,39.46,2025-02-09
2026-03-15,ORD-104102,C-4642,EMEA,Paid Search,Consumer,Accessories,Orbit Dock,3,208,0.041605839416058395,598.04,359.9,238.14,103.11,2025-07-14
2026-03-15,ORD-104103,C-4745,APAC,Email,Enterprise,Wearables,Pulse Band,8,105,0,840,451.12,388.88,69.71,2023-08-16
2026-03-15,ORD-104104,C-4225,LATAM,Affiliate,Consumer,Accessories,Orbit Dock,3,208,0.02,611.52,359.9,251.62,59.7,2024-06-19
2026-03-15,ORD-104105,C-4621,LATAM,Organic,Enterprise,Accessories,Shield Case,7,204,0.03,1385.16,965.23,419.93,0,2023-06-12
2026-03-15,ORD-104106,C-4793,APAC,Organic,SMB,Wearables,Aura Watch,2,329,0.17255474452554745,544.46,392.35,152.11,0,2024-12-12
2026-03-15,ORD-104107,C-4302,APAC,Paid Search,Consumer,Wearables,Aura Watch,1,329,0.19416058394160585,265.12,196.18,68.94,45.71,2025-07-10
2026-03-15,ORD-104108,C-4431,EMEA,Social,Enterprise,Wearables,Aura Watch,8,329,0.15255474452554746,2230.48,1569.4,661.08,212.12,2023-08-14
2026-03-15,ORD-104109,C-4514,EMEA,Paid Search,Enterprise,Home,Nest Sensor,9,64,0.0816058394160584,529,308.5,220.5,91.2,2023-01-25
2026-03-16,ORD-104110,C-4400,LATAM,Paid Search,SMB,Accessories,Flux Cable,2,93,0.041715328467153284,178.24,114.19,64.05,30.76,2024-12-09
2026-03-16,ORD-104111,C-4932,APAC,Paid Search,Consumer,Home,Vista Hub,3,214,0.041715328467153284,615.22,454.55,160.67,106.17,2023-04-08
2026-03-16,ORD-104112,C-4482,EMEA,Email,SMB,Home,Beacon Lamp,2,192,0.08,353.28,288.66,64.62,32.84,2024-11-24
2026-03-16,ORD-104113,C-4272,LATAM,Affiliate,Consumer,Wearables,Aura Watch,3,329,0.17295620437956205,816.29,588.67,227.62,55.99,2023-09-13
2026-03-16,ORD-104114,C-4804,APAC,Affiliate,Enterprise,Wearables,Pulse Band,5,105,0,525,281.95,243.05,50.9,2023-11-24
2026-03-16,ORD-104115,C-4664,LATAM,Social,Consumer,Home,Beacon Lamp,1,192,0.02,188.16,144.33,43.83,14.46,2025-01-09
2026-03-16,ORD-104116,C-4168,APAC,Social,Consumer,Wearables,Pulse Band,3,105,0.08,289.8,169.17,120.63,22.49,2025-01-05
2026-03-16,ORD-104117,C-4919,North America,Paid Search,Consumer,Accessories,Shield Case,1,204,0.06171532846715329,191.41,137.89,53.52,33.03,2025-08-12
2026-03-16,ORD-104118,C-4875,LATAM,Affiliate,Consumer,Wearables,Aura Watch,1,329,0.22295620437956207,255.65,196.23,59.42,25.68,2023-11-15
2026-03-16,ORD-104119,C-4904,North America,Affiliate,Consumer,Home,Beacon Lamp,1,192,0,192,144.33,47.67,11.81,2023-10-24
2026-03-16,ORD-104120,C-4799,LATAM,Organic,SMB,Wearables,Aura Watch,3,329,0.15295620437956206,836.03,588.67,247.36,0,2025-02-03
2026-03-16,ORD-104121,C-4991,EMEA,Affiliate,SMB,Wearables,Aura Watch,2,329,0.15295620437956206,557.35,392.44,164.91,55.14,2025-08-22
2026-03-16,ORD-104122,C-4747,APAC,Social,Consumer,Home,Nest Sensor,2,64,0,128,68.56,59.44,11.26,2024-08-15
2026-03-16,ORD-104123,C-4540,APAC,Social,Enterprise,Home,Beacon Lamp,7,192,0,1344,1010.32,333.68,125.05,2024-10-11
2026-03-16,ORD-104124,C-4885,LATAM,Affiliate,Consumer,Wearables,Pulse Band,1,105,0.04,100.8,56.39,44.41,10.95,2024-04-12
2026-03-16,ORD-104125,C-4845,North America,Affiliate,Enterprise,Accessories,Shield Case,3,204,0,612,413.67,198.33,40.13,2023-11-25
2026-03-17,ORD-104126,C-4532,North America,Paid Search,Consumer,Wearables,Aura Watch,1,329,0.19518248175182482,264.78,196.27,68.51,45.74,2025-03-17
2026-03-17,ORD-104127,C-4451,EMEA,Affiliate,SMB,Wearables,Nimbus Ring,3,245,0.01,727.65,536.46,191.19,72.56,2024-12-08
2026-03-17,ORD-104128,C-4777,EMEA,Email,Enterprise,Home,Vista Hub,7,214,0.08,1378.16,1060.62,317.54,111.46,2023-10-13
2026-03-17,ORD-104129,C-4323,North America,Affiliate,Consumer,Accessories,Orbit Dock,2,208,0,416,239.93,176.07,32.77,2024-07-23
2026-03-17,ORD-104130,C-4618,North America,Paid Search,SMB,Accessories,Orbit Dock,1,208,0.041824817518248174,199.3,119.97,79.33,34.43,2024-05-22
2026-03-17,ORD-104131,C-4366,LATAM,Organic,SMB,Home,Nest Sensor,3,64,0,192,102.83,89.17,0,2024-07-05
2026-03-17,ORD-104132,C-4347,EMEA,Email,Consumer,Home,Vista Hub,1,214,0.13,186.18,151.52,34.66,13.75,2025-07-31
2026-03-17,ORD-104133,C-4927,EMEA,Social,SMB,Accessories,Orbit Dock,3,208,0,624,359.9,264.1,46.02,2023-04-07
2026-03-17,ORD-104134,C-4965,North America,Affiliate,SMB,Home,Nest Sensor,1,64,0.09,58.24,34.28,23.96,5.96,2025-08-31
2026-03-17,ORD-104135,C-4139,LATAM,Paid Search,SMB,Home,Beacon Lamp,3,192,0.1818248175182482,471.27,432.99,38.28,81.41,2024-08-23
2026-03-17,ORD-104136,C-4912,North America,Affiliate,Consumer,Wearables,Aura Watch,1,329,0.20335766423357665,262.1,196.27,65.83,18.71,2024-09-03
2026-03-17,ORD-104137,C-4454,LATAM,Affiliate,Consumer,Audio,Echo Buds,2,79,0,158,113.76,44.24,15.9,2023-03-25
2026-03-17,ORD-104138,C-4133,APAC,Social,Consumer,Accessories,Flux Cable,2,93,0,186,114.19,71.81,16,2024-03-14
2026-03-17,ORD-104139,C-4871,APAC,Email,SMB,Home,Nest Sensor,2,64,0.01,126.72,68.56,58.16,11.37,2024-12-16
2026-03-17,ORD-104140,C-4120,LATAM,Paid Search,SMB,Home,Nest Sensor,3,64,0.051824817518248176,182.05,102.83,79.22,31.45,2023-08-07
2026-03-18,ORD-104141,C-4821,APAC,Affiliate,SMB,Wearables,Nimbus Ring,3,245,0,735,536.46,198.54,51.92,2024-05-03
2026-03-18,ORD-104142,C-4713,LATAM,Email,Consumer,Home,Beacon Lamp,3,192,0.08,529.92,432.99,96.93,47.31,2025-02-22
2026-03-18,ORD-104143,C-4176,EMEA,Social,Enterprise,Wearables,Nimbus Ring,2,245,0,490,357.64,132.36,35.12,2024-08-10
2026-03-18,ORD-104144,C-4225,North America,Email,Consumer,Home,Vista Hub,1,214,0.13,186.18,151.52,34.66,13.83,2023-07-17
2026-03-18,ORD-104145,C-4587,APAC,Organic,Consumer,Accessories,Orbit Dock,3,208,0,624,359.9,264.1,0,2023-06-26
2026-03-18,ORD-104146,C-4272,APAC,Organic,SMB,Accessories,Flux Cable,2,93,0.05,176.7,114.19,62.51,0,2025-02-23
2026-03-18,ORD-104147,C-4232,APAC,Paid Search,SMB,Audio,Echo Buds,1,79,0.04193430656934306,75.69,56.88,18.81,13.09,2025-06-10
2026-03-18,ORD-104148,C-4613,LATAM,Affiliate,Enterprise,Home,Beacon Lamp,8,192,0.05,1459.2,1154.65,304.55,101.92,2024-09-27
2026-03-18,ORD-104149,C-4747,LATAM,Social,Enterprise,Wearables,Nimbus Ring,9,245,0.12,1940.4,1609.39,331.01,146.41,2023-09-27
2026-03-18,ORD-104150,C-4299,EMEA,Organic,Consumer,Home,Beacon Lamp,2,192,0.13,334.08,288.66,45.42,0,2023-05-14
2026-03-18,ORD-104151,C-4245,EMEA,Email,Consumer,Accessories,Flux Cable,1,93,0,93,57.09,35.91,8.53,2024-05-10
2026-03-18,ORD-104152,C-4772,LATAM,Affiliate,SMB,Wearables,Aura Watch,3,329,0.15375912408759124,835.24,588.94,246.3,86.61,2023-04-17
2026-03-18,ORD-104153,C-4357,EMEA,Affiliate,Consumer,Wearables,Nimbus Ring,1,245,0.1,220.5,178.82,41.68,20.65,2024-06-18
2026-03-18,ORD-104154,C-4912,EMEA,Email,SMB,Audio,Echo Buds,3,79,0,237,170.65,66.35,14.65,2023-11-03
2026-03-19,ORD-104155,C-4311,LATAM,Paid Search,Enterprise,Audio,Halo Headset,5,125,0.10204379562043796,561.22,363.11,198.11,97.13,2023-03-18
2026-03-19,ORD-104156,C-4351,North America,Affiliate,Enterprise,Accessories,Shield Case,8,204,0.05,1550.4,1103.12,447.28,123.26,2024-03-28
2026-03-19,ORD-104157,C-4281,LATAM,Organic,Consumer,Accessories,Flux Cable,2,93,0.04,178.56,114.19,64.37,0,2024-08-28
2026-03-19,ORD-104158,C-4479,LATAM,Social,Enterprise,Audio,Echo Buds,1,79,0.13,68.73,56.88,11.85,4.79,2024-03-11
2026-03-19,ORD-104159,C-4501,North America,Affiliate,Enterprise,Wearables,Aura Watch,7,329,0.15416058394160584,1947.97,1374.51,573.46,140.12,2023-11-12
2026-03-19,ORD-104160,C-4930,LATAM,Email,SMB,Home,Vista Hub,2,214,0,428,303.03,124.97,41.15,2024-05-11
2026-03-19,ORD-104161,C-4977,EMEA,Organic,Consumer,Accessories,Orbit Dock,1,208,0.09,189.28,119.97,69.31,0,2024-04-20
2026-03-19,ORD-104162,C-4516,EMEA,Social,Enterprise,Home,Vista Hub,4,214,0,856,606.07,249.93,84.79,2024-11-08
2026-03-19,ORD-104163,C-4531,APAC,Social,Enterprise,Accessories,Shield Case,9,204,0.06,1725.84,1241.01,484.83,173.37,2023-02-03
2026-03-19,ORD-104164,C-4716,APAC,Social,Enterprise,Wearables,Nimbus Ring,2,245,0,490,357.64,132.36,40.12,2024-07-31
2026-03-19,ORD-104165,C-4544,EMEA,Social,SMB,Wearables,Aura Watch,3,329,0.15416058394160584,834.84,589.08,245.76,79.67,2025-07-03
2026-03-19,ORD-104166,C-4408,North America,Email,SMB,Accessories,Orbit Dock,2,208,0.05,395.2,239.93,155.27,30.5,2023-06-17
2026-03-19,ORD-104167,C-4784,LATAM,Social,Enterprise,Home,Beacon Lamp,5,192,0,960,721.65,238.35,82.19,2025-07-22
2026-03-19,ORD-104168,C-4641,EMEA,Affiliate,,Audio,Halo Headset,2,125,0,250,145.24,104.76,20.44,2023-12-16
2026-03-19,ORD-104169,C-4481,LATAM,Social,SMB,Home,Vista Hub,2,214,0.11,380.92,303.03,77.89,40.42,2024-03-06
2026-03-20,ORD-104170,C-4679,North America,Organic,Consumer,Home,Nest Sensor,3,64,0,192,102.83,89.17,0,2024-05-01
2026-03-20,ORD-104171,C-4245,LATAM,Organic,Consumer,Accessories,Orbit Dock,1,208,0,208,119.97,88.03,0,2023-06-08
2026-03-20,ORD-104172,C-4750,LATAM,Affiliate,Enterprise,Home,Nest Sensor,4,64,0,256,137.11,118.89,28.15,2024-11-07
2026-03-20,ORD-104173,C-4650,EMEA,Email,Consumer,Accessories,Flux Cable,1,93,0,93,57.09,35.91,6.76,2025-02-08
2026-03-20,ORD-104174,C-4232,APAC,Social,SMB,Audio,Echo Buds,3,79,0,237,170.65,66.35,25.85,2024-07-30
2026-03-20,ORD-104175,C-4287,North America,Paid Search,Enterprise,Home,Vista Hub,9,214,0.12215328467153284,1690.73,1363.66,327.07,292.89,2024-04-10
2026-03-20,ORD-104176,C-4321,North America,Email,SMB,Wearables,Pulse Band,3,105,0,315,169.17,145.83,26.86,2024-11-02
2026-03-20,ORD-104177,C-4350,North America,Email,SMB,Wearables,Nimbus Ring,2,245,0.1,441,357.64,83.36,28.92,2024-12-04
2026-03-20,ORD-104178,C-4324,LATAM,Email,Enterprise,Accessories,Flux Cable,6,93,0,558,342.57,215.43,53.53,2024-10-04
2026-03-20,ORD-104179,C-4576,EMEA,Email,SMB,Home,Vista Hub,2,214,0.04,410.88,303.03,107.85,25.21,2023-08-09
2026-03-21,ORD-104180,C-4619,North America,Email,Enterprise,Accessories,Orbit Dock,9,208,0.07,1740.96,1079.7,661.26,132.33,2024-12-11
2026-03-21,ORD-104181,C-4817,EMEA,Social,Consumer,Audio,Halo Headset,1,125,0.04,120,72.62,47.38,11.99,2024-11-16
2026-03-21,ORD-104182,C-4549,EMEA,Paid Search,SMB,Audio,Halo Headset,2,125,0.07226277372262774,231.93,145.24,86.69,40.22,2025-09-05
2026-03-21,ORD-104183,C-4648,APAC,Social,Enterprise,Wearables,Aura Watch,7,329,0.15496350364963504,1946.12,1375.15,570.97,204.32,2023-02-10
2026-03-21,ORD-104184,C-4964,North America,Organic,Enterprise,Accessories,Orbit Dock,8,208,0.05,1580.8,959.73,621.07,0,2024-10-09
2026-03-21,ORD-104185,C-4323,EMEA,Email,SMB,Home,Beacon Lamp,1,192,0,192,144.33,47.67,13.12,2024-03-25
2026-03-21,ORD-104186,C-4923,LATAM,Social,Enterprise,Accessories,Flux Cable,5,93,0.01,460.35,285.47,174.88,31.8,2025-09-02
2026-03-21,ORD-104187,C-4300,EMEA,Organic,Consumer,Audio,Halo Headset,2,125,0.03,242.5,145.24,97.26,0,2024-04-02
2026-03-21,ORD-104188,C-4435,EMEA,Social,SMB,Wearables,Nimbus Ring,1,245,0.03,237.65,178.82,58.83,19.2,2024-10-20
2026-03-21,ORD-104189,C-4833,EMEA,Organic,Enterprise,Home,Nest Sensor,6,64,0.06,360.96,205.67,155.29,0,2023-04-10
2026-03-21,ORD-104190,C-4627,APAC,Affiliate,Consumer,Accessories,Orbit Dock,2,208,0.11,370.24,239.93,130.31,40.58,2023-02-19
2026-03-21,ORD-104191,C-4464,APAC,Affiliate,Enterprise,Wearables,Nimbus Ring,2,245,0,490,357.64,132.36,38.69,2023-04-10
2026-03-21,ORD-104192,C-4733,LATAM,Paid Search,Enterprise,Home,Nest Sensor,1,64,0.04226277372262773,61.3,34.28,27.02,10.63,2024-10-12
2026-03-21,ORD-104193,C-4577,APAC,Affiliate,Enterprise,Wearables,Nimbus Ring,3,245,0.06,690.9,536.46,154.44,74.12,2025-01-10
2026-03-22,ORD-104194,C-4155,North America,Social,SMB,Wearables,Pulse Band,1,105,0,105,56.39,48.61,,2023-04-10
2026-03-22,ORD-104195,C-4642,APAC,Organic,SMB,Accessories,Flux Cable,2,93,0,186,114.19,71.81,0,2024-10-04
2026-03-22,ORD-104196,C-4853,LATAM,Paid Search,Consumer,Home,Nest Sensor,3,64,0.04237226277372263,183.86,102.83,81.03,31.91,2025-01-27
2026-03-22,ORD-104197,C-4149,North America,Paid Search,SMB,Home,Beacon Lamp,1,192,0.04237226277372263,183.86,144.33,39.53,31.91,2025-07-22
2026-03-22,ORD-104198,C-4112,LATAM,Organic,SMB,Wearables,Pulse Band,2,105,0.08,193.2,112.78,80.42,0,2023-08-24
2026-03-22,ORD-104199,C-4114,North America,Paid Search,Enterprise,Home,Vista Hub,6,214,0.04237226277372263,1229.59,909.1,320.49,213.41,2024-04-01
2026-03-22,ORD-104200,C-4313,APAC,Paid Search,Consumer,Audio,Echo Buds,2,79,0.04237226277372263,151.31,113.76,37.55,26.26,2024-07-27
2026-03-22,ORD-104201,C-4548,LATAM,Social,SMB,Accessories,Shield Case,3,204,0,612,413.67,198.33,64.76,2025-03-21
2026-03-22,ORD-104202,C-4230,APAC,Affiliate,Enterprise,Audio,Echo Buds,1,79,0,79,56.88,22.12,5.89,2024-12-22
2026-03-22,ORD-104203,C-4656,APAC,Social,Enterprise,Home,Beacon Lamp,7,192,0.11,1196.16,1010.32,185.84,112.22,2023-03-08
2026-03-22,ORD-104204,C-4591,EMEA,Paid Search,Consumer,Wearables,Aura Watch,2,329,0.24773722627737227,494.99,392.99,102,85.91,2024-05-30
2026-03-23,ORD-104205,C-4420,APAC,Paid Search,Consumer,Accessories,Orbit Dock,3,208,0.04248175182481752,597.49,359.9,237.59,103.8,2023-04-11
2026-03-23,ORD-104206,C-4819,North America,Paid Search,Enterprise,Home,Nest Sensor,4,64,0.04248175182481752,245.12,137.11,108.01,42.58,2023-03-30
2026-03-23,ORD-104207,C-4411,LATAM,Organic,Consumer,Audio,Halo Headset,1,125,0,125,72.62,52.38,0,2024-11-15
2026-03-23,ORD-104208,C-4522,North America,Paid Search,Consumer,Audio,Echo Buds,2,79,0.04248175182481752,151.29,113.76,37.53,26.28,2024-03-03
2026-03-23,ORD-104209,C-4619,APAC,Social,Enterprise,Audio,Halo Headset,7,125,0,875,508.35,366.65,65.15,2025-09-01
2026-03-23,ORD-104210,C-4546,EMEA,Affiliate,Enterprise,Accessories,Orbit Dock,6,208,0.01,1235.52,719.8,515.72,110.66,2024-06-10
2026-03-23,ORD-104211,C-4631,EMEA,Organic,SMB,Accessories,Orbit Dock,1,208,0,208,119.97,88.03,0,2025-05-07
2026-03-23,ORD-104212,C-4816,APAC,Organic,Consumer,Wearables,Aura Watch,1,329,0.15576642335766425,277.75,196.55,81.2,0,2023-06-02
2026-03-23,ORD-104213,C-4397,EMEA,Social,SMB,Home,Nest Sensor,1,64,0,64,34.28,29.72,5.54,2025-06-25
2026-03-23,ORD-104214,C-4461,North America,Email,Enterprise,Wearables,Aura Watch,7,329,0.17576642335766424,1898.21,1375.78,522.43,173.25,2025-05-28
2026-03-23,ORD-104215,C-4721,APAC,Email,Consumer,Home,Nest Sensor,1,64,0.08,58.88,34.28,24.6,5.87,2023-05-31
2026-03-23,ORD-104216,C-4518,APAC,Organic,Enterprise,Accessories,Flux Cable,5,93,0,465,285.47,179.53,0,2024-03-03
2026-03-23,ORD-104217,C-4383,EMEA,Email,SMB,Wearables,Aura Watch,1,329,0.16576642335766426,274.46,196.55,77.91,27.37,2024-07-18
2026-03-24,ORD-104218,C-4739,LATAM,Social,Consumer,Home,Nest Sensor,1,64,0.09,58.24,34.28,23.96,5.96,2025-08-26
2026-03-24,ORD-104219,C-4889,LATAM,Social,SMB,Wearables,Aura Watch,2,329,0.20616788321167884,522.34,393.17,129.17,54.62,2024-12-18
2026-03-24,ORD-104220,C-4241,APAC,Social,SMB,Home,Vista Hub,1,214,0,214,151.52,62.48,16.79,2023-07-10
2026-03-24,ORD-104221,C-4341,LATAM,Organic,SMB,Accessories,Shield Case,3,204,0,612,413.67,198.33,0,2025-06-29
2026-03-24,ORD-104222,C-4269,LATAM,Paid Search,SMB,Audio,Halo Headset,2,125,0.04259124087591241,239.35,145.24,94.11,41.62,2024-11-15
2026-03-24,ORD-104223,C-4926,APAC,Affiliate,SMB,Accessories,Shield Case,1,204,0.14,175.44,137.89,37.55,12.31,2025-07-16
2026-03-24,ORD-104224,C-4999,North America,Affiliate,SMB,Accessories,Flux Cable,1,93,0,93,57.09,35.91,7.94,2025-07-30
2026-03-24,ORD-104225,C-4525,North America,Organic,SMB,Accessories,Flux Cable,1,93,0,93,57.09,35.91,0,2023-11-02
2026-03-24,ORD-104226,C-4150,LATAM,Email,Enterprise,Wearables,Nimbus Ring,7,245,0.13,1492.05,1251.74,240.31,113.57,2024-06-03
2026-03-24,ORD-104227,C-4919,EMEA,Organic,Enterprise,Wearables,Nimbus Ring,5,245,0,1225,894.1,330.9,0,2023-12-04
2026-03-24,ORD-104228,C-4684,APAC,Paid Search,Consumer,Wearables,Pulse Band,3,105,0.04259124087591241,301.58,169.17,132.41,52.44,2024-01-27
2026-03-24,ORD-104229,C-4225,LATAM,Email,Enterprise,Wearables,Nimbus Ring,6,245,0.01,1455.3,1072.92,382.38,103.86,2024-11-07
2026-03-24,ORD-104230,C-4354,LATAM,Social,Enterprise,Audio,Halo Headset,3,125,0,375,217.87,157.13,34.16,2023-08-18
2026-03-25,ORD-104231,C-4186,APAC,Social,Enterprise,Accessories,Orbit Dock,5,208,0,1040,599.83,440.17,113.27,2024-09-23
2026-03-25,ORD-104232,C-4946,LATAM,Social,SMB,Audio,Echo Buds,3,79,0.12,208.56,170.65,37.91,15.69,2024-05-31
2026-03-25,ORD-104233,C-4994,APAC,Email,SMB,Home,Vista Hub,3,214,0.06,603.48,454.55,148.93,53,2023-11-26
2026-03-25,ORD-104234,C-4260,North America,Email,SMB,Accessories,Shield Case,1,204,0.08,187.68,137.89,49.79,13.78,2025-01-21
2026-03-25,ORD-104235,C-4709,North America,Email,SMB,Home,Vista Hub,2,214,0.01,423.72,303.03,120.69,30.71,2023-01-07
2026-03-25,ORD-104236,C-4671,LATAM,Social,Enterprise,Wearables,Pulse Band,3,105,0.07,292.95,169.17,123.78,20.59,2023-05-01
2026-03-25,ORD-104237,C-4122,APAC,Email,Consumer,Wearables,Pulse Band,2,105,0.13,182.7,112.78,69.92,17.05,2025-05-24
2026-03-25,ORD-104238,C-4166,LATAM,Organic,SMB,Wearables,Pulse Band,1,105,0.09,95.55,56.39,39.16,0,2023-02-27
2026-03-25,ORD-104239,C-4465,EMEA,Email,Consumer,Wearables,Aura Watch,2,329,0.15656934306569342,554.98,393.26,161.72,35.79,2024-07-16
2026-03-25,ORD-104240,C-4207,APAC,Affiliate,Enterprise,Accessories,Flux Cable,2,93,0.12,163.68,114.19,49.49,10.42,2024-10-12
2026-03-25,ORD-104241,C-4648,North America,Social,SMB,Audio,Echo Buds,2,79,0.11,140.62,113.76,26.86,9.73,2024-08-11
2026-03-25,ORD-104242,C-4531,APAC,Paid Search,Enterprise,Home,Beacon Lamp,1,192,0.0827007299270073,176.12,144.33,31.79,30.65,2023-10-16
2026-03-25,ORD-104243,C-4874,APAC,Organic,SMB,Accessories,Flux Cable,2,93,0,186,114.19,71.81,0,2024-01-11
2026-03-26,ORD-104244,C-4470,North America,Social,Consumer,Accessories,Shield Case,3,204,0.08,563.04,413.67,149.37,58.54,2023-07-25
2026-03-26,ORD-104245,C-4440,North America,Paid Search,Enterprise,Wearables,Aura Watch,1,329,0.24978102189781023,246.82,196.68,50.14,43,2023-04-16
2026-03-26,ORD-104246,C-4715,APAC,Paid Search,Enterprise,Audio,Halo Headset,1,125,0.0628102189781022,117.15,72.62,44.53,20.41,2025-02-01
2026-03-26,ORD-104247,C-4822,APAC,Social,Consumer,Home,Beacon Lamp,1,192,0.11,170.88,144.33,26.55,17.77,2025-05-07
2026-03-26,ORD-104248,C-4240,EMEA,Social,SMB,Wearables,Pulse Band,1,105,0,105,56.39,48.61,9.64,2024-03-04
2026-03-26,ORD-104249,C-4487,LATAM,Email,Enterprise,Home,Vista Hub,4,214,0,856,606.07,249.93,51.94,2023-02-16
2026-03-26,ORD-104250,C-4598,APAC,Organic,SMB,Home,Beacon Lamp,2,192,0.14,330.24,288.66,41.58,0,2024-03-15
2026-03-26,ORD-104251,C-4135,APAC,Social,Consumer,Wearables,Aura Watch,1,329,0.15697080291970805,277.36,196.68,80.68,25.17,2024-05-05
2026-03-26,ORD-104252,C-4973,North America,Email,Enterprise,Home,Vista Hub,1,214,0,214,151.52,62.48,18.64,2023-03-27
2026-03-26,ORD-104253,C-4783,EMEA,Organic,Enterprise,Accessories,Flux Cable,1,93,0,93,57.09,35.91,0,2023-07-23
2026-03-26,ORD-104254,C-4255,LATAM,Organic,Enterprise,Audio,Echo Buds,1,79,0.13,68.73,56.88,11.85,0,2023-11-07
2026-03-26,ORD-104255,C-4601,LATAM,Organic,Enterprise,Wearables,Aura Watch,7,329,0.15697080291970805,1941.5,1376.74,564.76,0,2024-12-09
2026-03-26,ORD-104256,C-4705,EMEA,Email,SMB,Accessories,Flux Cable,1,93,0,93,57.09,35.91,5.91,2023-07-14
2026-03-26,ORD-104257,C-4976,EMEA,Social,Enterprise,Home,Vista Hub,5,214,0.1,963,757.59,205.41,99.98,2023-08-06
2026-03-27,ORD-104258,C-4737,EMEA,Paid Search,Consumer,Audio,Halo Headset,1,125,0.042919708029197076,119.64,72.62,47.02,20.86,2025-01-11
2026-03-27,ORD-104259,C-4756,North America,Paid Search,Enterprise,Audio,Echo Buds,1,79,0.042919708029197076,75.61,56.88,18.73,13.18,2024-12-18
2026-03-27,ORD-104260,C-4617,APAC,Email,Consumer,Accessories,Shield Case,3,204,0,612,413.67,198.33,51.38,2024-06-02
2026-03-27,ORD-104261,C-4920,LATAM,Affiliate,SMB,Accessories,Flux Cable,3,93,0.03,270.63,171.28,99.35,28.39,2024-12-21
2026-03-27,ORD-104262,C-4384,LATAM,Organic,SMB,Home,Beacon Lamp,3,192,0,576,432.99,143.01,0,2023-03-27
2026-03-28,ORD-104263,C-4108,APAC,Organic,SMB,Accessories,Orbit Dock,1,208,0.1,187.2,119.97,67.23,0,2023-07-12
2026-03-28,ORD-104264,C-4386,LATAM,Social,Enterprise,Accessories,Shield Case,4,204,0,816,551.56,264.44,61.21,2025-07-16
2026-03-28,ORD-104265,C-4461,LATAM,Organic,Consumer,Accessories,Orbit Dock,3,208,0,624,359.9,264.1,0,2025-01-24
2026-03-28,ORD-104266,C-4312,EMEA,Social,SMB,Accessories,Orbit Dock,1,208,0.04,199.68,119.97,79.71,16.42,2024-02-08
2026-03-28,ORD-104267,C-4925,APAC,Organic,Enterprise,Wearables,Pulse Band,7,105,0,735,394.73,340.27,0,2025-07-10
2026-03-28,ORD-104268,C-4802,APAC,Social,SMB,Accessories,Shield Case,1,204,0.14,175.44,137.89,37.55,12.14,2023-04-14
2026-03-28,ORD-104269,C-4560,APAC,Organic,Consumer,Accessories,Flux Cable,1,93,0.03,90.21,57.09,33.12,0,2024-10-11
2026-03-28,ORD-104270,C-4810,North America,Social,SMB,Wearables,Pulse Band,1,105,0.07,97.65,56.39,41.26,6.23,2023-09-03
2026-03-29,ORD-104271,C-4940,North America,Email,SMB,Accessories,Flux Cable,3,93,0,279,171.28,107.72,18.05,2023-06-10
2026-03-29,ORD-104272,C-4393,EMEA,Affiliate,Consumer,Accessories,Orbit Dock,3,208,0.1,561.6,359.9,201.7,38.14,2025-01-14
2026-03-29,ORD-104273,C-4822,North America,Paid Search,Consumer,Accessories,Shield Case,1,204,0.06313868613138686,191.12,137.89,53.23,33.39,2023-02-10
2026-03-29,ORD-104274,C-4504,LATAM,Paid Search,Consumer,Audio,Echo Buds,2,79,0.043138686131386855,151.18,113.76,37.42,26.41,2024-03-02
2026-03-29,ORD-104275,C-4456,APAC,Affiliate,Consumer,Wearables,Nimbus Ring,2,245,0.06,460.6,357.64,102.96,43.93,2024-12-28
2026-03-29,ORD-104276,C-4614,North America,Social,Enterprise,Wearables,Nimbus Ring,9,245,0,2205,1609.39,595.61,196.23,2023-02-09
2026-03-29,ORD-104277,C-4283,LATAM,Affiliate,Consumer,Audio,Halo Headset,2,125,0,250,145.24,104.76,17.75,2025-07-03
2026-03-29,ORD-104278,C-4496,APAC,Paid Search,SMB,Wearables,Nimbus Ring,2,245,0.08313868613138686,449.26,357.64,91.62,78.49,2023-07-13
2026-03-29,ORD-104279,C-4570,North America,Paid Search,Enterprise,Home,Beacon Lamp,4,192,0.043138686131386855,734.87,577.32,157.55,128.39,2025-07-10
2026-03-29,ORD-104280,C-4853,North America,Paid Search,Enterprise,Accessories,Flux Cable,5,93,0.043138686131386855,444.94,285.47,159.47,77.73,2025-03-10
2026-03-29,ORD-104281,C-4934,North America,Email,Enterprise,Accessories,Orbit Dock,1,208,0.06,195.52,119.97,75.55,15.25,2024-01-05
2026-03-29,ORD-104282,C-4269,LATAM,Email,Enterprise,Wearables,Pulse Band,1,105,0,105,56.39,48.61,7.63,2023-05-19
2026-03-29,ORD-104283,C-4248,APAC,Social,Enterprise,Home,Beacon Lamp,7,192,0.12,1182.72,1010.32,172.4,129.7,2024-03-07
2026-03-30,ORD-104284,C-4724,APAC,Organic,Consumer,Audio,Echo Buds,2,79,0.07,146.94,113.76,33.18,0,2025-03-11
2026-03-30,ORD-104285,C-4582,EMEA,Organic,SMB,Audio,Halo Headset,3,125,0.14,322.5,217.87,104.63,0,2023-07-15
2026-03-30,ORD-104286,C-4398,APAC,Organic,Consumer,Wearables,Aura Watch,1,329,0.15857664233576643,276.83,196.87,79.96,0,2023-10-12
2026-03-30,ORD-104287,C-4129,APAC,Affiliate,Consumer,Home,Nest Sensor,3,64,0,192,102.83,89.17,17.43,2024-10-04
2026-03-30,ORD-104288,C-4210,LATAM,Affiliate,SMB,Accessories,Flux Cable,3,93,0,279,171.28,107.72,22.56,2024-06-08
2026-03-30,ORD-104289,C-4138,North America,Organic,Consumer,Audio,Echo Buds,1,79,0.13,68.73,56.88,11.85,0,2025-05-19
2026-03-30,ORD-104290,C-4947,EMEA,Affiliate,Consumer,Wearables,Aura Watch,3,329,0.15857664233576643,830.48,590.58,239.9,61.46,2023-03-21
2026-03-30,ORD-104291,C-4534,APAC,Organic,Enterprise,Audio,Halo Headset,3,125,0.13,326.25,217.87,108.38,0,2024-10-30
2026-03-30,ORD-104292,C-4439,LATAM,Paid Search,SMB,Wearables,Pulse Band,2,105,0.14324817518248176,179.92,112.78,67.14,31.46,2025-04-24
2026-03-30,ORD-104293,C-4774,LATAM,Email,Consumer,Home,Nest Sensor,1,64,0,64,34.28,29.72,6.82,2023-08-06
2026-03-30,ORD-104294,C-4540,APAC,Organic,Consumer,Wearables,Nimbus Ring,2,245,0.14,421.4,357.64,63.76,0,2025-07-23
2026-03-30,ORD-104295,C-4992,North America,Organic,Consumer,Accessories,Shield Case,2,204,0.02,399.84,275.78,124.06,0,2024-07-22
2026-03-31,ORD-104296,C-4208,North America,,Consumer,Home,Beacon Lamp,2,192,0,384,288.66,95.34,35.96,2024-04-29
2026-03-31,ORD-104297,C-4369,EMEA,Paid Search,Consumer,Wearables,Pulse Band,2,105,0.08335766423357664,192.49,112.78,79.71,33.69,2025-01-20
2026-03-31,ORD-104298,C-4602,LATAM,Social,SMB,Accessories,Flux Cable,3,93,0,279,171.28,107.72,17.5,2023-03-29
2026-03-31,ORD-104299,C-4537,North America,Affiliate,Enterprise,Audio,Halo Headset,6,125,0,750,435.73,314.27,49.28,2025-09-22
2026-03-31,ORD-104300,C-4699,APAC,Social,Consumer,Wearables,Nimbus Ring,3,245,0,735,536.46,198.54,46.49,2025-07-01
2026-03-31,ORD-104301,C-4607,LATAM,Affiliate,SMB,Home,Beacon Lamp,2,192,0,384,288.66,95.34,36.67,2025-01-03
2026-03-31,ORD-104302,C-4875,North America,Affiliate,SMB,Accessories,Orbit Dock,2,208,0.12,366.08,239.93,126.15,23.36,2024-12-15
2026-03-31,ORD-104303,C-4291,APAC,Paid Search,Enterprise,Home,Nest Sensor,7,64,0.04335766423357664,428.58,239.95,188.63,75.02,2024-08-03
2026-03-31,ORD-104304,C-4977,LATAM,Organic,SMB,Wearables,Nimbus Ring,1,245,0.14,210.7,178.82,31.88,0,2025-03-14
2026-03-31,ORD-104305,C-4789,APAC,Social,SMB,Audio,Echo Buds,1,79,0.03,76.63,56.88,19.75,8.27,2024-04-28
2026-03-31,ORD-104306,C-4366,APAC,Organic,Consumer,Accessories,Shield Case,1,204,0,204,137.89,66.11,0,2024-11-01
2026-03-31,ORD-104307,C-4798,North America,Social,Enterprise,Audio,Echo Buds,8,79,0,632,455.05,176.95,60.62,2023-04-19
2026-03-31,ORD-104308,C-4703,LATAM,Social,Enterprise,Audio,Echo Buds,9,79,0,711,511.94,199.06,56.1,2024-11-27
2026-03-31,ORD-104309,C-4766,APAC,Affiliate,SMB,Accessories,Shield Case,2,204,0,408,275.78,132.22,31.07,2023-11-20
2026-03-31,ORD-104310,C-4167,EMEA,Email,SMB,Wearables,Aura Watch,3,329,0.15897810218978103,830.09,590.72,239.37,63.96,2023-04-22
2026-03-31,ORD-104311,C-4869,LATAM,Social,SMB,Home,Vista Hub,1,214,0,214,151.52,62.48,13.4,2025-01-24
2026-04-01,ORD-104312,C-4422,APAC,Affiliate,Consumer,Accessories,Shield Case,1,204,0.13,177.48,137.89,39.59,14.95,2024-05-23
2026-04-01,ORD-104313,C-4213,APAC,Paid Search,Enterprise,Accessories,Shield Case,2,204,0.16346715328467154,341.31,275.78,65.53,59.8,2024-06-17
2026-04-01,ORD-104314,C-4440,North America,Email,Enterprise,Home,Vista Hub,7,214,0,1498,1060.62,437.38,126.57,2023-07-21
2026-04-01,ORD-104315,C-4750,APAC,Social,SMB,Wearables,Pulse Band,2,105,0.07,195.3,112.78,82.52,13.4,2025-05-27
2026-04-01,ORD-104316,C-4389,North America,Organic,Enterprise,Audio,Echo Buds,9,79,0.03,689.67,511.94,177.73,0,2024-01-01
2026-04-01,ORD-104317,C-4773,LATAM,Email,Enterprise,Audio,Echo Buds,8,79,0,632,455.05,176.95,40.92,2024-11-11
2026-04-01,ORD-104318,C-4771,LATAM,Organic,SMB,Home,Beacon Lamp,2,192,0,384,288.66,95.34,0,2023-05-13
2026-04-01,ORD-104319,C-4185,North America,Email,Consumer,Wearables,Aura Watch,1,329,0.1593795620437956,276.56,196.96,79.6,27.51,2025-04-16
2026-04-01,ORD-104320,C-4647,LATAM,Affiliate,Enterprise,Audio,Halo Headset,8,125,0.06,940,580.98,359.02,63.52,2024-06-18
2026-04-01,ORD-104321,C-4503,LATAM,Email,SMB,Home,Beacon Lamp,3,192,0.12,506.88,432.99,73.89,34.56,2025-06-30
2026-04-01,ORD-104322,C-4643,North America,Organic,Consumer,Accessories,Orbit Dock,3,208,0,624,359.9,264.1,0,2023-10-07
2026-04-01,ORD-104323,C-4425,EMEA,Organic,Enterprise,Home,Beacon Lamp,9,192,0.03,1676.16,1298.98,377.18,0,2023-03-06
2026-04-01,ORD-104324,C-4514,LATAM,Affiliate,Consumer,Accessories,Orbit Dock,3,208,0.13,542.88,359.9,182.98,48.75,2025-03-20
2026-04-01,ORD-104325,C-4267,North America,Paid Search,Consumer,Home,Beacon Lamp,3,192,0.15346715328467153,487.6,432.99,54.61,85.43,2023-05-11
2026-04-01,ORD-104326,C-4518,APAC,Social,Enterprise,Wearables,Pulse Band,5,105,0,525,281.95,243.05,33.27,2023-07-28
2026-04-02,ORD-104327,C-4121,EMEA,Email,Enterprise,Home,Vista Hub,4,214,0,856,606.07,249.93,51.67,2024-07-10
2026-04-02,ORD-104328,C-4408,LATAM,Affiliate,Enterprise,Accessories,Flux Cable,5,93,0.02,455.7,285.47,170.23,31.35,2024-01-20
2026-04-02,ORD-104329,C-4170,EMEA,Social,SMB,Wearables,Nimbus Ring,1,245,0,245,178.82,66.18,17.61,2023-04-25
2026-04-02,ORD-104330,C-4914,APAC,Organic,Consumer,Wearables,Pulse Band,2,105,0,210,112.78,97.22,0,2023-02-19
2026-04-02,ORD-104331,C-4151,APAC,Email,SMB,Accessories,Shield Case,3,204,0.12,538.56,413.67,124.89,54.14,2023-10-04
2026-04-02,ORD-104332,C-4382,North America,Paid Search,SMB,Home,Beacon Lamp,1,192,0.12357664233576643,168.27,144.33,23.94,29.51,2023-06-28
2026-04-02,ORD-104333,C-4638,LATAM,Social,Enterprise,Audio,Halo Headset,8,125,0,1000,580.98,419.02,85.27,2024-06-25
2026-04-02,ORD-104334,C-4913,LATAM,Affiliate,Enterprise,Accessories,Shield Case,3,204,0.02,599.76,413.67,186.09,38.45,2025-02-20
2026-04-02,ORD-104335,C-4165,EMEA,Affiliate,Consumer,Audio,Echo Buds,3,79,0,237,170.65,66.35,22.62,2024-10-22
2026-04-02,ORD-104336,C-4266,LATAM,Social,SMB,Wearables,Nimbus Ring,2,245,0,490,357.64,132.36,49.16,2023-07-11
2026-04-02,ORD-104337,C-4463,APAC,Paid Search,SMB,Wearables,Aura Watch,3,329,0.20335766423357662,786.29,591,195.29,137.89,2023-12-03
2026-04-02,ORD-104338,C-4862,APAC,Email,SMB,Accessories,Flux Cable,1,93,0,93,57.09,35.91,8.56,2024-07-23
2026-04-02,ORD-104339,C-4695,EMEA,Organic,SMB,Wearables,Aura Watch,2,329,0.2697810218978102,480.48,393.99,86.49,0,2023-08-31
2026-04-02,ORD-104340,C-4428,North America,Paid Search,Enterprise,Home,Nest Sensor,9,64,0.04357664233576642,550.9,308.5,242.4,96.61,2024-04-02
2026-04-02,ORD-104341,C-4907,EMEA,Paid Search,Consumer,Wearables,Pulse Band,2,105,0.1635766423357664,175.65,112.78,62.87,30.8,2024-08-15
2026-04-02,ORD-104342,C-4137,APAC,Organic,Enterprise,Home,Vista Hub,3,214,0,642,454.55,187.45,0,2024-01-20
2026-04-03,ORD-104343,C-4526,EMEA,Paid Search,SMB,Accessories,Shield Case,2,204,0.04368613138686132,390.18,275.78,114.4,68.49,2023-05-31
2026-04-03,ORD-104344,C-4236,APAC,Social,Consumer,Wearables,Nimbus Ring,3,245,0,735,536.46,198.54,73.22,2024-04-12
2026-04-03,ORD-104345,C-4640,North America,Organic,Consumer,Wearables,Aura Watch,2,329,0.31018248175182483,453.9,394.08,59.82,0,2023-03-31
2026-04-03,ORD-104346,C-4531,North America,Paid Search,SMB,Wearables,Pulse Band,2,105,0.15368613138686132,177.73,112.78,64.95,31.2,2024-03-29
2026-04-03,ORD-104347,C-4389,EMEA,Paid Search,Enterprise,Audio,Halo Headset,9,125,0.04368613138686132,1075.85,653.6,422.25,188.84,2023-05-23
2026-04-03,ORD-104348,C-4201,North America,Paid Search,Consumer,Home,Nest Sensor,1,64,0.04368613138686132,61.2,34.28,26.92,10.74,2023-09-29
2026-04-03,ORD-104349,C-4358,LATAM,Organic,Enterprise,Accessories,Orbit Dock,4,208,0,832,479.87,352.13,0,2024-03-28
2026-04-03,ORD-104350,C-4478,APAC,Organic,Consumer,Accessories,Orbit Dock,1,208,0,208,119.97,88.03,0,2024-11-25
2026-04-03,ORD-104351,C-4428,North America,Social,SMB,Wearables,Nimbus Ring,3,245,0,735,536.46,198.54,79.61,2024-11-13
2026-04-03,ORD-104352,C-4221,North America,Organic,Enterprise,Home,Nest Sensor,2,64,0,128,68.56,59.44,0,2025-06-15
2026-04-03,ORD-104353,C-4749,APAC,Affiliate,Enterprise,Accessories,Orbit Dock,4,208,0.11,740.48,479.87,260.61,47.49,2024-03-15
2026-04-03,ORD-104354,C-4576,APAC,Paid Search,Enterprise,Accessories,Shield Case,1,204,0.1336861313868613,176.73,137.89,38.84,31.02,2023-12-03
2026-04-03,ORD-104355,C-4395,APAC,Paid Search,Consumer,Home,Vista Hub,1,214,0.17368613138686131,176.83,151.52,25.31,31.04,2025-05-24
2026-04-03,ORD-104356,C-4223,APAC,Affiliate,SMB,Wearables,Nimbus Ring,1,245,0,245,178.82,66.18,24.68,2025-03-09
2026-04-04,ORD-104357,C-4638,EMEA,Affiliate,Enterprise,Accessories,Orbit Dock,1,208,0.14,178.88,119.97,58.91,11.8,2024-06-16
2026-04-04,ORD-104358,C-4326,North America,Organic,Enterprise,Home,Beacon Lamp,5,192,0,960,721.65,238.35,0,2025-06-22
2026-04-04,ORD-104359,C-4123,North America,Affiliate,Consumer,Accessories,Orbit Dock,2,208,0.1,374.4,239.93,134.47,37.85,2025-04-24
2026-04-04,ORD-104360,C-4884,North America,Social,SMB,Accessories,Flux Cable,2,93,0,186,114.19,71.81,13.77,2025-03-22
2026-04-04,ORD-104361,C-4976,EMEA,Organic,Enterprise,Home,Nest Sensor,4,64,0.05,243.2,137.11,106.09,0,2023-08-24
2026-04-04,ORD-104362,C-4289,LATAM,Email,SMB,Accessories,Orbit Dock,2,208,0,416,239.93,176.07,38.16,2023-01-17
2026-04-04,ORD-104363,C-4350,LATAM,Paid Search,SMB,Audio,Echo Buds,2,79,0.1537956204379562,133.7,113.76,19.94,23.49,2024-09-02
2026-04-04,ORD-104364,C-4968,LATAM,Affiliate,SMB,Home,Beacon Lamp,1,192,0,192,144.33,47.67,14.76,2023-05-18
2026-04-04,ORD-104365,C-4486,APAC,Organic,SMB,Accessories,Flux Cable,3,93,0,279,171.28,107.72,0,2025-03-18
2026-04-05,ORD-104366,C-4427,LATAM,Affiliate,Consumer,Accessories,Flux Cable,2,93,0.04,178.56,114.19,64.37,18.37,2023-01-14
2026-04-05,ORD-104367,C-4988,EMEA,Organic,SMB,Accessories,Orbit Dock,3,208,0.1,561.6,359.9,201.7,0,2023-02-09
2026-04-05,ORD-104368,C-4526,EMEA,Organic,SMB,Audio,Echo Buds,3,79,0,237,170.65,66.35,0,2024-04-18
2026-04-05,ORD-104369,C-4967,LATAM,Paid Search,SMB,Wearables,Aura Watch,1,329,0.3348905109489051,218.82,197.14,21.68,38.48,2023-08-16
2026-04-05,ORD-104370,C-4884,North America,Affiliate,Consumer,Accessories,Flux Cable,2,93,0,186,114.19,71.81,14.45,2023-10-25
2026-04-05,ORD-104371,C-4615,APAC,Affiliate,Enterprise,Home,Nest Sensor,8,64,0.09,465.92,274.22,191.7,31.67,2024-12-13
2026-04-05,ORD-104372,C-4537,APAC,Social,SMB,Accessories,Shield Case,1,204,0,204,137.89,66.11,17.63,2023-08-29
2026-04-05,ORD-104373,C-4389,LATAM,Affiliate,SMB,Accessories,Orbit Dock,3,208,0.05,592.8,359.9,232.9,53.34,2023-01-15
2026-04-05,ORD-104374,C-4941,EMEA,Email,Enterprise,Home,Nest Sensor,4,64,0.13,222.72,137.11,85.61,13.77,2024-07-10
2026-04-05,ORD-104375,C-4548,APAC,Paid Search,Enterprise,Accessories,Shield Case,3,204,0.07390510948905109,566.77,413.67,153.1,99.67,2023-10-23
2026-04-05,ORD-104376,C-4682,LATAM,Paid Search,Consumer,Wearables,Aura Watch,1,329,0.2048905109489051,261.59,197.14,64.45,46,2023-08-11
2026-04-05,ORD-104377,C-4453,APAC,Email,Consumer,Accessories,Flux Cable,2,93,0.04,178.56,114.19,64.37,12.08,2024-01-05
2026-04-06,ORD-104378,C-4687,EMEA,Paid Search,Consumer,Wearables,Nimbus Ring,2,245,0.044014598540145985,468.43,357.64,110.79,82.45,2024-04-20
2026-04-06,ORD-104379,C-4911,EMEA,Paid Search,SMB,Home,Vista Hub,1,214,0.09401459854014599,193.88,151.52,42.36,34.13,2023-03-21
2026-04-06,ORD-104380,C-4830,North America,Social,SMB,Home,Vista Hub,1,214,0,214,151.52,62.48,12.84,2024-04-18
2026-04-06,ORD-104381,C-4766,LATAM,Organic,Enterprise,Home,Nest Sensor,4,64,0.04,245.76,137.11,108.65,0,2024-08-31
2026-04-06,ORD-104382,C-4812,APAC,Affiliate,Enterprise,Audio,Halo Headset,3,125,0,375,217.87,157.13,25.82,2025-01-01
2026-04-06,ORD-104383,C-4124,North America,Email,SMB,Home,Nest Sensor,1,64,0,64,34.28,29.72,4.89,2025-07-09
2026-04-06,ORD-104384,C-4257,EMEA,Affiliate,Enterprise,Accessories,Shield Case,8,204,0,1632,1103.12,528.88,161.47,2023-05-27
2026-04-06,ORD-104385,C-4706,North America,Affiliate,Consumer,Wearables,Nimbus Ring,3,245,0.1,661.5,536.46,125.04,64.06,2024-12-20
2026-04-06,ORD-104386,C-4274,EMEA,Email,SMB,Wearables,Aura Watch,1,329,0.16138686131386862,275.9,197.18,78.72,25.13,2024-07-27
2026-04-06,ORD-104387,C-4574,APAC,Paid Search,Enterprise,Accessories,Orbit Dock,3,208,0.044014598540145985,596.53,359.9,236.63,105,2024-06-09
2026-04-06,ORD-104388,C-4965,North America,Affiliate,Enterprise,Wearables,Aura Watch,7,329,0.2513868613138686,1724.06,1380.26,343.8,160.64,2024-10-20
2026-04-06,ORD-104389,C-4834,LATAM,Affiliate,Enterprise,Wearables,Aura Watch,7,329,0.16138686131386862,1931.33,1380.26,551.07,211.59,2024-12-30
2026-04-06,ORD-104390,C-4385,EMEA,Organic,Consumer,Wearables,Aura Watch,1,329,0.16138686131386862,275.9,197.18,78.72,0,2024-01-11
2026-04-06,ORD-104391,C-4405,APAC,Organic,SMB,Accessories,Shield Case,3,204,0,612,413.67,198.33,0,2025-01-02
2026-04-07,ORD-104392,C-4506,LATAM,Email,SMB,Audio,Halo Headset,3,125,0.04,360,217.87,142.13,26.47,2023-12-26
2026-04-07,ORD-104393,C-4929,EMEA,Paid Search,SMB,Home,Vista Hub,2,214,0.044124087591240875,409.11,303.03,106.08,72.08,2024-07-27
2026-04-07,ORD-104394,C-4265,EMEA,Paid Search,Consumer,Wearables,Nimbus Ring,1,245,0.044124087591240875,234.19,178.82,55.37,,2025-05-14
2026-04-07,ORD-104395,C-4430,APAC,Organic,SMB,Home,Nest Sensor,1,64,0,64,34.28,29.72,0,2023-07-29
2026-04-07,ORD-104396,C-4382,EMEA,Affiliate,Consumer,Home,Vista Hub,1,214,0,214,151.52,62.48,13.86,2023-10-04
2026-04-07,ORD-104397,C-4101,LATAM,Organic,Consumer,Wearables,Pulse Band,2,105,0,210,112.78,97.22,0,2023-02-19
2026-04-07,ORD-104398,C-4865,EMEA,Social,SMB,Accessories,Flux Cable,2,93,0.09,169.26,114.19,55.07,15.66,2023-04-24
2026-04-07,ORD-104399,C-4196,APAC,Paid Search,Consumer,Wearables,Nimbus Ring,2,245,0.044124087591240875,468.38,357.64,110.74,82.52,2023-12-19
2026-04-07,ORD-104400,C-4795,EMEA,Social,Enterprise,Accessories,Flux Cable,9,93,0.06,786.78,513.85,272.93,66.32,2025-01-28
2026-04-07,ORD-104401,C-4913,APAC,Social,Consumer,Wearables,Pulse Band,3,105,0,315,169.17,145.83,34.43,2024-02-27
2026-04-07,ORD-104402,C-4495,North America,Paid Search,SMB,Accessories,Orbit Dock,3,208,0.044124087591240875,596.47,359.9,236.57,105.09,2024-08-04
2026-04-08,ORD-104403,C-4733,North America,Affiliate,SMB,Audio,Echo Buds,1,79,0,79,56.88,22.12,7.48,2023-04-22
2026-04-08,ORD-104404,C-4520,LATAM,Affiliate,SMB,Accessories,Shield Case,2,204,0,408,275.78,132.22,34.09,2024-04-24
2026-04-08,ORD-104405,C-4464,LATAM,Organic,Enterprise,Audio,Echo Buds,9,79,0.04,682.56,511.94,170.62,0,2024-04-09
2026-04-08,ORD-104406,C-4772,APAC,Affiliate,Enterprise,Accessories,Flux Cable,2,93,0.09,169.26,114.19,55.07,18.23,2023-03-19
2026-04-08,ORD-104407,C-4634,North America,Paid Search,Enterprise,Accessories,Orbit Dock,9,208,0.044233576642335765,1789.19,1079.7,709.49,315.52,2023-11-28
2026-04-08,ORD-104408,C-4257,North America,Social,Enterprise,Accessories,Flux Cable,3,93,0.02,273.42,171.28,102.14,18.6,2023-09-12
2026-04-08,ORD-104409,C-4856,APAC,Email,Consumer,Accessories,Orbit Dock,1,208,0.06,195.52,119.97,75.55,12.87,2024-08-25
2026-04-08,ORD-104410,C-4702,North America,Organic,SMB,Wearables,Aura Watch,1,329,0.2521897810218978,246.03,197.28,48.75,0,2024-07-21
2026-04-08,ORD-104411,C-4132,LATAM,,SMB,Wearables,Nimbus Ring,1,245,0,245,178.82,66.18,22.75,2025-05-13
2026-04-08,ORD-104412,C-4282,North America,Email,Enterprise,Audio,Halo Headset,4,125,0.09,455,290.49,164.51,49.73,2023-06-16
2026-04-08,ORD-104413,C-4252,LATAM,Paid Search,Enterprise,Accessories,Orbit Dock,9,208,0.07423357664233576,1733.03,1079.7,653.33,305.62,2023-10-07
2026-04-08,ORD-104414,C-4854,LATAM,Email,Enterprise,Home,Vista Hub,5,214,0,1070,757.59,312.41,86.53,2024-01-11
2026-04-08,ORD-104415,C-4552,EMEA,Affiliate,SMB,Accessories,Flux Cable,3,93,0,279,171.28,107.72,25.77,2023-08-18
2026-04-08,ORD-104416,C-4818,EMEA,Paid Search,SMB,Home,Beacon Lamp,3,192,0.044233576642335765,550.52,432.99,117.53,97.08,2023-12-14
2026-04-08,ORD-104417,C-4287,EMEA,Paid Search,Enterprise,Accessories,Orbit Dock,8,208,0.044233576642335765,1590.4,959.73,630.67,280.47,2025-03-31
2026-04-08,ORD-104418,C-4237,EMEA,Paid Search,,Home,Vista Hub,1,214,0.09423357664233577,193.83,151.52,42.31,34.18,2024-07-02
2026-04-08,ORD-104419,C-4976,EMEA,Organic,SMB,Wearables,Aura Watch,1,329,0.16218978102189782,275.64,197.28,78.36,0,2023-07-15
2026-04-08,ORD-104420,C-4182,EMEA,Social,Consumer,Home,Beacon Lamp,1,192,0,192,144.33,47.67,18.45,2025-01-24
2026-04-09,ORD-104421,C-4386,LATAM,Email,Consumer,Wearables,Aura Watch,2,329,0.2525912408759124,491.79,394.63,97.16,33.22,2024-08-14
2026-04-09,ORD-104422,C-4462,LATAM,Organic,SMB,Home,Nest Sensor,2,64,0.08,117.76,68.56,49.2,0,2023-03-16
2026-04-09,ORD-104423,C-4580,EMEA,Organic,Consumer,Home,Nest Sensor,2,64,0,128,68.56,59.44,0,2023-12-19
2026-04-09,ORD-104424,C-4195,EMEA,Organic,SMB,Home,Vista Hub,3,214,0,642,454.55,187.45,0,2023-03-19
2026-04-09,ORD-104425,C-4841,LATAM,Social,Enterprise,Audio,Echo Buds,2,79,0,158,113.76,44.24,12.64,2025-08-27
2026-04-09,ORD-104426,C-4688,LATAM,Social,Consumer,Wearables,Aura Watch,2,329,0.1625912408759124,551.01,394.63,156.38,57.53,2025-04-27
2026-04-09,ORD-104427,C-4513,North America,Organic,Enterprise,Wearables,Pulse Band,9,105,0.04,907.2,507.51,399.69,0,2025-01-07
2026-04-09,ORD-104428,C-4268,APAC,Organic,SMB,Home,Vista Hub,3,214,0,642,454.55,187.45,0,2023-05-29
2026-04-09,ORD-104429,C-4160,APAC,Email,SMB,Accessories,Shield Case,2,204,0,408,275.78,132.22,38.93,2024-12-14
2026-04-09,ORD-104430,C-4941,North America,Affiliate,Consumer,Audio,Halo Headset,1,125,0,125,72.62,52.38,9.84,2025-04-02
2026-04-09,ORD-104431,C-4150,North America,Organic,Consumer,Audio,Halo Headset,3,125,0.01,371.25,217.87,153.38,0,2023-06-15
2026-04-09,ORD-104432,C-4969,LATAM,Social,Consumer,Accessories,Flux Cable,2,93,0,186,114.19,71.81,16.66,2023-01-16
2026-04-09,ORD-104433,C-4956,LATAM,Social,SMB,Wearables,Nimbus Ring,3,245,0,735,536.46,198.54,57.94,2024-07-30
2026-04-09,ORD-104434,C-4388,APAC,Paid Search,Enterprise,Accessories,Shield Case,8,204,0.08434306569343065,1494.35,1103.12,391.23,263.77,2023-10-30
2026-04-09,ORD-104435,C-4285,LATAM,Paid Search,Consumer,Wearables,Nimbus Ring,2,245,0.06434306569343065,458.47,357.64,100.83,80.93,2024-02-02
2026-04-10,ORD-104436,C-4646,EMEA,Organic,Enterprise,Home,Nest Sensor,8,64,0.06,481.28,274.22,207.06,0,2025-04-30
2026-04-10,ORD-104437,C-4727,EMEA,Organic,SMB,Audio,Halo Headset,2,125,0.11,222.5,145.24,77.26,0,2025-06-25
2026-04-10,ORD-104438,C-4520,APAC,Organic,Enterprise,Home,Beacon Lamp,1,192,0.07,178.56,144.33,34.23,0,2025-05-31
2026-04-10,ORD-104439,,North America,Email,SMB,Home,Vista Hub,1,214,0.13,186.18,151.52,34.66,14.11,2023-07-09
2026-04-10,ORD-104440,C-4714,APAC,Email,SMB,Home,Vista Hub,1,214,0,214,151.52,62.48,14.87,2023-09-22
2026-04-10,ORD-104441,C-4714,LATAM,Affiliate,Consumer,Audio,Echo Buds,3,79,0,237,170.65,66.35,23.36,2025-01-17
2026-04-10,ORD-104442,C-4906,LATAM,Email,Consumer,Home,Nest Sensor,3,64,0,192,102.83,89.17,15.45,2025-05-21
2026-04-10,ORD-104443,C-4578,LATAM,Organic,Consumer,Accessories,Shield Case,1,204,0.15,173.4,137.89,35.51,0,2023-07-07
2026-04-10,ORD-104444,C-4443,APAC,Email,SMB,Accessories,Shield Case,1,204,0,204,137.89,66.11,20.02,2023-10-09
2026-04-11,ORD-104445,C-4450,APAC,Email,Consumer,Audio,Echo Buds,2,79,0,158,113.76,44.24,10.74,2023-01-10
2026-04-11,ORD-104446,C-4193,LATAM,Organic,Consumer,Accessories,Flux Cable,3,93,0.01,276.21,171.28,104.93,0,2024-04-04
2026-04-11,ORD-104447,C-4594,APAC,Paid Search,Consumer,Home,Beacon Lamp,1,192,0.04456204379562044,183.44,144.33,39.11,32.44,2024-07-18
2026-04-11,ORD-104448,C-4786,APAC,Email,Consumer,Home,Beacon Lamp,2,192,0,384,288.66,95.34,25.97,2025-01-14
2026-04-11,ORD-104449,C-4700,LATAM,Affiliate,Consumer,Home,Vista Hub,2,214,0,428,303.03,124.97,36.46,2023-02-05
2026-04-11,ORD-104450,C-4146,EMEA,Social,Enterprise,Wearables,Nimbus Ring,6,245,0,1470,1072.92,397.08,146.03,2025-07-18
2026-04-11,ORD-104451,C-4814,LATAM,Social,Enterprise,Home,Vista Hub,4,214,0.01,847.44,606.07,241.37,57.33,2023-01-18
2026-04-11,ORD-104452,C-4285,LATAM,Organic,SMB,Accessories,Orbit Dock,2,208,0.13,361.92,239.93,121.99,0,2025-02-07
2026-04-12,ORD-104453,C-4451,LATAM,Affiliate,Enterprise,Audio,Halo Headset,4,125,0.05,475,290.49,184.51,41.25,2024-04-19
2026-04-12,ORD-104454,C-4316,North America,Organic,SMB,Audio,Echo Buds,1,79,0.02,77.42,56.88,20.54,0,2023-01-20
2026-04-12,ORD-104455,C-4948,EMEA,Email,Consumer,Home,Vista Hub,1,214,0.03,207.58,151.52,56.06,17.6,2025-09-07
2026-04-12,ORD-104456,C-4336,APAC,Social,SMB,Accessories,Orbit Dock,1,208,0,208,119.97,88.03,13.11,2024-12-23
2026-04-12,ORD-104457,C-4387,North America,Email,Consumer,Audio,Echo Buds,1,79,0,79,56.88,22.12,6.24,2025-04-10
2026-04-12,ORD-104458,C-4493,North America,Email,SMB,Home,Vista Hub,1,214,0,214,151.52,62.48,23.31,2025-06-17
2026-04-12,ORD-104459,C-4308,LATAM,Social,Enterprise,Home,Nest Sensor,5,64,0.12,281.6,171.39,110.21,21.89,2025-06-06
2026-04-12,ORD-104460,C-4499,LATAM,Paid Search,SMB,Audio,Halo Headset,3,125,0.04467153284671532,358.25,217.87,140.38,63.41,2025-06-17
2026-04-12,ORD-104461,C-4799,North America,Paid Search,Consumer,Accessories,Flux Cable,3,93,0.1546715328467153,235.85,171.28,64.57,41.75,2025-03-03
2026-04-12,ORD-104462,C-4801,North America,Affiliate,Consumer,Home,Vista Hub,2,214,0.05,406.6,303.03,103.57,39.01,2025-09-01
2026-04-12,ORD-104463,C-4388,North America,Email,SMB,Accessories,Shield Case,2,204,0.03,395.76,275.78,119.98,34.18,2024-11-10
2026-04-12,ORD-104464,C-4656,LATAM,Social,SMB,Wearables,Nimbus Ring,2,245,0.05,465.5,357.64,107.86,40.16,2023-09-20
2026-04-12,ORD-104465,C-4780,APAC,Organic,SMB,Home,Vista Hub,1,214,0.03,207.58,151.52,56.06,0,2025-08-16
2026-04-13,ORD-104466,C-4239,North America,Social,Consumer,Home,Nest Sensor,1,64,0,64,34.28,29.72,5.41,2025-02-26
2026-04-13,ORD-104467,C-4410,APAC,Paid Search,Enterprise,Audio,Halo Headset,5,125,0.04478102189781021,597.01,363.11,233.9,105.77,2025-07-03
2026-04-13,ORD-104468,C-4101,North America,Social,Enterprise,Home,Nest Sensor,1,64,0.14,55.04,34.28,20.76,3.35,2024-08-10
2026-04-13,ORD-104469,C-4420,North America,Social,Enterprise,Audio,Halo Headset,6,125,0,750,435.73,314.27,68.99,2023-11-19
2026-04-13,ORD-104470,C-4694,LATAM,Organic,Enterprise,Wearables,Aura Watch,2,329,0.1641970802919708,549.96,395,154.96,0,2023-10-27
2026-04-13,ORD-104471,C-4885,EMEA,Organic,Enterprise,Audio,Echo Buds,8,79,0,632,455.05,176.95,0,2025-08-17
2026-04-13,ORD-104472,C-4381,LATAM,Email,Enterprise,Accessories,Shield Case,9,204,0.13,1597.32,1241.01,356.31,108.01,2025-07-22
2026-04-13,ORD-104473,C-4374,APAC,Email,Consumer,Audio,Echo Buds,3,79,0,237,170.65,66.35,16.8,2025-02-17
2026-04-13,ORD-104474,C-4151,LATAM,Organic,Enterprise,Home,Beacon Lamp,2,192,0.13,334.08,288.66,45.42,0,2025-04-24
2026-04-13,ORD-104475,C-4319,EMEA,Paid Search,Enterprise,Wearables,Pulse Band,1,105,0.04478102189781021,100.3,56.39,43.91,17.77,2025-08-27
2026-04-13,ORD-104476,C-4324,LATAM,Paid Search,Consumer,Home,Beacon Lamp,3,192,0.04478102189781021,550.21,432.99,117.22,97.48,2025-03-13
2026-04-13,ORD-104477,C-4906,LATAM,Paid Search,Consumer,Home,Nest Sensor,3,64,0.04478102189781021,183.4,102.83,80.57,32.49,2025-08-09
2026-04-13,ORD-104478,C-4561,North America,Social,Enterprise,Home,Nest Sensor,7,64,0.04,430.08,239.95,190.13,41.15,2023-03-05
2026-04-13,ORD-104479,C-4928,North America,Paid Search,Enterprise,Accessories,Orbit Dock,9,208,0.18478102189781023,1526.09,1079.7,446.39,270.38,2023-03-17
2026-04-13,ORD-104480,C-4260,APAC,Social,SMB,Wearables,Nimbus Ring,3,245,0,735,536.46,198.54,55.39,2024-03-18
2026-04-14,ORD-104481,C-4482,APAC,Paid Search,Enterprise,Wearables,Aura Watch,4,329,0.24948905109489053,987.67,790.18,197.49,175.15,2024-10-09
2026-04-14,ORD-104482,C-4769,EMEA,Paid Search,Consumer,Accessories,Orbit Dock,3,208,0.04489051094890511,595.99,359.9,236.09,105.69,2023-04-08
2026-04-14,ORD-104483,C-4786,EMEA,Paid Search,Enterprise,Accessories,Shield Case,1,204,0.0648905109489051,190.76,137.89,52.87,33.83,2025-02-07
2026-04-14,ORD-104484,C-4370,LATAM,Email,Consumer,Audio,Echo Buds,3,79,0.07,220.41,170.65,49.76,15.08,2025-04-27
2026-04-14,ORD-104485,C-4903,LATAM,Social,Enterprise,Wearables,Aura Watch,8,329,0.1645985401459854,2198.78,1580.36,618.42,182.97,2024-12-21
2026-04-14,ORD-104486,C-4328,APAC,Affiliate,Consumer,Wearables,Nimbus Ring,1,245,0,245,178.82,66.18,25.97,2024-04-17
2026-04-14,ORD-104487,C-4127,LATAM,Organic,,Wearables,Pulse Band,3,105,0,315,169.17,145.83,0,2025-02-11
2026-04-14,ORD-104488,C-4176,LATAM,Email,Consumer,Accessories,Shield Case,1,204,0.09,185.64,137.89,47.75,15.99,2024-01-05
2026-04-14,ORD-104489,C-4432,North America,Paid Search,Consumer,Accessories,Shield Case,2,204,0.04489051094890511,389.68,275.78,113.9,69.1,2023-04-15
2026-04-14,ORD-104490,C-4908,North America,Social,SMB,Audio,Echo Buds,3,79,0.12,208.56,170.65,37.91,14.8,2024-11-20
2026-04-14,ORD-104491,C-4510,LATAM,Email,Enterprise,Audio,Echo Buds,7,79,0.15,470.05,398.17,71.88,40.48,2023-10-08
2026-04-14,ORD-104492,C-4122,APAC,Email,Consumer,Home,Vista Hub,1,214,0,214,151.52,62.48,13.42,2024-08-14
2026-04-14,ORD-104493,C-4550,EMEA,Social,Enterprise,Home,Nest Sensor,9,64,0.1,518.4,308.5,209.9,34.95,2024-01-18
2026-04-14,ORD-104494,C-4707,LATAM,Social,SMB,Home,Vista Hub,3,214,0.01,635.58,454.55,181.03,56.4,2024-05-17
2026-04-15,ORD-104495,C-4354,EMEA,Organic,SMB,Accessories,Orbit Dock,2,208,0.05,395.2,239.93,155.27,0,2023-06-26
2026-04-15,ORD-104496,C-4302,EMEA,Organic,Consumer,Accessories,Shield Case,3,204,0,612,413.67,198.33,0,2023-08-28
2026-04-15,ORD-104497,C-4459,North America,Organic,Consumer,Audio,Halo Headset,2,125,0,250,145.24,104.76,0,2023-10-27
2026-04-15,ORD-104498,C-4975,EMEA,Paid Search,Consumer,Wearables,Aura Watch,1,329,0.21000000000000002,259.91,197.6,62.31,46.13,2024-06-29
2026-04-15,ORD-104499,C-4875,EMEA,Social,Enterprise,Home,Vista Hub,8,214,0.08,1575.04,1212.14,362.9,156.47,2023-09-05
2026-04-15,ORD-104500,C-4506,EMEA,Paid Search,Consumer,Home,Nest Sensor,2,64,0.045,122.24,68.56,53.68,21.7,2023-06-17
2026-04-15,ORD-104501,C-4342,North America,Affiliate,Enterprise,Home,Vista Hub,8,214,0.1,1540.8,1212.14,328.66,125.48,2023-05-19
2026-04-15,ORD-104502,C-4259,EMEA,Email,SMB,Home,Nest Sensor,3,64,0,192,102.83,89.17,14.67,2023-05-21
2026-04-15,ORD-104503,C-4108,LATAM,Affiliate,Consumer,Audio,Echo Buds,2,79,0,158,113.76,44.24,14.19,2023-05-29
2026-04-15,ORD-104504,C-4993,North America,Affiliate,Consumer,Audio,Halo Headset,2,125,0,250,145.24,104.76,20.76,2023-10-01
2026-04-15,ORD-104505,C-4568,North America,Social,Consumer,Wearables,Aura Watch,3,329,0.225,764.93,592.78,172.15,48.03,2024-10-14
2026-04-16,ORD-104506,C-4169,EMEA,Affiliate,SMB,Home,Vista Hub,1,214,0.02,209.72,151.52,58.2,18.55,2024-06-06
2026-04-16,ORD-104507,C-4226,EMEA,Email,Consumer,Accessories,Shield Case,1,204,0,204,137.89,66.11,14.09,2024-04-19
2026-04-16,ORD-104508,C-4677,LATAM,Paid Search,Consumer,Audio,Echo Buds,1,79,0.04510948905109489,75.44,56.88,18.56,13.4,2024-09-02
2026-04-16,ORD-104509,C-4602,EMEA,Affiliate,SMB,Wearables,Nimbus Ring,1,245,0,245,178.82,66.18,22.21,2024-02-25
2026-04-16,ORD-104510,C-4906,North America,Organic,SMB,Accessories,Shield Case,1,204,0,204,137.89,66.11,0,2024-06-13
2026-04-16,ORD-104511,C-4363,APAC,Paid Search,Enterprise,Accessories,Orbit Dock,5,208,0.17510948905109489,857.89,599.83,258.06,152.42,2024-11-25
2026-04-16,ORD-104512,C-4862,LATAM,Organic,SMB,Accessories,Orbit Dock,2,208,0.12,366.08,239.93,126.15,0,2023-02-19
2026-04-16,ORD-104513,C-4182,North America,Social,Enterprise,Audio,Halo Headset,4,125,0,500,290.49,209.51,54.28,2024-08-03
2026-04-16,ORD-104514,C-4847,EMEA,Organic,Enterprise,Accessories,Flux Cable,1,93,0,93,57.09,35.91,0,2024-11-02
2026-04-16,ORD-104515,C-4250,EMEA,Social,Consumer,Accessories,Shield Case,3,204,0,612,413.67,198.33,65.32,2025-04-26
2026-04-16,ORD-104516,C-4206,EMEA,Email,Consumer,Wearables,Aura Watch,3,329,0.16540145985401458,823.75,592.91,230.84,53.37,2024-06-01
2026-04-16,ORD-104517,C-4622,North America,Affiliate,Enterprise,Home,Vista Hub,7,214,0.01,1483.02,1060.62,422.4,118.08,2024-02-19
2026-04-16,ORD-104518,C-4895,APAC,Organic,Enterprise,Home,Nest Sensor,8,64,0.05,486.4,274.22,212.18,0,2025-01-30
2026-04-16,ORD-104519,C-4967,LATAM,Email,Enterprise,Accessories,Flux Cable,6,93,0.08,513.36,342.57,170.79,55.11,2023-12-04
2026-04-16,ORD-104520,C-4293,EMEA,Email,SMB,Accessories,Flux Cable,1,93,0,93,57.09,35.91,7.99,2023-01-27
2026-04-17,ORD-104521,C-4133,LATAM,Organic,SMB,Wearables,Aura Watch,3,329,0.2658029197080292,724.65,593.05,131.6,0,2024-01-02
2026-04-17,ORD-104522,C-4910,LATAM,Email,Enterprise,Wearables,Nimbus Ring,6,245,0,1470,1072.92,397.08,98.71,2023-11-17
2026-04-17,ORD-104523,C-4676,APAC,Email,SMB,Wearables,Aura Watch,2,329,0.1658029197080292,548.9,395.36,153.54,50.32,2024-07-02
2026-04-17,ORD-104524,C-4253,North America,Affiliate,Enterprise,Accessories,Orbit Dock,4,208,0.15,707.2,479.87,227.33,55.41,2025-06-09
2026-04-17,ORD-104525,C-4313,LATAM,Email,Consumer,Home,Beacon Lamp,1,192,0.06,180.48,144.33,36.15,15.77,2024-07-23
2026-04-17,ORD-104526,C-4981,LATAM,Email,Enterprise,Home,Nest Sensor,9,64,0,576,308.5,267.5,41.45,2024-04-05
2026-04-17,ORD-104527,C-4920,North America,Paid Search,SMB,Accessories,Flux Cable,1,93,0.045218978102189784,88.79,57.09,31.7,15.79,2023-03-05
2026-04-17,ORD-104528,C-4981,North America,Paid Search,SMB,Accessories,Flux Cable,1,93,0.045218978102189784,88.79,57.09,31.7,15.79,2025-05-28
2026-04-17,ORD-104529,C-4599,LATAM,,Consumer,Audio,Halo Headset,2,125,0,250,145.24,104.76,19.46,2023-07-01
2026-04-17,ORD-104530,C-4634,North America,Organic,SMB,Wearables,Nimbus Ring,2,245,0.05,465.5,357.64,107.86,0,2024-03-14
2026-04-17,ORD-104531,C-4456,APAC,Email,SMB,Wearables,Nimbus Ring,1,245,0.08,225.4,178.82,46.58,16.11,2024-02-23
2026-04-18,ORD-104532,C-4936,North America,Affiliate,SMB,Home,Vista Hub,2,214,0.13,372.36,303.03,69.33,39.1,2025-04-07
2026-04-18,ORD-104533,C-4952,LATAM,Affiliate,SMB,Accessories,Flux Cable,1,93,0.13,80.91,57.09,23.82,7.81,2024-05-24
2026-04-18,ORD-104534,C-4487,EMEA,Organic,SMB,Accessories,Flux Cable,2,93,0.12,163.68,114.19,49.49,0,2023-06-10
2026-04-18,ORD-104535,C-4170,APAC,Email,SMB,Accessories,Shield Case,2,204,0.14,350.88,275.78,75.1,32.6,2023-02-14
2026-04-18,ORD-104536,C-4570,APAC,Social,Consumer,Accessories,Shield Case,2,204,0,408,275.78,132.22,39.16,2024-07-02
2026-04-18,ORD-104537,C-4696,North America,Social,Consumer,Audio,Halo Headset,1,125,0,125,72.62,52.38,12.98,2023-03-23
2026-04-18,ORD-104538,C-4642,APAC,Paid Search,SMB,Audio,Echo Buds,3,79,0.045328467153284674,226.26,170.65,55.61,40.27,2025-02-22
2026-04-18,ORD-104539,C-4609,North America,Social,Consumer,Accessories,Flux Cable,3,93,0.08,256.68,171.28,85.4,16.64,2024-03-27
2026-04-18,ORD-104540,C-4584,North America,Social,SMB,Audio,Halo Headset,1,125,0,125,72.62,52.38,12.43,2023-11-20
2026-04-18,ORD-104541,C-4620,North America,Organic,SMB,Wearables,Nimbus Ring,3,245,0.11,654.15,536.46,117.69,0,2023-01-04
2026-04-18,ORD-104542,C-4408,North America,Affiliate,Enterprise,Wearables,Aura Watch,4,329,0.1662043795620438,1097.28,790.91,306.37,91.51,2024-09-12
2026-04-18,ORD-104543,C-4808,EMEA,Email,Consumer,Accessories,Shield Case,3,204,0.13,532.44,413.67,118.77,47.16,2024-08-11
2026-04-18,ORD-104544,C-4669,APAC,Affiliate,Enterprise,Wearables,Aura Watch,4,329,0.1662043795620438,1097.28,790.91,306.37,95.37,2025-01-29
2026-04-19,ORD-104545,C-4409,EMEA,Paid Search,Enterprise,Accessories,Shield Case,5,204,0.07543795620437956,943.05,689.45,253.6,168.01,2023-12-02
2026-04-19,ORD-104546,C-4557,EMEA,Social,Consumer,Wearables,Nimbus Ring,1,245,0,245,178.82,66.18,20.86,2025-09-19
2026-04-19,ORD-104547,C-4705,APAC,Organic,Consumer,Home,Vista Hub,3,214,0,642,454.55,187.45,0,2025-03-17
2026-04-19,ORD-104548,C-4838,APAC,Affiliate,Consumer,Home,Vista Hub,3,214,0,642,454.55,187.45,51.42,2025-08-14
2026-04-19,ORD-104549,C-4771,APAC,Paid Search,Consumer,Accessories,Flux Cable,2,93,0.15543795620437956,157.09,114.19,42.9,27.99,2024-12-14
2026-04-19,ORD-104550,C-4331,EMEA,Paid Search,Consumer,Wearables,Aura Watch,3,329,0.21204379562043796,777.71,593.33,184.38,138.55,2024-10-27
2026-04-19,ORD-104551,C-4547,APAC,Social,Enterprise,Wearables,Nimbus Ring,9,245,0,2205,1609.39,595.61,176.2,2025-09-17
2026-04-19,ORD-104552,C-4774,LATAM,Organic,Enterprise,Wearables,Pulse Band,7,105,0,735,394.73,340.27,0,2024-10-19
2026-04-19,ORD-104553,C-4173,LATAM,Social,Consumer,Wearables,Pulse Band,1,105,0,105,56.39,48.61,10.3,2023-11-27
2026-04-19,ORD-104554,C-4884,EMEA,Email,SMB,Wearables,Nimbus Ring,2,245,0.02,480.2,357.64,122.56,34.12,2023-09-08
2026-04-19,ORD-104555,C-4512,North America,Paid Search,SMB,Audio,Halo Headset,2,125,0.15543795620437956,211.14,145.24,65.9,37.62,2023-07-04
2026-04-19,ORD-104556,C-4500,LATAM,Paid Search,SMB,Home,Nest Sensor,2,64,0.045437956204379557,122.18,68.56,53.62,21.77,2025-05-06
2026-04-19,ORD-104557,C-4132,LATAM,Social,Consumer,Wearables,Aura Watch,1,329,0.1666058394160584,274.19,197.78,76.41,26.08,2023-06-01
2026-04-19,ORD-104558,C-4913,North America,Affiliate,SMB,Accessories,Orbit Dock,1,208,0,208,119.97,88.03,20.33,2023-03-10
2026-04-19,ORD-104559,C-4219,North America,Organic,Consumer,Wearables,Nimbus Ring,3,245,0,735,536.46,198.54,0,2023-07-03
2026-04-19,ORD-104560,C-4845,APAC,Paid Search,Enterprise,Accessories,Shield Case,6,204,0.06543795620437956,1143.9,827.34,316.56,203.79,2024-09-02
2026-04-19,ORD-104561,C-4327,APAC,Paid Search,Enterprise,Wearables,Nimbus Ring,7,245,0.13543795620437954,1482.72,1251.74,230.98,264.16,2023-05-22
2026-04-19,ORD-104562,C-4461,APAC,Email,SMB,Accessories,Shield Case,1,204,0,204,137.89,66.11,18.31,2024-07-30
2026-04-20,ORD-104563,C-4721,EMEA,Paid Search,Consumer,Home,Beacon Lamp,1,192,0.045547445255474446,183.25,144.33,38.92,32.68,2023-08-21
2026-04-20,ORD-104564,C-4209,LATAM,Affiliate,Enterprise,Home,Beacon Lamp,5,192,0,960,721.65,238.35,68.32,2025-07-29
2026-04-20,ORD-104565,C-4467,LATAM,Affiliate,Enterprise,Audio,Echo Buds,9,79,0.12,625.68,511.94,113.74,49.48,2024-08-03
2026-04-20,ORD-104566,C-4678,LATAM,Paid Search,Consumer,Wearables,Pulse Band,2,105,0.09554744525547446,189.94,112.78,77.16,33.87,2024-01-23
2026-04-20,ORD-104567,C-4176,North America,Organic,Consumer,Home,Nest Sensor,1,64,0.04,61.44,34.28,27.16,0,2025-08-28
2026-04-20,ORD-104568,C-4118,LATAM,Affiliate,SMB,Audio,Halo Headset,1,125,0,125,72.62,52.38,11.04,2024-08-02
2026-04-20,ORD-104569,C-4414,North America,Affiliate,Enterprise,Home,Beacon Lamp,3,192,0,576,432.99,143.01,42.17,2024-11-09
2026-04-20,ORD-104570,C-4533,APAC,Email,SMB,Wearables,Aura Watch,2,329,0.167007299270073,548.11,395.64,152.47,41.79,2023-10-30
2026-04-20,ORD-104571,C-4769,North America,Organic,SMB,Home,Vista Hub,3,214,0,642,454.55,187.45,0,2025-01-03
2026-04-20,ORD-104572,C-4814,North America,Affiliate,SMB,Accessories,Orbit Dock,2,208,0,416,239.93,176.07,29.39,2024-01-01
2026-04-20,ORD-104573,C-4455,APAC,Organic,Enterprise,Home,Beacon Lamp,7,192,0,1344,1010.32,333.68,0,2025-06-22
2026-04-20,ORD-104574,C-4372,North America,Paid Search,Enterprise,Accessories,Shield Case,2,204,0.09554744525547446,369.02,275.78,93.24,65.8,2024-12-26
2026-04-20,ORD-104575,C-4235,North America,Social,SMB,Audio,Echo Buds,2,79,0,158,113.76,44.24,15,2023-02-23
2026-04-20,ORD-104576,C-4883,LATAM,Email,SMB,Accessories,Shield Case,3,204,0,612,413.67,198.33,51.89,2024-09-23
2026-04-20,ORD-104577,C-4633,LATAM,Email,Consumer,Accessories,Flux Cable,3,93,0,279,171.28,107.72,25.38,2023-06-17
2026-04-20,ORD-104578,C-4270,EMEA,Paid Search,SMB,Wearables,Aura Watch,1,329,0.21255474452554743,259.07,197.82,61.25,46.2,2023-02-20
2026-04-20,ORD-104579,C-4319,APAC,Paid Search,Enterprise,Home,Beacon Lamp,5,192,0.06554744525547444,897.07,721.65,175.42,159.97,2024-12-30
2026-04-20,ORD-104580,C-4781,LATAM,Affiliate,Enterprise,Wearables,Aura Watch,8,329,0.167007299270073,2192.44,1582.55,609.89,238.94,2025-03-25
2026-04-20,ORD-104581,C-4874,North America,Organic,Enterprise,Audio,Halo Headset,2,125,0.12,220,145.24,74.76,0,2025-01-06
2026-04-21,ORD-104582,C-4253,EMEA,Organic,Consumer,Audio,Halo Headset,2,125,0,250,145.24,104.76,0,2025-09-23
2026-04-21,ORD-104583,C-4436,LATAM,Social,SMB,Accessories,Flux Cable,1,93,0,93,57.09,35.91,8.83,2025-07-08
2026-04-21,ORD-104584,C-4690,North America,Affiliate,Enterprise,Audio,Halo Headset,3,125,0,375,217.87,157.13,32.59,2023-10-23
2026-04-21,ORD-104585,C-4359,North America,Paid Search,SMB,Home,Vista Hub,1,214,0.04565693430656934,204.23,151.52,52.71,36.45,2024-03-05
2026-04-21,ORD-104586,C-4219,EMEA,Affiliate,SMB,Wearables,Nimbus Ring,1,245,0,245,178.82,66.18,19.74,2025-01-10
2026-04-21,ORD-104587,C-4440,EMEA,Paid Search,Enterprise,Audio,Echo Buds,7,79,0.04565693430656934,527.75,398.17,129.58,94.2,2024-07-24
2026-04-21,ORD-104588,C-4221,APAC,Social,Enterprise,Audio,Halo Headset,4,125,0,500,290.49,209.51,43.33,2023-05-18
2026-04-21,ORD-104589,C-4735,APAC,Organic,Consumer,Home,Vista Hub,2,214,0,428,303.03,124.97,0,2024-04-05
2026-04-21,ORD-104590,C-4886,North America,Organic,Enterprise,Home,Beacon Lamp,1,192,0.07,178.56,144.33,34.23,0,2024-05-22
2026-04-21,ORD-104591,C-4503,APAC,Social,SMB,Wearables,Nimbus Ring,1,245,0,245,178.82,66.18,15.91,2024-02-22
2026-04-21,ORD-104592,C-4499,North America,Paid Search,Enterprise,Accessories,Flux Cable,1,93,0.09565693430656935,84.1,57.09,27.01,15.01,2025-01-27
2026-04-21,ORD-104593,C-4817,EMEA,Paid Search,Enterprise,Wearables,Aura Watch,7,329,0.21306569343065693,1812.31,1385.06,427.25,323.47,2023-01-15
2026-04-21,ORD-104594,C-4519,LATAM,Affiliate,SMB,Home,Nest Sensor,2,64,0.14,110.08,68.56,41.52,8.09,2023-01-02
2026-04-21,ORD-104595,C-4922,LATAM,Organic,Consumer,Wearables,Nimbus Ring,3,245,0.01,727.65,536.46,191.19,0,2023-05-25
2026-04-21,ORD-104596,C-4308,LATAM,Email,Enterprise,Audio,Echo Buds,2,79,0,158,113.76,44.24,13.23,2024-01-15
2026-04-21,ORD-104597,C-4512,APAC,Affiliate,Enterprise,Accessories,Orbit Dock,3,208,0,624,359.9,264.1,47.74,2024-11-16
2026-04-21,ORD-104598,C-4930,LATAM,Affiliate,Enterprise,Wearables,Aura Watch,2,329,0.1674087591240876,547.85,395.73,152.12,40.19,2023-10-16
2026-04-22,ORD-104599,C-4546,APAC,Social,SMB,Audio,Echo Buds,3,79,0,237,170.65,66.35,25.81,2023-12-25
2026-04-22,ORD-104600,C-4180,LATAM,Social,Consumer,Home,Vista Hub,3,214,0.02,629.16,454.55,174.61,49.97,2024-07-30
2026-04-22,ORD-104601,C-4834,North America,Affiliate,Consumer,Home,Beacon Lamp,1,192,0,192,144.33,47.67,21.12,2023-10-17
2026-04-22,ORD-104602,C-4627,LATAM,Affiliate,Enterprise,Wearables,Aura Watch,8,329,0.1978102189781022,2111.36,1583.28,528.08,207.59,2023-07-13
2026-04-22,ORD-104603,C-4509,North America,Social,Consumer,Wearables,Aura Watch,1,329,0.1678102189781022,273.79,197.92,75.87,20.2,2023-08-29
2026-04-22,ORD-104604,C-4527,EMEA,Paid Search,SMB,Audio,Echo Buds,1,79,0.04576642335766423,75.38,56.88,18.5,13.47,2023-09-06
2026-04-22,ORD-104605,C-4127,EMEA,Email,SMB,Audio,Halo Headset,3,125,0.1,337.5,217.87,119.63,35.01,2025-03-15
2026-04-22,ORD-104606,C-4501,LATAM,Email,SMB,Audio,Echo Buds,2,79,0,158,113.76,44.24,17.09,2025-06-04
2026-04-22,ORD-104607,C-4245,EMEA,Organic,Consumer,Accessories,Orbit Dock,2,208,0,416,239.93,176.07,0,2023-10-05
2026-04-22,ORD-104608,C-4347,EMEA,Paid Search,Enterprise,Wearables,Nimbus Ring,1,245,0.04576642335766423,233.79,178.82,54.97,41.77,2023-08-02
2026-04-22,ORD-104609,C-4215,North America,Affiliate,SMB,Wearables,Pulse Band,2,105,0,210,112.78,97.22,17.63,2024-02-09
2026-04-22,ORD-104610,C-4687,EMEA,Social,Consumer,Audio,Halo Headset,1,125,0,125,72.62,52.38,10.79,2025-02-18
2026-04-22,ORD-104611,C-4411,North America,Email,Enterprise,Wearables,Aura Watch,8,329,0.1678102189781022,2190.32,1583.28,607.04,223.54,2023-08-29
2026-04-23,ORD-104612,C-4560,APAC,Affiliate,Enterprise,Accessories,Flux Cable,2,93,0,186,114.19,71.81,13.88,2024-06-22
2026-04-23,ORD-104613,C-4907,LATAM,Affiliate,Enterprise,Audio,Halo Headset,9,125,0.15,956.25,653.6,302.65,101.21,2024-08-19
2026-04-23,ORD-104614,C-4366,EMEA,Social,SMB,Home,Beacon Lamp,1,192,0.1,172.8,144.33,28.47,14.42,2023-06-07
2026-04-23,ORD-104615,C-4176,APAC,Paid Search,Enterprise,Accessories,Shield Case,8,204,0.04587591240875912,1557.13,1103.12,454.01,278.44,2024-08-12
2026-04-23,ORD-104616,C-4855,North America,Social,SMB,Wearables,Pulse Band,1,105,0.1,94.5,56.39,38.11,9.49,2025-09-06
2026-04-23,ORD-104617,C-4273,EMEA,Email,SMB,Home,Vista Hub,2,214,0.08,393.76,303.03,90.73,32.67,2024-03-20
2026-04-23,ORD-104618,C-4984,EMEA,Social,Enterprise,Home,Vista Hub,1,214,0,214,151.52,62.48,15.2,2025-04-30
2026-04-23,ORD-104619,C-4682,LATAM,Email,SMB,Home,Nest Sensor,1,64,0,64,34.28,29.72,6.8,2023-04-05
2026-04-23,ORD-104620,C-4294,North America,Social,SMB,Audio,Echo Buds,1,79,0,79,56.88,22.12,7.49,2023-08-23
2026-04-23,ORD-104621,C-4184,APAC,Social,SMB,Accessories,Shield Case,1,204,0,204,137.89,66.11,20.68,2024-10-21
2026-04-23,ORD-104622,C-4759,LATAM,Email,Consumer,Home,Nest Sensor,3,64,0,192,102.83,89.17,15.14,2023-07-03
2026-04-23,ORD-104623,C-4545,LATAM,Affiliate,Consumer,Accessories,Shield Case,3,204,0.05,581.4,413.67,167.73,39.94,2024-01-12
2026-04-23,ORD-104624,C-4751,EMEA,Social,Enterprise,Accessories,Orbit Dock,8,208,0,1664,959.73,704.27,134.94,2025-01-15
2026-04-23,ORD-104625,C-4642,APAC,Organic,Consumer,Accessories,Shield Case,1,204,0.03,197.88,137.89,59.99,0,2024-06-20
2026-04-23,ORD-104626,C-4857,APAC,Email,SMB,Wearables,Aura Watch,3,329,0.1682116788321168,820.98,593.87,227.11,77.42,2025-03-16
2026-04-24,ORD-104627,C-4111,North America,Social,Enterprise,Accessories,Shield Case,1,204,0.09,185.64,137.89,47.75,15.28,2024-11-09
2026-04-24,ORD-104628,C-4461,APAC,Social,SMB,Accessories,Shield Case,3,204,0.03,593.64,413.67,179.97,53.02,2024-11-08
2026-04-24,ORD-104629,C-4957,APAC,Social,Consumer,Audio,Echo Buds,2,79,0,158,113.76,44.24,10.56,2024-06-04
2026-04-24,ORD-104630,C-4228,LATAM,Paid Search,SMB,Wearables,Nimbus Ring,2,245,0.04598540145985401,467.47,357.64,109.83,83.67,2025-04-08
2026-04-24,ORD-104631,C-4599,APAC,Affiliate,Enterprise,Wearables,Aura Watch,3,329,0.16861313868613137,820.58,594.01,226.57,88.61,2025-05-10
2026-04-24,ORD-104632,C-4411,APAC,Email,Enterprise,Home,Vista Hub,3,214,0.08,590.64,454.55,136.09,49.77,2024-11-07
2026-04-24,ORD-104633,C-4592,LATAM,Email,Consumer,Home,Nest Sensor,3,64,0,192,102.83,89.17,19.73,2023-09-14
2026-04-24,ORD-104634,C-4146,North America,Paid Search,Consumer,Wearables,Nimbus Ring,3,245,0.05598540145985401,693.85,536.46,157.39,124.18,2024-11-05
2026-04-24,ORD-104635,C-4500,EMEA,Paid Search,SMB,Accessories,Flux Cable,3,93,0.04598540145985401,266.17,171.28,94.89,47.64,2024-02-09
2026-04-24,ORD-104636,C-4577,APAC,Affiliate,Consumer,Wearables,Aura Watch,2,329,0.2986131386861314,461.51,396,65.51,48.51,2023-06-07
2026-04-24,ORD-104637,C-4909,APAC,Paid Search,Consumer,Accessories,Shield Case,2,204,0.04598540145985401,389.24,275.78,113.46,69.67,2023-09-26
2026-04-24,ORD-104638,C-4747,EMEA,Social,SMB,Wearables,Pulse Band,2,105,0.12,184.8,112.78,72.02,15.02,2023-07-16
2026-04-24,ORD-104639,C-4107,North America,Paid Search,SMB,Accessories,Orbit Dock,1,208,0.04598540145985401,198.44,119.97,78.47,35.52,2023-06-15
2026-04-24,ORD-104640,C-4788,LATAM,Organic,SMB,Home,Vista Hub,3,214,0.05,609.9,454.55,155.35,0,2024-01-28
2026-04-24,ORD-104641,C-4963,APAC,Organic,Consumer,Home,Vista Hub,3,214,0.05,609.9,454.55,155.35,0,2023-02-21
2026-04-25,ORD-104642,C-4700,APAC,Email,Consumer,Accessories,Flux Cable,2,93,0.07,172.98,114.19,58.79,14.35,2025-03-17
2026-04-25,ORD-104643,C-4367,APAC,Paid Search,Enterprise,Wearables,Nimbus Ring,8,245,0.04609489051094891,1869.65,1430.56,439.09,334.93,2023-10-30
2026-04-25,ORD-104644,C-4202,North America,Paid Search,Enterprise,Audio,Halo Headset,8,125,0.1660948905109489,833.91,580.98,252.93,149.39,2024-11-04
2026-04-25,ORD-104645,C-4343,North America,Paid Search,Consumer,Accessories,Shield Case,1,204,0.04609489051094891,194.6,137.89,56.71,34.86,2023-02-27
2026-04-25,ORD-104646,C-4731,LATAM,Organic,Enterprise,Home,Nest Sensor,1,64,0,64,34.28,29.72,0,2024-07-03
2026-04-25,ORD-104647,C-4557,LATAM,Paid Search,SMB,Wearables,Pulse Band,3,105,0.04609489051094891,300.48,169.17,131.31,53.83,2024-09-07
2026-04-25,ORD-104648,C-4745,EMEA,Social,SMB,Wearables,Pulse Band,1,105,0.04,100.8,56.39,44.41,8.22,2023-09-28
2026-04-26,ORD-104649,C-4668,EMEA,Paid Search,SMB,Wearables,Pulse Band,3,105,0.0462043795620438,300.45,169.17,131.28,53.87,2024-03-07
2026-04-26,ORD-104650,C-4495,APAC,Affiliate,Enterprise,Home,Nest Sensor,3,64,0,192,102.83,89.17,20.36,2024-02-08
2026-04-26,ORD-104651,C-4361,North America,Organic,Enterprise,Home,Vista Hub,5,214,0.05,1016.5,757.59,258.91,0,2024-01-21
2026-04-26,ORD-104652,C-4509,EMEA,Affiliate,SMB,Wearables,Pulse Band,3,105,0,315,169.17,145.83,31.85,2024-04-19
2026-04-26,ORD-104653,C-4532,EMEA,Email,SMB,Wearables,Aura Watch,2,329,0.16941605839416057,546.52,396.19,150.33,36.28,2025-08-18
2026-04-26,ORD-104654,C-4906,LATAM,Email,SMB,Wearables,Aura Watch,2,329,0.16941605839416057,546.52,396.19,150.33,35.83,2024-03-05
2026-04-26,ORD-104655,C-4310,LATAM,Social,Enterprise,Accessories,Flux Cable,7,93,0.11,579.39,399.66,179.73,60.88,2023-11-02
2026-04-26,ORD-104656,C-4169,LATAM,Affiliate,Enterprise,Home,Beacon Lamp,3,192,0,576,432.99,143.01,51.14,2025-05-04
2026-04-26,ORD-104657,C-4720,North America,Email,Consumer,Home,Beacon Lamp,3,192,0,576,432.99,143.01,38.83,2025-01-08
2026-04-26,ORD-104658,C-4757,North America,Email,SMB,Home,Vista Hub,3,214,0,642,454.55,187.45,60.51,2023-04-04
2026-04-26,ORD-104659,C-4410,EMEA,Social,Consumer,Audio,Echo Buds,3,79,0.05,225.15,170.65,54.5,19.85,2023-11-03
2026-04-26,ORD-104660,C-4210,North America,Social,SMB,Accessories,Orbit Dock,2,208,0,416,239.93,176.07,39.89,2023-06-04
2026-04-26,ORD-104661,C-4488,APAC,Paid Search,SMB,Home,Vista Hub,3,214,0.1562043795620438,541.72,454.55,87.17,97.13,2023-09-09
2026-04-26,ORD-104662,C-4588,North America,Organic,Consumer,Home,Beacon Lamp,1,192,0.09,174.72,144.33,30.39,0,2025-08-24
2026-04-26,ORD-104663,C-4367,APAC,Paid Search,Enterprise,Wearables,Nimbus Ring,7,245,0.1762043795620438,1412.81,1251.74,161.07,253.33,2025-03-08
2026-04-26,ORD-104664,C-4650,APAC,Social,Enterprise,Audio,Echo Buds,6,79,0.03,459.78,341.29,118.49,36.59,2024-06-23
2026-04-26,ORD-104665,C-4234,LATAM,Paid Search,Enterprise,Accessories,Shield Case,4,204,0.16620437956204379,680.38,551.56,128.82,122,2023-06-16
2026-04-26,ORD-104666,C-4959,LATAM,Paid Search,Enterprise,Accessories,Shield Case,3,204,0.0462043795620438,583.72,413.67,170.05,104.66,2023-01-03
2026-04-26,ORD-104667,C-4818,EMEA,Email,SMB,Audio,Halo Headset,3,125,0,375,217.87,157.13,37.94,2024-10-09
2026-04-26,ORD-104668,C-4471,LATAM,Affiliate,Consumer,Wearables,Aura Watch,1,329,0.16941605839416057,273.26,198.1,75.16,19.26,2025-06-03
2026-04-27,ORD-104669,C-4510,North America,Email,Enterprise,Home,Beacon Lamp,3,192,0.14,495.36,432.99,62.37,52.44,2023-10-12
2026-04-27,ORD-104670,C-4256,LATAM,Paid Search,Consumer,Wearables,Aura Watch,3,329,0.27613138686131383,714.46,594.42,120.04,128.22,2023-06-17
2026-04-27,ORD-104671,C-4616,North America,Paid Search,Enterprise,Accessories,Flux Cable,1,93,0.04631386861313868,88.69,57.09,31.6,15.92,2025-08-26
2026-04-27,ORD-104672,C-4183,North America,Social,Enterprise,Wearables,Nimbus Ring,6,245,0.13,1278.9,1072.92,205.98,84.26,2024-11-17
2026-04-27,ORD-104673,C-4503,North America,Social,SMB,Wearables,Aura Watch,1,329,0.24981751824817516,246.81,198.14,48.67,17.87,2023-08-21
2026-04-27,ORD-104674,C-4704,APAC,Email,Consumer,Audio,Echo Buds,1,79,0.04,75.84,56.88,18.96,4.82,2025-03-08
2026-04-27,ORD-104675,C-4655,APAC,Affiliate,Enterprise,Accessories,Shield Case,7,204,0,1428,965.23,462.77,120.04,2023-01-25
2026-04-27,ORD-104676,C-4743,EMEA,Affiliate,Enterprise,Audio,Echo Buds,1,79,0.04,75.84,56.88,18.96,8.25,2025-06-27
2026-04-27,ORD-104677,C-4136,EMEA,Paid Search,Consumer,Audio,Halo Headset,2,125,0.04631386861313868,238.42,145.24,93.18,42.79,2023-02-04
2026-04-27,ORD-104678,C-4462,EMEA,Social,SMB,Wearables,Nimbus Ring,2,245,0.07,455.7,357.64,98.06,47.85,2023-01-20
2026-04-27,ORD-104679,C-4171,North America,Paid Search,SMB,Wearables,Pulse Band,1,105,0.04631386861313868,100.14,56.39,43.75,17.97,2024-05-29
2026-04-27,ORD-104680,C-4794,LATAM,Paid Search,SMB,Accessories,Shield Case,2,204,0.04631386861313868,389.1,275.78,113.32,69.83,2024-05-11
2026-04-27,ORD-104681,C-4417,EMEA,Social,SMB,Audio,Halo Headset,1,125,0.06,117.5,72.62,44.88,11.64,2024-04-03
2026-04-27,ORD-104682,C-4267,EMEA,Social,Enterprise,Audio,Halo Headset,3,125,0,375,217.87,157.13,26.59,2025-04-14
2026-04-28,ORD-104683,C-4546,EMEA,Social,SMB,Accessories,Orbit Dock,1,208,0,208,119.97,88.03,16.59,2024-02-19
2026-04-28,ORD-104684,C-4691,EMEA,Organic,SMB,Accessories,Flux Cable,2,93,0.12,163.68,114.19,49.49,0,2023-02-02
2026-04-28,ORD-104685,C-4660,LATAM,Social,Enterprise,Wearables,Aura Watch,8,329,0.1702189781021898,2183.98,1585.48,598.5,162.73,2023-03-08
2026-04-28,ORD-104686,C-4832,North America,Social,Consumer,Accessories,Shield Case,2,204,0,408,275.78,132.22,43.66,2025-07-16
2026-04-28,ORD-104687,C-4192,APAC,Email,SMB,Wearables,Nimbus Ring,3,245,0,735,536.46,198.54,70.3,2024-05-17
2026-04-28,ORD-104688,C-4778,LATAM,Affiliate,Consumer,Home,Beacon Lamp,2,192,0,384,288.66,95.34,27.99,2025-02-21
2026-04-28,ORD-104689,C-4945,LATAM,Paid Search,Consumer,Accessories,Orbit Dock,1,208,0.046423357664233576,198.34,119.97,78.37,35.63,2024-07-04
2026-04-28,ORD-104690,C-4469,LATAM,Affiliate,Enterprise,Accessories,Shield Case,7,204,0.01,1413.72,965.23,448.49,94.05,2024-02-11
2026-04-28,ORD-104691,C-4753,LATAM,Affiliate,SMB,Audio,Halo Headset,3,125,0,375,217.87,157.13,24.35,2023-05-20
2026-04-28,ORD-104692,C-4505,EMEA,Paid Search,SMB,Wearables,Aura Watch,1,329,0.2166423357664234,257.72,198.19,59.53,46.3,2024-05-19
2026-04-28,ORD-104693,C-4882,LATAM,Organic,SMB,Audio,Echo Buds,3,79,0,237,170.65,66.35,0,2023-08-04
2026-04-28,ORD-104694,C-4789,North America,Affiliate,SMB,Audio,Halo Headset,3,125,0.03,363.75,217.87,145.88,29.29,2024-08-22
2026-04-28,ORD-104695,C-4817,LATAM,Social,Consumer,Wearables,Pulse Band,2,105,0.04,201.6,112.78,88.82,15.44,2024-05-24
2026-04-28,ORD-104696,C-4617,LATAM,Affiliate,Enterprise,Wearables,Aura Watch,6,329,0.1702189781021898,1637.99,1189.11,448.88,151.34,2025-07-08
2026-04-28,ORD-104697,C-4994,EMEA,Email,Enterprise,Audio,Echo Buds,9,79,0.03,689.67,511.94,177.73,44.77,2023-01-30
2026-04-28,ORD-104698,C-4708,North America,Paid Search,Consumer,Accessories,Shield Case,2,204,0.046423357664233576,389.06,275.78,113.28,69.89,2024-03-11
2026-04-28,ORD-104699,C-4467,LATAM,Affiliate,Enterprise,Home,Nest Sensor,9,64,0.13,501.12,308.5,192.62,53.99,2023-05-14
2026-04-29,ORD-104700,C-4111,North America,Email,Consumer,Home,Vista Hub,1,214,0,214,151.52,62.48,19.2,2024-04-29
2026-04-29,ORD-104701,C-4185,APAC,Organic,Consumer,Home,Beacon Lamp,3,192,0.06,541.44,432.99,108.45,0,2023-08-06
2026-04-29,ORD-104702,C-4188,North America,Paid Search,Enterprise,Wearables,Aura Watch,7,329,0.21715328467153283,1802.9,1387.62,415.28,324.16,2023-02-25
2026-04-29,ORD-104703,C-4192,EMEA,Email,SMB,Home,Nest Sensor,3,64,0,192,102.83,89.17,17.38,2025-06-19
2026-04-29,ORD-104704,C-4556,North America,Email,Consumer,Accessories,Shield Case,1,204,0,204,137.89,66.11,18.74,2025-09-01
2026-04-29,ORD-104705,C-4464,APAC,Social,Consumer,Home,Nest Sensor,3,64,0,192,102.83,89.17,19.61,2023-11-17
2026-04-29,ORD-104706,C-4601,North America,Organic,SMB,Accessories,Flux Cable,3,93,0.1,251.1,171.28,79.82,0,2025-01-31
2026-04-29,ORD-104707,C-4928,North America,Organic,SMB,Accessories,Flux Cable,1,93,0,93,57.09,35.91,0,2024-02-01
2026-04-29,ORD-104708,C-4296,LATAM,Paid Search,Enterprise,Home,Vista Hub,8,214,0.08653284671532846,1563.86,1212.14,351.72,281.18,2025-04-22
2026-04-29,ORD-104709,C-4187,APAC,Affiliate,Enterprise,Home,Nest Sensor,7,64,0.04,430.08,239.95,190.13,26.59,2023-01-07
2026-04-29,ORD-104710,C-4134,North America,Email,SMB,Wearables,Pulse Band,2,105,0.03,203.7,112.78,90.92,12.73,2024-01-17
2026-04-29,ORD-104711,C-4473,APAC,Paid Search,Enterprise,Accessories,Shield Case,2,204,0.046532846715328466,389.01,275.78,113.23,69.94,2023-10-12
2026-04-29,ORD-104712,C-4687,LATAM,Email,Enterprise,Accessories,Flux Cable,7,93,0,651,399.66,251.34,55.96,2024-09-09
2026-04-29,ORD-104713,C-4952,LATAM,Email,Enterprise,Accessories,Orbit Dock,7,208,0,1456,839.77,616.23,151.87,2024-11-19
2026-04-29,ORD-104714,C-4822,LATAM,Organic,Consumer,Audio,Halo Headset,1,125,0,125,72.62,52.38,0,2023-08-14
2026-04-29,ORD-104715,C-4206,EMEA,Organic,SMB,Home,Beacon Lamp,3,192,0,576,432.99,143.01,0,2024-06-26
2026-04-29,ORD-104716,C-4614,EMEA,Paid Search,Enterprise,Wearables,Pulse Band,7,105,0.046532846715328466,700.8,394.73,306.07,126,2023-05-15
2026-04-29,ORD-104717,C-4744,LATAM,Paid Search,SMB,Home,Nest Sensor,1,64,0.046532846715328466,61.02,34.28,26.74,10.97,2025-05-05
2026-04-30,ORD-104718,C-4757,North America,Social,SMB,Accessories,Orbit Dock,3,208,0,624,359.9,264.1,67.33,2023-10-23
2026-04-30,ORD-104719,C-4840,North America,Paid Search,Consumer,Wearables,Aura Watch,1,329,0.2676642335766423,240.94,198.28,42.66,43.36,2025-09-24
2026-04-30,ORD-104720,C-4392,EMEA,Email,SMB,Accessories,Shield Case,1,204,0.02,199.92,137.89,62.03,18.58,2023-07-13
2026-04-30,ORD-104721,C-4525,APAC,Affiliate,Enterprise,Home,Beacon Lamp,8,192,0,1536,1154.65,381.35,96.9,2023-10-23
2026-04-30,ORD-104722,C-4470,APAC,Affiliate,Enterprise,Audio,Halo Headset,6,125,0,750,435.73,314.27,51.8,2023-07-26
2026-04-30,ORD-104723,C-4203,EMEA,Organic,SMB,Accessories,Orbit Dock,1,208,0,208,119.97,88.03,0,2025-02-25
2026-04-30,ORD-104724,C-4725,LATAM,Email,SMB,Home,Beacon Lamp,2,192,0.14,330.24,288.66,41.58,26.2,2023-06-01
2026-04-30,ORD-104725,C-4848,LATAM,Affiliate,Enterprise,Home,Vista Hub,7,214,0,1498,1060.62,437.38,94.02,2024-12-25
2026-04-30,ORD-104726,C-4518,EMEA,Paid Search,SMB,Audio,Echo Buds,3,79,0.046642335766423355,225.95,170.65,55.3,40.66,2023-08-07
2026-04-30,ORD-104727,C-4160,EMEA,Organic,SMB,Wearables,Aura Watch,3,329,0.20102189781021898,788.59,594.83,193.76,0,2024-02-25
2026-04-30,ORD-104728,C-4600,EMEA,Organic,SMB,Wearables,Aura Watch,3,329,0.261021897810219,729.37,594.83,134.54,0,2025-02-08
2026-04-30,ORD-104729,C-4895,North America,Email,Enterprise,Wearables,Pulse Band,6,105,0,630,338.34,291.66,58.18,2024-04-05
2026-04-30,ORD-104730,C-4618,EMEA,Paid Search,Consumer,Accessories,Shield Case,1,204,0.046642335766423355,194.48,137.89,56.59,35,2024-04-11
2026-04-30,ORD-104731,C-4725,North America,Affiliate,Consumer,Accessories,Shield Case,1,204,0,204,137.89,66.11,12.8,2023-03-21
2026-04-30,ORD-104732,C-4823,APAC,Paid Search,Enterprise,Wearables,Pulse Band,3,105,0.046642335766423355,300.31,169.17,131.14,54.04,2025-08-27
2026-04-30,ORD-104733,C-4900,EMEA,Email,Consumer,Accessories,Orbit Dock,3,208,0,624,359.9,264.1,61.4,2023-09-15
2026-04-30,ORD-104734,C-4484,APAC,Affiliate,SMB,Wearables,Pulse Band,2,105,0,210,112.78,97.22,15.06,2025-03-15
2026-04-30,ORD-104735,C-4520,EMEA,Social,SMB,Accessories,Orbit Dock,2,208,0,416,239.93,176.07,42.12,2023-09-12
2026-05-01,ORD-104736,C-4127,LATAM,Affiliate,SMB,Accessories,Shield Case,2,204,0.06,383.52,275.78,107.74,38.84,2023-11-23
2026-05-01,ORD-104737,C-4797,APAC,Affiliate,Enterprise,Audio,Halo Headset,3,125,0.07,348.75,217.87,130.88,25.58,2023-01-30
2026-05-01,ORD-104738,C-4577,EMEA,Paid Search,SMB,Home,Beacon Lamp,3,192,0.06675182481751825,537.55,432.99,104.56,96.83,2023-03-11
2026-05-01,ORD-104739,C-4399,North America,Affiliate,Consumer,Audio,Echo Buds,1,79,0.02,77.42,56.88,20.54,5.06,2023-11-06
2026-05-01,ORD-104740,C-4564,EMEA,Organic,Consumer,Accessories,Flux Cable,3,93,0,279,171.28,107.72,0,2024-05-05
2026-05-01,ORD-104741,C-4343,North America,Email,Enterprise,Accessories,Orbit Dock,1,208,0,208,119.97,88.03,20.38,2023-06-02
2026-05-01,ORD-104742,C-4941,APAC,Paid Search,SMB,Accessories,Shield Case,1,204,0.10675182481751824,182.22,137.89,44.33,32.82,2023-05-31
2026-05-01,ORD-104743,C-4497,North America,Paid Search,Enterprise,Accessories,Shield Case,3,204,0.046751824817518245,583.39,413.67,169.72,105.08,2024-10-10
2026-05-01,ORD-104744,C-4290,North America,Email,SMB,Home,Beacon Lamp,1,192,0,192,144.33,47.67,14.91,2024-12-18
2026-05-01,ORD-104745,C-4972,EMEA,Organic,SMB,Audio,Halo Headset,3,125,0.11,333.75,217.87,115.88,0,2023-06-16
2026-05-01,ORD-104746,C-4615,North America,Social,Enterprise,Home,Beacon Lamp,7,192,0,1344,1010.32,333.68,88.42,2025-09-03
2026-05-01,ORD-104747,C-4181,APAC,Paid Search,SMB,Home,Vista Hub,1,214,0.046751824817518245,204,151.52,52.48,36.75,2024-01-26
2026-05-01,ORD-104748,C-4678,LATAM,Email,Consumer,Wearables,Nimbus Ring,2,245,0,490,357.64,132.36,39.51,2024-02-27
2026-05-01,ORD-104749,C-4344,APAC,Social,Consumer,Wearables,Aura Watch,3,329,0.17142335766423358,817.81,594.97,222.84,75.25,2024-10-05
2026-05-02,ORD-104750,C-4667,North America,Paid Search,SMB,Accessories,Orbit Dock,2,208,0.08686131386861315,379.87,239.93,139.94,68.49,2023-05-22
2026-05-02,ORD-104751,C-4723,LATAM,Affiliate,SMB,Home,Vista Hub,1,214,0,214,151.52,62.48,20.85,2024-10-16
2026-05-02,ORD-104752,C-4425,North America,Organic,Enterprise,Home,Beacon Lamp,7,192,0.1,1209.6,1010.32,199.28,0,2024-07-23
2026-05-02,ORD-104753,C-4770,EMEA,Affiliate,Enterprise,Accessories,Flux Cable,3,93,0,279,171.28,107.72,19.65,2023-01-14
2026-05-02,ORD-104754,C-4593,North America,Organic,Consumer,Audio,Halo Headset,1,125,0.11,111.25,72.62,38.63,0,2024-01-05
2026-05-02,ORD-104755,C-4135,APAC,Paid Search,SMB,Wearables,Pulse Band,1,105,0.04686131386861314,100.08,56.39,43.69,18.04,2023-02-03
2026-05-02,ORD-104756,C-4689,APAC,Organic,Enterprise,Wearables,Nimbus Ring,9,245,0.13,1918.35,1609.39,308.96,0,2024-10-21
2026-05-02,ORD-104757,C-4361,EMEA,Email,Consumer,Accessories,Orbit Dock,3,208,0,624,359.9,264.1,62.78,2023-06-06
2026-05-02,ORD-104758,C-4269,EMEA,Email,Consumer,Wearables,Aura Watch,1,329,0.17182481751824819,272.47,198.37,74.1,17.04,2025-07-17
2026-05-03,ORD-104759,C-4420,APAC,Organic,SMB,Audio,Echo Buds,1,79,0,79,56.88,22.12,0,2023-01-17
2026-05-03,ORD-104760,C-4140,EMEA,Email,Consumer,Wearables,Pulse Band,2,105,0.11,186.9,112.78,74.12,12.6,2024-07-31
2026-05-03,ORD-104761,C-4310,North America,Organic,Consumer,Wearables,Nimbus Ring,3,245,0.02,720.3,536.46,183.84,0,2023-03-29
2026-05-03,ORD-104762,C-4594,LATAM,Social,Consumer,Wearables,Aura Watch,1,329,0.1722262773722628,272.34,198.42,73.92,29.69,2024-07-28
2026-05-03,ORD-104763,C-4790,EMEA,Email,SMB,Home,Nest Sensor,2,64,0.03,124.16,68.56,55.6,9.65,2023-04-27
2026-05-03,ORD-104764,C-4932,APAC,Social,Consumer,Wearables,Aura Watch,1,329,0.1722262773722628,272.34,198.42,73.92,25.84,2024-03-07
2026-05-03,ORD-104765,C-4200,LATAM,Organic,SMB,Accessories,Flux Cable,1,93,0.09,84.63,57.09,27.54,0,2023-05-26
2026-05-03,ORD-104766,C-4324,EMEA,Social,Consumer,Home,Nest Sensor,3,64,0,192,102.83,89.17,18.83,2024-04-09
2026-05-03,ORD-104767,C-4892,North America,Affiliate,Consumer,Home,Nest Sensor,1,64,0.04,61.44,34.28,27.16,6.31,2024-08-16
2026-05-03,ORD-104768,C-4809,LATAM,Social,SMB,Home,Vista Hub,2,214,0.08,393.76,303.03,90.73,30.84,2024-03-28
2026-05-03,ORD-104769,C-4468,North America,Organic,Consumer,Wearables,Nimbus Ring,3,245,0.06,690.9,536.46,154.44,0,2024-07-23
2026-05-03,ORD-104770,C-4166,APAC,Email,Enterprise,Wearables,Pulse Band,2,105,0,210,112.78,97.22,13,2024-12-16
2026-05-03,ORD-104771,C-4173,North America,Affiliate,SMB,Audio,Halo Headset,3,125,0,375,217.87,157.13,30.8,2024-11-18
2026-05-03,ORD-104772,C-4914,LATAM,Paid Search,Consumer,Audio,Echo Buds,2,79,0.04697080291970803,150.58,113.76,36.82,27.17,2023-06-30
2026-05-03,ORD-104773,C-4859,EMEA,Social,Consumer,Accessories,Shield Case,3,204,0.02,599.76,413.67,186.09,63.52,2023-03-31
2026-05-03,ORD-104774,C-4853,LATAM,Email,Consumer,Audio,Echo Buds,1,79,0,79,56.88,22.12,8.33,2024-10-27
2026-05-04,ORD-104775,C-4528,North America,Paid Search,Enterprise,Accessories,Shield Case,7,204,0.04708029197080292,1360.77,965.23,395.54,245.78,2023-02-25
2026-05-04,ORD-104776,C-4649,LATAM,Email,Enterprise,Home,Nest Sensor,2,64,0,128,68.56,59.44,13.26,2023-07-03
2026-05-04,ORD-104777,C-4693,LATAM,Social,Consumer,Audio,Halo Headset,2,125,0.07,232.5,145.24,87.26,18.04,2024-11-30
2026-05-04,ORD-104778,C-4151,EMEA,Social,Consumer,Home,Nest Sensor,3,64,0,192,102.83,89.17,19.53,2023-03-24
2026-05-04,ORD-104779,C-4210,APAC,Organic,SMB,Accessories,Shield Case,2,204,0,408,275.78,132.22,0,2024-11-07
2026-05-04,ORD-104780,C-4723,APAC,Affiliate,SMB,Home,Vista Hub,3,214,0,642,454.55,187.45,65.36,2025-02-20
2026-05-04,ORD-104781,C-4809,North America,Organic,Enterprise,Accessories,Shield Case,6,204,0,1224,827.34,396.66,0,2023-05-07
2026-05-04,ORD-104782,C-4310,APAC,Affiliate,Enterprise,Audio,Echo Buds,1,79,0.11,70.31,56.88,13.43,5.05,2023-09-22
2026-05-04,ORD-104783,C-4752,EMEA,Organic,SMB,Wearables,Aura Watch,1,329,0.17262773722627736,272.21,198.46,73.75,0,2024-09-03
2026-05-04,ORD-104784,C-4226,LATAM,Affiliate,Enterprise,Home,Beacon Lamp,8,192,0.11,1367.04,1154.65,212.39,116.16,2025-01-25
2026-05-04,ORD-104785,C-4152,EMEA,Paid Search,Enterprise,Wearables,Pulse Band,4,105,0.18708029197080295,341.43,225.56,115.87,61.67,2024-11-10
2026-05-04,ORD-104786,C-4145,APAC,Organic,SMB,Wearables,Nimbus Ring,1,245,0.07,227.85,178.82,49.03,0,2025-07-23
2026-05-04,ORD-104787,C-4510,LATAM,Email,Enterprise,Accessories,Shield Case,4,204,0,816,551.56,264.44,87.45,2025-02-15
2026-05-04,ORD-104788,C-4133,North America,Social,Consumer,Accessories,Flux Cable,1,93,0.01,92.07,57.09,34.98,6.46,2023-02-04
2026-05-04,ORD-104789,C-4313,LATAM,Paid Search,SMB,Accessories,Shield Case,2,204,0.09708029197080292,368.39,275.78,92.61,66.54,2025-07-25
2026-05-04,ORD-104790,C-4325,APAC,Social,Enterprise,Home,Vista Hub,8,214,0,1712,1212.14,499.86,176.15,2025-01-29
2026-05-04,ORD-104791,C-4806,APAC,Organic,Consumer,Accessories,Flux Cable,3,93,0,279,171.28,107.72,0,2023-02-27
2026-05-04,ORD-104792,C-4422,North America,Organic,Consumer,Audio,Halo Headset,2,125,0,250,145.24,104.76,0,2025-06-06
2026-05-05,ORD-104793,C-4768,LATAM,Organic,SMB,Wearables,Aura Watch,3,329,0.17302919708029196,816.22,595.52,220.7,0,2023-12-18
2026-05-05,ORD-104794,C-4105,EMEA,Affiliate,Enterprise,Audio,Halo Headset,4,125,0,500,290.49,209.51,31.37,2024-12-08
2026-05-05,ORD-104795,C-4983,North America,Organic,Enterprise,Home,Nest Sensor,7,64,0,448,239.95,208.05,0,2025-08-08
2026-05-05,ORD-104796,C-4353,North America,Affiliate,Enterprise,Home,Beacon Lamp,4,192,0,768,577.32,190.68,69.35,2023-01-10
2026-05-05,ORD-104797,C-4300,APAC,Email,SMB,Accessories,Flux Cable,3,93,0,279,171.28,107.72,29.87,2023-07-11
2026-05-05,ORD-104798,C-4230,North America,Social,Consumer,Audio,Halo Headset,2,125,0,250,145.24,104.76,20.97,2023-07-04
2026-05-05,ORD-104799,C-4669,EMEA,Email,SMB,Wearables,Nimbus Ring,3,245,0.12,646.8,536.46,110.34,45.48,2023-05-31
2026-05-05,ORD-104800,C-4539,EMEA,Organic,SMB,Accessories,Flux Cable,3,93,0.01,276.21,171.28,104.93,0,2024-09-13
2026-05-05,ORD-104801,C-4729,APAC,Paid Search,Enterprise,Home,Nest Sensor,8,64,0.0471897810218978,487.84,274.22,213.62,88.19,2024-12-10
2026-05-05,ORD-104802,C-4609,North America,Email,SMB,Audio,Halo Headset,2,125,0,250,145.24,104.76,18.25,2023-04-14
2026-05-05,ORD-104803,C-4355,LATAM,Email,Consumer,Wearables,Nimbus Ring,2,245,0.14,421.4,357.64,63.76,28.48,2023-01-08
2026-05-05,ORD-104804,C-4247,APAC,Organic,SMB,Accessories,Shield Case,3,204,0,612,413.67,198.33,0,2023-08-06
2026-05-05,ORD-104805,C-4636,LATAM,Social,Enterprise,Accessories,Flux Cable,5,93,0.01,460.35,285.47,174.88,46.99,2025-07-13
2026-05-05,ORD-104806,C-4306,APAC,Social,Enterprise,Wearables,Nimbus Ring,5,245,0,1225,894.1,330.9,109.07,2025-02-19
2026-05-05,ORD-104807,C-4299,LATAM,Social,Consumer,Wearables,Pulse Band,3,105,0,315,169.17,145.83,29.18,2023-10-18
2026-05-05,ORD-104808,C-4311,APAC,Email,SMB,Audio,Halo Headset,2,125,0,250,145.24,104.76,19.12,2025-05-10
2026-05-06,ORD-104809,C-4193,LATAM,Social,Consumer,Audio,Halo Headset,3,125,0,375,217.87,157.13,39.38,2023-09-16
2026-05-06,ORD-104810,C-4255,APAC,Paid Search,Enterprise,Accessories,Orbit Dock,2,208,0.0472992700729927,396.32,239.93,156.39,71.71,2025-03-23
2026-05-06,ORD-104811,C-4774,APAC,Paid Search,Consumer,Accessories,Orbit Dock,2,208,0.0772992700729927,383.84,239.93,143.91,69.46,2025-05-02
2026-05-06,ORD-104812,C-4991,EMEA,Organic,Enterprise,Accessories,Shield Case,5,204,0.03,989.4,689.45,299.95,0,2024-06-04
2026-05-06,ORD-104813,C-4995,LATAM,Email,Consumer,Accessories,Orbit Dock,2,208,0,416,239.93,176.07,26.87,2023-01-10
2026-05-06,ORD-104814,C-4912,LATAM,Organic,SMB,Wearables,Aura Watch,1,329,0.17343065693430657,271.94,198.56,73.38,0,2024-12-08
2026-05-06,ORD-104815,C-4615,LATAM,Affiliate,SMB,Wearables,Pulse Band,2,105,0,210,112.78,97.22,18.53,2023-01-22
2026-05-06,ORD-104816,C-4777,North America,Paid Search,Consumer,Home,Vista Hub,2,214,0.1072992700729927,382.08,303.03,79.05,69.14,2024-08-27
2026-05-06,ORD-104817,C-4267,APAC,Paid Search,Enterprise,Accessories,Flux Cable,1,93,0.0472992700729927,88.6,57.09,31.51,16.03,2024-09-28
2026-05-06,ORD-104818,C-4854,APAC,Affiliate,SMB,Accessories,Flux Cable,3,93,0,279,171.28,107.72,23.53,2025-06-27
2026-05-06,ORD-104819,C-4451,North America,Affiliate,Enterprise,Home,Vista Hub,7,214,0.12,1318.24,1060.62,257.62,93.95,2023-10-03
2026-05-06,ORD-104820,C-4132,APAC,Organic,SMB,Accessories,Shield Case,1,204,0,204,137.89,66.11,0,2024-05-02
2026-05-06,ORD-104821,C-4841,APAC,Affiliate,Enterprise,Home,Vista Hub,3,214,0.12,564.96,454.55,110.41,48.41,2023-06-10
2026-05-06,ORD-104822,C-4756,LATAM,Organic,Consumer,Audio,Echo Buds,1,79,0.13,68.73,56.88,11.85,0,2025-02-10
2026-05-06,ORD-104823,C-4662,EMEA,Email,SMB,Wearables,Nimbus Ring,3,245,0.03,712.95,536.46,176.49,53.84,2024-12-06
2026-05-06,ORD-104824,C-4305,North America,Email,Consumer,Home,Beacon Lamp,2,192,0.11,341.76,288.66,53.1,25.87,2023-01-06
2026-05-06,ORD-104825,C-4782,EMEA,Affiliate,Consumer,Audio,Echo Buds,2,79,0.05,150.1,113.76,36.34,14.39,2023-01-31
2026-05-06,ORD-104826,C-4983,EMEA,Paid Search,SMB,Home,Nest Sensor,1,64,0.0572992700729927,60.33,34.28,26.05,10.92,2023-03-19
2026-05-06,ORD-104827,C-4382,APAC,Email,Consumer,Accessories,Shield Case,1,204,0.12,179.52,137.89,41.63,18.19,2024-02-14
2026-05-07,ORD-104828,C-4686,EMEA,Paid Search,SMB,Accessories,Shield Case,3,204,0.04740875912408759,582.99,413.67,169.32,105.59,2025-04-18
2026-05-07,ORD-104829,C-4388,North America,Affiliate,SMB,Wearables,Nimbus Ring,1,245,0.01,242.55,178.82,63.73,16.96,2023-01-22
2026-05-07,ORD-104830,C-4948,LATAM,Organic,Enterprise,Accessories,Orbit Dock,1,208,0,208,119.97,88.03,0,2024-03-25
2026-05-07,ORD-104831,C-4906,North America,Affiliate,SMB,Wearables,Aura Watch,1,329,0.22383211678832116,255.36,198.6,56.76,19.24,2025-04-17
2026-05-07,ORD-104832,C-4756,EMEA,Organic,Consumer,Accessories,Orbit Dock,3,208,0,624,359.9,264.1,0,2023-11-10
2026-05-07,ORD-104833,C-4423,LATAM,Social,SMB,Accessories,Shield Case,1,204,0,204,137.89,66.11,16.41,2024-12-05
2026-05-07,ORD-104834,C-4780,LATAM,Email,SMB,Wearables,Aura Watch,2,329,0.29383211678832116,464.66,397.19,67.47,33.06,2024-07-28
2026-05-07,ORD-104835,C-4578,North America,Social,SMB,Accessories,Shield Case,1,204,0.04,195.84,137.89,57.95,16.56,2023-09-13
2026-05-07,ORD-104836,C-4621,North America,Organic,Enterprise,Wearables,Pulse Band,5,105,0.02,514.5,281.95,232.55,0,2023-11-27
2026-05-07,ORD-104837,C-4752,North America,Affiliate,Enterprise,Home,Beacon Lamp,5,192,0.12,844.8,721.65,123.15,87.34,2024-08-12
2026-05-07,ORD-104838,C-4665,LATAM,Social,Enterprise,Accessories,Orbit Dock,8,208,0.05,1580.8,959.73,621.07,127.59,2024-04-07
2026-05-07,ORD-104839,C-4147,North America,Social,SMB,Accessories,Orbit Dock,2,208,0.15,353.6,239.93,113.67,26.42,2023-03-27
2026-05-07,ORD-104840,C-4217,APAC,Organic,SMB,Wearables,Aura Watch,3,329,0.17383211678832117,815.43,595.79,219.64,0,2025-07-09
2026-05-07,ORD-104841,C-4740,LATAM,Organic,Enterprise,Wearables,Aura Watch,1,329,0.17383211678832117,271.81,198.6,73.21,0,2023-09-01
2026-05-07,ORD-104842,C-4307,APAC,Organic,Consumer,Accessories,Shield Case,3,204,0,612,413.67,198.33,0,2023-09-10
2026-05-08,ORD-104843,C-4917,North America,Social,Enterprise,Home,Beacon Lamp,5,192,0.03,931.2,721.65,209.55,64.22,2023-03-07
2026-05-08,ORD-104844,C-4311,APAC,Email,SMB,Home,Beacon Lamp,1,192,0,192,144.33,47.67,19.24,2024-12-26
2026-05-08,ORD-104845,C-4386,LATAM,Organic,Consumer,Home,Nest Sensor,1,64,0.08,58.88,34.28,24.6,0,2023-10-17
2026-05-08,ORD-104846,C-4794,APAC,Social,Consumer,Home,Vista Hub,3,214,0,642,454.55,187.45,,2023-04-24
2026-05-08,ORD-104847,C-4285,LATAM,Paid Search,SMB,Accessories,Orbit Dock,1,208,0.04751824817518248,198.12,119.97,78.15,35.91,2024-06-28
2026-05-08,ORD-104848,C-4358,North America,Organic,Enterprise,Accessories,Orbit Dock,2,208,0,416,239.93,176.07,0,2025-04-23
2026-05-08,ORD-104849,C-4180,EMEA,Paid Search,Enterprise,Wearables,Pulse Band,9,105,0.04751824817518248,900.1,507.51,392.59,163.17,2023-03-13
2026-05-08,ORD-104850,C-4522,North America,Paid Search,Enterprise,Audio,Halo Headset,7,125,0.1475182481751825,745.92,508.35,237.57,135.22,2023-07-04
2026-05-08,ORD-104851,C-4757,APAC,Paid Search,SMB,Audio,Halo Headset,3,125,0.04751824817518248,357.18,217.87,139.31,64.75,2025-07-23
2026-05-08,ORD-104852,C-4852,APAC,Organic,Enterprise,Accessories,Shield Case,1,204,0,204,137.89,66.11,0,2025-04-06
2026-05-08,ORD-104853,C-4740,EMEA,Email,Consumer,Accessories,Shield Case,3,204,0,612,413.67,198.33,51.48,2023-04-21
2026-05-08,ORD-104854,C-4157,APAC,Email,Consumer,Accessories,Shield Case,1,204,0.09,185.64,137.89,47.75,11.86,2023-10-27
2026-05-09,ORD-104855,C-4497,EMEA,Affiliate,Consumer,Wearables,Aura Watch,3,329,0.17463503649635034,814.64,596.07,218.57,51.32,2025-05-16
2026-05-09,ORD-104856,C-4315,EMEA,Affiliate,SMB,Accessories,Flux Cable,3,93,0.04,267.84,171.28,96.56,24.87,2025-08-01
2026-05-09,ORD-104857,C-4398,EMEA,Email,SMB,Home,Vista Hub,3,214,0,642,454.55,187.45,63.61,2024-05-21
2026-05-09,ORD-104858,C-4715,North America,Social,Consumer,Wearables,Pulse Band,3,105,0,315,169.17,145.83,25.01,2025-03-23
2026-05-09,ORD-104859,C-4416,APAC,Paid Search,Consumer,Accessories,Flux Cable,2,93,0.04762773722627737,177.14,114.19,62.95,32.14,2024-08-17
2026-05-09,ORD-104860,C-4619,APAC,Affiliate,SMB,Home,Vista Hub,3,214,0,642,454.55,187.45,50.23,2025-07-14
2026-05-09,ORD-104861,C-4440,North America,Social,Consumer,Accessories,Orbit Dock,1,208,0,208,119.97,88.03,16.25,2025-04-24
2026-05-09,ORD-104862,C-4672,North America,Affiliate,Enterprise,Home,Vista Hub,8,214,0.07,1592.16,1212.14,380.02,143.39,2024-10-01
2026-05-10,ORD-104863,C-4677,North America,Organic,SMB,Accessories,Orbit Dock,2,208,0.01,411.84,239.93,171.91,0,2024-04-05
2026-05-10,ORD-104864,C-4594,North America,Organic,Consumer,Wearables,Aura Watch,1,329,0.285036496350365,235.22,198.74,36.48,0,2025-05-04
2026-05-10,ORD-104865,C-4347,North America,Affiliate,Consumer,Wearables,Pulse Band,3,105,0,315,169.17,145.83,23.56,2025-08-04
2026-05-10,ORD-104866,C-4425,LATAM,Affiliate,Enterprise,Home,Nest Sensor,3,64,0,192,102.83,89.17,14.7,2023-09-17
2026-05-10,ORD-104867,C-4546,EMEA,Organic,SMB,Wearables,Nimbus Ring,1,245,0,245,178.82,66.18,0,2023-01-28
2026-05-10,ORD-104868,C-4315,EMEA,Paid Search,SMB,Home,Beacon Lamp,1,192,0.047737226277372265,182.83,144.33,38.5,33.2,2023-06-19
2026-05-10,ORD-104869,C-4958,North America,Affiliate,Enterprise,Wearables,Aura Watch,1,329,0.17503649635036497,271.41,198.74,72.67,24.86,2023-11-23
2026-05-10,ORD-104870,C-4471,LATAM,Paid Search,Enterprise,Audio,Echo Buds,6,79,0.12773722627737227,413.45,341.29,72.16,75.08,2023-06-01
2026-05-10,ORD-104871,C-4705,North America,Affiliate,Enterprise,Home,Beacon Lamp,2,192,0.02,376.32,288.66,87.66,35.56,2023-09-02
2026-05-10,ORD-104872,C-4980,North America,Affiliate,SMB,Audio,Halo Headset,3,125,0,375,217.87,157.13,35.17,2024-09-13
2026-05-10,ORD-104873,C-4793,North America,Social,Consumer,Audio,Halo Headset,1,125,0,125,72.62,52.38,9.14,2024-07-02
2026-05-10,ORD-104874,C-4501,EMEA,Organic,SMB,Home,Nest Sensor,1,64,0.05,60.8,34.28,26.52,0,2023-11-25
2026-05-10,ORD-104875,C-4363,North America,Organic,Enterprise,Audio,Echo Buds,5,79,0.03,383.15,284.41,98.74,0,2024-04-08
2026-05-10,ORD-104876,C-4980,North America,Email,Enterprise,Audio,Echo Buds,5,79,0,395,284.41,110.59,34.6,2025-08-21
2026-05-10,ORD-104877,C-4313,EMEA,Email,Enterprise,Wearables,Nimbus Ring,8,245,0.05,1862,1430.56,431.44,134.57,2024-12-14
2026-05-10,ORD-104878,C-4934,North America,Affiliate,SMB,Accessories,Flux Cable,3,93,0.03,270.63,171.28,99.35,28.8,2024-04-06
2026-05-10,ORD-104879,C-4882,APAC,Paid Search,Consumer,Audio,Echo Buds,2,79,0.047737226277372265,150.46,113.76,36.7,27.32,2023-05-18
2026-05-10,ORD-104880,C-4830,North America,Social,SMB,Accessories,Orbit Dock,1,208,0.09,189.28,119.97,69.31,18.65,2024-10-23
2026-05-10,ORD-104881,C-4377,LATAM,Paid Search,SMB,Home,Beacon Lamp,1,192,0.16773722627737225,159.79,144.33,15.46,29.02,2023-08-18
2026-05-10,ORD-104882,C-4175,APAC,Email,Consumer,Audio,Echo Buds,2,79,0.09,143.78,113.76,30.02,12.6,2023-08-19
2026-05-11,ORD-104883,C-4547,LATAM,Affiliate,Enterprise,Accessories,Flux Cable,5,93,0,465,285.47,179.53,38.53,2023-08-14
2026-05-11,ORD-104884,C-4353,EMEA,Email,SMB,Home,Beacon Lamp,1,192,0.04,184.32,144.33,39.99,15.99,2024-11-20
2026-05-11,ORD-104885,C-4805,North America,Email,Consumer,Accessories,Orbit Dock,3,208,0,624,359.9,264.1,39.01,2023-05-06
2026-05-11,ORD-104886,C-4541,APAC,Affiliate,Enterprise,Home,Nest Sensor,8,64,0,512,274.22,237.78,55.59,2023-06-19
2026-05-11,ORD-104887,C-4511,North America,Affiliate,Enterprise,Accessories,Shield Case,4,204,0.03,791.52,551.56,239.96,57.98,2024-01-17
2026-05-11,ORD-104888,C-4138,North America,Social,Consumer,Home,Beacon Lamp,2,192,0.1,345.6,288.66,56.94,21.94,2025-06-20
2026-05-11,ORD-104889,C-4381,APAC,Affiliate,Enterprise,Wearables,Aura Watch,1,329,0.17543795620437957,271.28,198.78,72.5,26.08,2024-06-21
2026-05-11,ORD-104890,C-4490,North America,Affiliate,Consumer,Audio,Echo Buds,3,79,0,237,170.65,66.35,15.15,2023-09-19
2026-05-11,ORD-104891,C-4225,North America,Email,SMB,Accessories,Orbit Dock,1,208,0,208,119.97,88.03,12.69,2023-01-21
2026-05-11,ORD-104892,C-4930,EMEA,Affiliate,SMB,Wearables,Pulse Band,1,105,0,105,56.39,48.61,10.11,2024-08-20
2026-05-11,ORD-104893,C-4499,EMEA,Paid Search,Consumer,Accessories,Flux Cable,3,93,0.15784671532846717,234.96,171.28,63.68,42.71,2024-08-20
2026-05-11,ORD-104894,C-4369,EMEA,Affiliate,Consumer,Accessories,Flux Cable,2,93,0.13,161.82,114.19,47.63,10.77,2023-10-30
2026-05-11,ORD-104895,C-4183,EMEA,Social,Enterprise,Home,Beacon Lamp,9,192,0,1728,1298.98,429.02,181.71,2023-09-28
2026-05-11,ORD-104896,C-4896,APAC,Paid Search,SMB,Wearables,Aura Watch,2,329,0.3632846715328467,418.96,397.56,21.4,76.15,2024-11-02
2026-05-11,ORD-104897,C-4124,North America,Affiliate,Consumer,Home,Vista Hub,2,214,0,428,303.03,124.97,44.12,2024-09-24
2026-05-11,ORD-104898,C-4656,LATAM,Organic,SMB,Accessories,Orbit Dock,2,208,0.09,378.56,239.93,138.63,0,2025-04-04
2026-05-11,ORD-104899,C-4659,LATAM,Email,SMB,Wearables,Nimbus Ring,2,245,0,490,357.64,132.36,43.22,2023-01-13
2026-05-12,ORD-104900,C-4417,North America,Organic,SMB,Wearables,Nimbus Ring,3,245,0.12,646.8,536.46,110.34,0,2023-05-12
2026-05-12,ORD-104901,C-4358,EMEA,Email,SMB,Wearables,Aura Watch,1,329,0.17583941605839415,271.15,198.83,72.32,18.65,2024-12-28
2026-05-12,ORD-104902,C-4880,North America,Paid Search,Enterprise,Accessories,Orbit Dock,4,208,0.04795620437956204,792.1,479.87,312.23,144.11,2023-10-06
2026-05-12,ORD-104903,C-4589,North America,Organic,Enterprise,Home,Beacon Lamp,7,192,0,1344,1010.32,333.68,0,2023-03-23
2026-05-12,ORD-104904,C-4774,LATAM,Paid Search,Consumer,Audio,Echo Buds,1,79,0.04795620437956204,75.21,56.88,18.33,13.68,2023-03-01
2026-05-12,ORD-104905,C-4230,LATAM,Affiliate,SMB,Wearables,Nimbus Ring,2,245,0.12,431.2,357.64,73.56,28.99,2023-08-23
2026-05-12,ORD-104906,C-4448,LATAM,Social,Consumer,Wearables,Nimbus Ring,3,245,0.12,646.8,536.46,110.34,52.06,2023-05-20
2026-05-12,ORD-104907,C-4546,LATAM,Organic,Enterprise,Accessories,Flux Cable,6,93,0.11,496.62,342.57,154.05,0,2023-01-21
2026-05-12,ORD-104908,C-4524,EMEA,Email,Consumer,Accessories,Orbit Dock,1,208,0,208,119.97,88.03,22.43,2024-08-31
2026-05-12,ORD-104909,C-4509,North America,Paid Search,SMB,Wearables,Pulse Band,1,105,0.04795620437956204,99.96,56.39,43.57,18.19,2023-04-17
2026-05-12,ORD-104910,C-4908,EMEA,Organic,SMB,Audio,Halo Headset,1,125,0.07,116.25,72.62,43.63,0,2025-03-08
2026-05-12,ORD-104911,C-4394,APAC,Paid Search,SMB,Wearables,Nimbus Ring,2,245,0.04795620437956204,466.5,357.64,108.86,84.87,2023-05-11
2026-05-12,ORD-104912,C-4636,APAC,Affiliate,Consumer,Wearables,Aura Watch,1,329,0.19583941605839414,264.57,198.83,65.74,22.91,2025-04-29
2026-05-12,ORD-104913,C-4316,LATAM,Email,Enterprise,Accessories,Flux Cable,5,93,0.14,399.9,285.47,114.43,35.05,2023-03-27
2026-05-12,ORD-104914,C-4866,North America,Organic,Consumer,Wearables,Pulse Band,2,105,0,210,112.78,97.22,0,2025-01-02
2026-05-12,ORD-104915,C-4363,North America,Affiliate,SMB,Wearables,Nimbus Ring,2,245,0.11,436.1,357.64,78.46,47.77,2025-08-03
2026-05-13,ORD-104916,C-4203,EMEA,Social,Consumer,Accessories,Shield Case,2,204,0.1,367.2,275.78,91.42,35.75,2024-05-24
2026-05-13,ORD-104917,C-4119,North America,Paid Search,Enterprise,Audio,Halo Headset,1,125,0.04806569343065693,118.99,72.62,46.37,21.67,2023-02-14
2026-05-13,ORD-104918,C-4237,EMEA,Social,SMB,Wearables,Aura Watch,3,329,0.17624087591240878,813.05,596.61,216.44,86.56,2024-09-20
2026-05-13,ORD-104919,C-4995,LATAM,Email,SMB,Accessories,Orbit Dock,1,208,0.11,185.12,119.97,65.15,11.35,2024-08-28
2026-05-13,ORD-104920,C-4484,North America,Social,Consumer,Home,Nest Sensor,1,64,0.04,61.44,34.28,27.16,4.98,2023-03-07
2026-05-13,ORD-104921,C-4521,APAC,Affiliate,SMB,Accessories,Orbit Dock,3,208,0,624,359.9,264.1,61.53,2023-01-28
2026-05-13,ORD-104922,C-4986,EMEA,Affiliate,Consumer,Audio,Echo Buds,3,79,0.08,218.04,170.65,47.39,15.47,2025-09-20
2026-05-13,ORD-104923,C-4108,EMEA,Affiliate,Enterprise,Home,Beacon Lamp,1,192,0,192,144.33,47.67,19.86,2023-12-16
2026-05-13,ORD-104924,C-4677,LATAM,Affiliate,Enterprise,Home,Beacon Lamp,1,192,0,192,144.33,47.67,11.89,2023-10-21
2026-05-13,ORD-104925,C-4461,APAC,Email,SMB,Audio,Halo Headset,2,125,0.07,232.5,145.24,87.26,23.91,2024-10-27
2026-05-13,ORD-104926,C-4640,North America,Affiliate,Enterprise,Home,Nest Sensor,5,64,0.12,281.6,171.39,110.21,20.14,2024-04-20
2026-05-13,ORD-104927,C-4580,EMEA,Email,Consumer,Accessories,Orbit Dock,2,208,0.09,378.56,239.93,138.63,40.33,2023-11-25
2026-05-13,ORD-104928,C-4104,APAC,Affiliate,Consumer,Home,Vista Hub,2,214,0,428,303.03,124.97,42.16,2025-04-30
2026-05-13,ORD-104929,C-4857,LATAM,Social,SMB,Wearables,Pulse Band,2,105,0,210,112.78,97.22,21.93,2023-04-24
2026-05-13,ORD-104930,C-4671,LATAM,Social,Enterprise,Wearables,Pulse Band,2,105,0,210,112.78,97.22,19.82,2023-07-11
2026-05-13,ORD-104931,C-4929,LATAM,Paid Search,Consumer,Home,Vista Hub,1,214,0.04806569343065693,203.71,151.52,52.19,37.1,2025-01-02
2026-05-13,ORD-104932,C-4383,North America,Paid Search,Enterprise,Wearables,Aura Watch,8,329,0.2243065693430657,2041.63,1590.96,450.67,371.78,2023-02-12
2026-05-14,ORD-104933,C-4931,APAC,Social,Enterprise,Accessories,Orbit Dock,2,208,0.12,366.08,239.93,126.15,25.32,2025-03-31
2026-05-14,ORD-104934,C-4165,LATAM,Social,Consumer,Wearables,Aura Watch,2,329,0.18664233576642336,535.19,397.83,137.36,57.98,2025-03-19
2026-05-14,ORD-104935,C-4678,APAC,Organic,Consumer,Home,Vista Hub,1,214,0,214,151.52,62.48,0,2025-08-29
2026-05-14,ORD-104936,C-4750,LATAM,Organic,Consumer,Audio,Halo Headset,2,125,0,250,145.24,104.76,0,2025-02-04
2026-05-14,ORD-104937,C-4341,EMEA,Social,SMB,Home,Vista Hub,3,214,0,642,454.55,187.45,58.66,2023-07-20
2026-05-14,ORD-104938,C-4948,EMEA,Social,Consumer,Home,Nest Sensor,2,64,0.12,112.64,68.56,44.08,11.55,2023-12-08
2026-05-14,ORD-104939,C-4370,EMEA,Organic,Enterprise,Accessories,Orbit Dock,4,208,0.01,823.68,479.87,343.81,0,2024-12-22
2026-05-14,ORD-104940,C-4400,LATAM,Paid Search,SMB,Accessories,Shield Case,1,204,0.07817518248175181,188.05,137.89,50.16,34.27,2025-01-23
2026-05-14,ORD-104941,C-4273,EMEA,Organic,Enterprise,Home,Vista Hub,7,214,0,1498,1060.62,437.38,0,2023-03-07
2026-05-14,ORD-104942,C-4708,North America,Email,Consumer,Accessories,Orbit Dock,1,208,0,208,119.97,88.03,12.53,2023-08-10
2026-05-14,ORD-104943,C-4971,North America,Email,Consumer,Wearables,Nimbus Ring,1,245,0,245,178.82,66.18,14.97,2025-02-03
2026-05-14,ORD-104944,C-4519,APAC,Social,Enterprise,Home,Nest Sensor,5,64,0,320,171.39,148.61,30.98,2023-12-15
2026-05-14,ORD-104945,C-4235,North America,Email,Enterprise,Accessories,Orbit Dock,4,208,0.02,815.36,479.87,335.49,73.54,2024-12-20
2026-05-14,ORD-104946,C-4638,North America,Affiliate,Consumer,Wearables,Aura Watch,1,329,0.17664233576642335,270.88,198.92,71.96,18.75,2024-04-11
2026-05-14,ORD-104947,C-4456,LATAM,Email,Enterprise,Wearables,Nimbus Ring,1,245,0,245,178.82,66.18,16.33,2024-02-25
2026-05-14,ORD-104948,C-4174,LATAM,Social,Enterprise,Audio,Echo Buds,5,79,0,395,284.41,110.59,37.25,2023-04-02
2026-05-15,ORD-104949,C-4436,EMEA,Social,Consumer,Audio,Halo Headset,1,125,0,125,72.62,52.38,11.57,2023-08-31
2026-05-15,ORD-104950,C-4986,EMEA,Social,Consumer,Accessories,Orbit Dock,1,208,0,208,119.97,88.03,17.07,2025-07-18
2026-05-15,ORD-104951,C-4667,North America,Organic,Enterprise,Accessories,Flux Cable,6,93,0.08,513.36,342.57,170.79,0,2023-03-06
2026-05-15,ORD-104952,C-4931,EMEA,Paid Search,Consumer,Home,Nest Sensor,2,64,0.18828467153284673,103.9,68.56,35.34,18.95,2023-09-26
2026-05-15,ORD-104953,C-4415,LATAM,Social,Enterprise,Accessories,Shield Case,6,204,0,1224,827.34,396.66,78.79,2023-10-24
2026-05-15,ORD-104954,C-4859,APAC,Email,Enterprise,Home,Vista Hub,8,214,0.07,1592.16,1212.14,380.02,,2023-01-07
2026-05-15,ORD-104955,C-4721,EMEA,Organic,SMB,Audio,Halo Headset,3,125,0,375,217.87,157.13,0,2023-11-30
2026-05-15,ORD-104956,C-4291,LATAM,Email,SMB,Home,Beacon Lamp,2,192,0.13,334.08,288.66,45.42,26.02,2025-03-08
2026-05-15,ORD-104957,C-4938,APAC,Organic,SMB,Audio,Halo Headset,3,125,0.01,371.25,217.87,153.38,0,2024-06-15
2026-05-15,ORD-104958,C-4876,EMEA,Paid Search,SMB,Audio,Halo Headset,1,125,0.04828467153284671,118.96,72.62,46.34,21.7,2023-03-28
2026-05-15,ORD-104959,C-4214,APAC,Organic,SMB,Home,Vista Hub,1,214,0,214,151.52,62.48,0,2023-12-15
2026-05-15,ORD-104960,C-4244,LATAM,Organic,Consumer,Audio,Halo Headset,2,125,0.01,247.5,145.24,102.26,0,2024-01-29
2026-05-15,ORD-104961,C-4514,APAC,Organic,Enterprise,Accessories,Flux Cable,4,93,0,372,228.38,143.62,0,2024-02-17
2026-05-15,ORD-104962,C-4613,EMEA,Email,Consumer,Home,Vista Hub,2,214,0,428,303.03,124.97,41.86,2023-03-26
2026-05-15,ORD-104963,C-4646,LATAM,Social,Consumer,Wearables,Aura Watch,1,329,0.31704379562043794,224.69,198.97,25.72,16.95,2023-11-12
2026-05-15,ORD-104964,C-4985,LATAM,Email,SMB,Home,Vista Hub,3,214,0,642,454.55,187.45,59.54,2024-05-14
2026-05-15,ORD-104965,C-4904,EMEA,Social,Enterprise,Wearables,Aura Watch,4,329,0.17704379562043795,1083.01,795.84,287.17,67.25,2024-09-18
2026-05-16,ORD-104966,C-4106,APAC,Email,SMB,Accessories,Flux Cable,1,93,0.11,82.77,57.09,25.68,8.07,2024-12-24
2026-05-16,ORD-104967,C-4510,APAC,Social,SMB,Home,Vista Hub,3,214,0.09,584.22,454.55,129.67,60.13,2024-12-20
2026-05-16,ORD-104968,C-4195,EMEA,Affiliate,SMB,Home,Nest Sensor,2,64,0,128,68.56,59.44,10.44,2024-12-29
2026-05-16,ORD-104969,C-4556,LATAM,Paid Search,Enterprise,Home,Beacon Lamp,3,192,0.11839416058394162,507.8,432.99,74.81,92.72,2023-11-05
2026-05-16,ORD-104970,C-4481,North America,Organic,SMB,Wearables,Aura Watch,3,329,0.30744525547445256,683.55,597.03,86.52,0,2025-03-11
2026-05-16,ORD-104971,C-4501,LATAM,Paid Search,Enterprise,Accessories,Flux Cable,9,93,0.0483941605839416,796.49,513.85,282.64,145.43,2024-03-21
2026-05-16,ORD-104972,C-4927,North America,Paid Search,Enterprise,Audio,Echo Buds,6,79,0.1783941605839416,389.44,341.29,48.15,71.11,2023-05-28
2026-05-16,ORD-104973,C-4289,LATAM,Affiliate,SMB,Wearables,Aura Watch,2,329,0.19744525547445255,528.08,398.01,130.07,37.52,2024-04-28
2026-05-16,ORD-104974,C-4864,North America,Email,Enterprise,Accessories,Orbit Dock,2,208,0,416,239.93,176.07,26.62,2023-08-14
2026-05-16,ORD-104975,C-4975,EMEA,Paid Search,SMB,Home,Beacon Lamp,1,192,0.0483941605839416,182.71,144.33,38.38,33.36,2024-08-08
2026-05-16,ORD-104976,C-4483,EMEA,Paid Search,Consumer,Audio,Echo Buds,2,79,0.0483941605839416,150.35,113.76,36.59,27.45,2024-11-23
2026-05-16,ORD-104977,C-4897,EMEA,Affiliate,SMB,Accessories,Orbit Dock,3,208,0.07,580.32,359.9,220.42,54.99,2023-06-20
2026-05-16,ORD-104978,C-4993,APAC,Email,Consumer,Audio,Echo Buds,2,79,0,158,113.76,44.24,16.3,2023-01-09
2026-05-16,ORD-104979,C-4328,APAC,Email,SMB,Home,Nest Sensor,1,64,0.05,60.8,34.28,26.52,6.6,2025-07-23
2026-05-17,ORD-104980,C-4334,LATAM,Affiliate,Enterprise,Home,Vista Hub,9,214,0,1926,1363.66,562.34,158.97,2024-04-26
2026-05-17,ORD-104981,C-4835,North America,Paid Search,SMB,Wearables,Pulse Band,1,105,0.0485036496350365,99.91,56.39,43.52,18.26,2025-03-23
2026-05-17,ORD-104982,C-4264,EMEA,Email,Enterprise,Wearables,Nimbus Ring,2,245,0.09,445.9,357.64,88.26,31.15,2025-09-01
2026-05-17,ORD-104983,C-4885,LATAM,Social,Enterprise,Audio,Echo Buds,6,79,0,474,341.29,132.71,46.59,2023-06-09
2026-05-17,ORD-104984,C-4761,APAC,Email,Enterprise,Home,Nest Sensor,6,64,0,384,205.67,178.33,25.57,2023-03-04
2026-05-17,ORD-104985,C-4134,LATAM,Social,SMB,Home,Nest Sensor,1,64,0,64,34.28,29.72,6.4,2023-04-06
2026-05-17,ORD-104986,C-4854,APAC,Affiliate,Consumer,Wearables,Pulse Band,1,105,0,105,56.39,48.61,8.36,2023-11-15
2026-05-17,ORD-104987,C-4519,LATAM,Email,SMB,Wearables,Pulse Band,3,105,0.02,308.7,169.17,139.53,24.57,2025-01-13
2026-05-17,ORD-104988,C-4450,North America,Paid Search,Enterprise,Home,Vista Hub,7,214,0.0485036496350365,1425.34,1060.62,364.72,260.49,2024-03-28
2026-05-17,ORD-104989,C-4712,LATAM,Affiliate,Enterprise,Accessories,Orbit Dock,7,208,0,1456,839.77,616.23,105.69,2023-11-24
2026-05-17,ORD-104990,C-4187,EMEA,Affiliate,SMB,Accessories,Orbit Dock,1,208,0,208,119.97,88.03,20.06,2023-07-26
2026-05-17,ORD-104991,C-4163,LATAM,Email,Consumer,Home,Vista Hub,1,214,0.13,186.18,151.52,34.66,20.38,2025-08-07
2026-05-17,ORD-104992,C-4605,EMEA,Paid Search,Consumer,Audio,Echo Buds,1,79,0.1985036496350365,63.32,56.88,6.44,11.57,2025-04-04
2026-05-17,ORD-104993,C-4802,APAC,Social,Consumer,Home,Beacon Lamp,1,192,0,192,144.33,47.67,16.7,2025-01-24
2026-05-17,ORD-104994,C-4849,LATAM,Paid Search,Enterprise,Accessories,Orbit Dock,4,208,0.0485036496350365,791.64,479.87,311.77,144.68,2023-07-26
2026-05-17,ORD-104995,C-4771,LATAM,Paid Search,SMB,Wearables,Nimbus Ring,3,245,0.1085036496350365,655.25,536.46,118.79,119.75,2025-04-21
2026-05-17,ORD-104996,C-4816,EMEA,Paid Search,Enterprise,Audio,Halo Headset,7,125,0.0485036496350365,832.56,508.35,324.21,152.15,2025-06-10
2026-05-18,ORD-104997,C-4977,LATAM,Affiliate,Enterprise,Accessories,Flux Cable,7,93,0,651,399.66,251.34,61.12,2025-06-24
2026-05-18,ORD-104998,C-4963,LATAM,Paid Search,Consumer,Accessories,Flux Cable,3,93,0.05861313868613139,262.65,171.28,91.37,48.04,2025-03-31
2026-05-18,ORD-104999,C-4282,LATAM,Organic,SMB,Audio,Halo Headset,1,125,0,125,72.62,52.38,0,2023-06-26
2026-05-18,ORD-105000,C-4664,APAC,Affiliate,SMB,Wearables,Aura Watch,1,329,0.17824817518248176,270.36,199.1,71.26,25.73,2024-06-17
2026-05-18,ORD-105001,C-4378,APAC,Organic,SMB,Accessories,Flux Cable,1,93,0.09,84.63,57.09,27.54,0,2024-02-22
2026-05-18,ORD-105002,C-4568,North America,Organic,Enterprise,Home,Vista Hub,9,214,0,1926,1363.66,562.34,0,2023-10-05
2026-05-18,ORD-105003,C-4572,North America,Social,Enterprise,Home,Nest Sensor,8,64,0.06,481.28,274.22,207.06,38.05,2023-08-29
2026-05-18,ORD-105004,C-4881,North America,Organic,SMB,Wearables,Pulse Band,2,105,0,210,112.78,97.22,0,2025-08-18
2026-05-18,ORD-105005,C-4871,EMEA,Affiliate,Consumer,Wearables,Nimbus Ring,2,245,0,490,357.64,132.36,48.02,2023-09-02
2026-05-18,ORD-105006,C-4284,EMEA,Social,Consumer,Home,Vista Hub,2,214,0.06,402.32,303.03,99.29,29.61,2024-07-04
2026-05-18,ORD-105007,C-4697,EMEA,Social,SMB,Home,Nest Sensor,3,64,0,192,102.83,89.17,15.74,2024-05-24
2026-05-18,ORD-105008,C-4632,EMEA,Email,Consumer,Wearables,Pulse Band,1,105,0.01,103.95,56.39,47.56,6.93,2025-08-26
2026-05-18,ORD-105009,C-4259,North America,Social,SMB,Home,Nest Sensor,3,64,0,192,102.83,89.17,20.13,2025-07-04
2026-05-19,ORD-105010,C-4660,APAC,Organic,SMB,Wearables,Pulse Band,1,105,0.11,93.45,56.39,37.06,0,2023-08-25
2026-05-19,ORD-105011,C-4639,North America,Organic,SMB,Accessories,Orbit Dock,1,208,0.03,201.76,119.97,81.79,0,2024-10-04
2026-05-19,ORD-105012,C-4919,North America,Paid Search,Consumer,Home,Vista Hub,2,214,0.06872262773722627,398.59,303.03,95.56,72.98,2025-01-24
2026-05-19,ORD-105013,C-4746,APAC,Paid Search,Consumer,Audio,Echo Buds,3,79,0.17872262773722628,194.64,170.65,23.99,35.64,2023-03-11
2026-05-19,ORD-105014,C-4523,North America,Paid Search,Enterprise,Accessories,Orbit Dock,5,208,0.09872262773722629,937.33,599.83,337.5,171.61,2024-11-29
2026-05-19,ORD-105015,C-4702,LATAM,Email,Consumer,Wearables,Pulse Band,3,105,0.03,305.55,169.17,136.38,30.01,2023-08-24
2026-05-19,ORD-105016,C-4416,North America,Social,Enterprise,Wearables,Nimbus Ring,8,245,0.04,1881.6,1430.56,451.04,117.74,2023-06-15
2026-05-19,ORD-105017,C-4628,LATAM,Email,SMB,Home,Beacon Lamp,3,192,0.1,518.4,432.99,85.41,31.78,2023-01-05
2026-05-19,ORD-105018,C-4884,LATAM,Paid Search,Enterprise,Accessories,Orbit Dock,2,208,0.09872262773722629,374.93,239.93,135,68.64,2025-06-30
2026-05-19,ORD-105019,C-4985,North America,Paid Search,SMB,Wearables,Nimbus Ring,2,245,0.10872262773722627,436.73,357.64,79.09,79.96,2024-05-22
2026-05-19,ORD-105020,C-4141,LATAM,Email,Consumer,Wearables,Nimbus Ring,2,245,0,490,357.64,132.36,35.45,2023-01-22
2026-05-19,ORD-105021,C-4176,APAC,Social,Consumer,Wearables,Pulse Band,2,105,0.08,193.2,112.78,80.42,18.52,2025-06-05
2026-05-19,ORD-105022,C-4817,LATAM,Email,Consumer,Audio,Halo Headset,1,125,0,125,72.62,52.38,11.9,2024-05-06
2026-05-19,ORD-105023,C-4503,LATAM,Paid Search,Enterprise,Accessories,Flux Cable,7,93,0.04872262773722628,619.28,399.66,219.62,113.38,2023-12-28
2026-05-19,ORD-105024,C-4414,EMEA,Email,Enterprise,Accessories,Flux Cable,7,93,0.08,598.92,399.66,199.26,45.48,2023-06-06
2026-05-19,ORD-105025,C-4424,EMEA,Affiliate,Consumer,Home,Vista Hub,1,214,0,214,151.52,62.48,17.71,2025-08-23
2026-05-19,ORD-105026,C-4667,LATAM,Organic,SMB,Home,Nest Sensor,2,64,0,128,68.56,59.44,0,2025-03-14
2026-05-19,ORD-105027,C-4456,EMEA,Organic,Enterprise,Wearables,Nimbus Ring,7,245,0.15,1457.75,1251.74,206.01,0,2025-04-15
2026-05-19,ORD-105028,C-4390,APAC,Paid Search,Enterprise,Audio,Echo Buds,9,79,0.05872262773722628,669.25,511.94,157.31,122.53,2023-11-07
2026-05-20,ORD-105029,C-4262,APAC,Social,Consumer,Accessories,Shield Case,3,204,0.06,575.28,413.67,161.61,55.89,2025-06-14
2026-05-20,ORD-105030,C-4875,EMEA,Paid Search,Consumer,Audio,Halo Headset,3,125,0.04883211678832116,356.69,217.87,138.82,65.36,2024-01-29
2026-05-20,ORD-105031,C-4975,APAC,Organic,Consumer,Audio,Halo Headset,1,125,0,125,72.62,52.38,0,2023-02-09
2026-05-20,ORD-105032,C-4650,EMEA,Organic,SMB,Accessories,Orbit Dock,1,208,0.07,193.44,119.97,73.47,0,2025-02-23
2026-05-20,ORD-105033,C-4774,LATAM,Organic,SMB,Wearables,Nimbus Ring,1,245,0,245,178.82,66.18,0,2024-02-26
2026-05-20,ORD-105034,C-4219,EMEA,Organic,Enterprise,Wearables,Nimbus Ring,2,245,0,490,357.64,132.36,0,2023-10-02
2026-05-20,ORD-105035,C-4854,APAC,Affiliate,Enterprise,Accessories,Orbit Dock,1,208,0.03,201.76,119.97,81.79,12.96,2023-05-15
2026-05-20,ORD-105036,C-4154,EMEA,Organic,Enterprise,Home,Beacon Lamp,8,192,0.12,1351.68,1154.65,197.03,0,2024-02-27
2026-05-20,ORD-105037,C-4716,APAC,Email,Enterprise,Wearables,Aura Watch,8,329,0.18905109489051095,2134.42,1593.52,540.9,225.97,2024-02-15
2026-05-20,ORD-105038,C-4479,EMEA,Email,Consumer,Wearables,Nimbus Ring,1,245,0,245,178.82,66.18,21.04,2025-05-30
2026-05-20,ORD-105039,C-4149,LATAM,Email,Enterprise,Audio,Echo Buds,4,79,0,316,227.53,88.47,29.35,2025-01-09
2026-05-20,ORD-105040,C-4892,EMEA,Paid Search,SMB,Accessories,Shield Case,3,204,0.04883211678832116,582.11,413.67,168.44,106.67,2025-02-08
2026-05-20,ORD-105041,C-4538,North America,Affiliate,Consumer,Wearables,Aura Watch,2,329,0.32905109489051093,441.48,398.38,43.1,28.49,2023-01-25
2026-05-20,ORD-105042,C-4642,North America,Social,SMB,Wearables,Nimbus Ring,2,245,0.05,465.5,357.64,107.86,42.07,2024-05-09
2026-05-20,ORD-105043,C-4102,APAC,Social,Consumer,Home,Nest Sensor,3,64,0,192,102.83,89.17,19.58,2024-12-07
2026-05-20,ORD-105044,C-4642,EMEA,Email,Consumer,Accessories,Orbit Dock,1,208,0,208,119.97,88.03,19.36,2023-12-08
2026-05-20,ORD-105045,C-4543,LATAM,Social,SMB,Audio,Echo Buds,3,79,0.11,210.93,170.65,40.28,20,2024-03-30
2026-05-21,ORD-105046,C-4786,LATAM,Email,SMB,Audio,Halo Headset,3,125,0,375,217.87,157.13,35.69,2024-09-10
2026-05-21,ORD-105047,C-4866,EMEA,Social,Consumer,Wearables,Nimbus Ring,3,245,0.05,698.25,536.46,161.79,70.37,2024-09-10
2026-05-21,ORD-105048,C-4761,LATAM,Social,SMB,Wearables,Nimbus Ring,2,245,0.06,460.6,357.64,102.96,46.93,2025-09-14
2026-05-21,ORD-105049,C-4614,North America,Social,Consumer,Accessories,Flux Cable,2,93,0,186,114.19,71.81,18.02,2023-03-23
2026-05-21,ORD-105050,C-4440,LATAM,Affiliate,Enterprise,Wearables,Aura Watch,2,329,0.17945255474452557,539.92,398.47,141.45,50.66,2025-09-19
2026-05-21,ORD-105051,C-4729,EMEA,Paid Search,Enterprise,Wearables,Nimbus Ring,6,245,0.06894160583941605,1368.66,1072.92,295.74,251.03,2023-09-18
2026-05-21,ORD-105052,C-4866,APAC,Organic,SMB,Accessories,Flux Cable,3,93,0,279,171.28,107.72,0,2024-01-15
2026-05-21,ORD-105053,C-4532,LATAM,Affiliate,Enterprise,Home,Nest Sensor,7,64,0,448,239.95,208.05,40.72,2023-02-18
2026-05-21,ORD-105054,C-4146,North America,Paid Search,Consumer,Accessories,Shield Case,1,204,0.04894160583941606,194.02,137.89,56.13,35.59,2025-07-17
2026-05-21,ORD-105055,C-4663,North America,Affiliate,Consumer,Wearables,Aura Watch,2,329,0.2994525547445256,460.96,398.47,62.49,39.23,2023-02-04
2026-05-21,ORD-105056,C-4626,LATAM,Paid Search,SMB,Home,Beacon Lamp,2,192,0.04894160583941606,365.21,288.66,76.55,66.98,2023-07-28
2026-05-21,ORD-105057,C-4652,LATAM,Organic,Consumer,Home,Vista Hub,3,214,0.03,622.74,454.55,168.19,0,2023-12-23
2026-05-21,ORD-105058,C-4261,APAC,Affiliate,SMB,Audio,Echo Buds,3,79,0,237,170.65,66.35,19.74,2024-06-03
2026-05-21,ORD-105059,C-4867,APAC,Paid Search,Enterprise,Accessories,Orbit Dock,2,208,0.04894160583941606,395.64,239.93,155.71,72.57,2024-05-16
2026-05-21,ORD-105060,C-4852,APAC,Social,Consumer,Accessories,Flux Cable,3,93,0.04,267.84,171.28,96.56,21.09,2024-06-25
2026-05-21,ORD-105061,C-4767,LATAM,Social,SMB,Audio,Halo Headset,1,125,0.1,112.5,72.62,39.88,11.07,2023-08-20
2026-05-21,ORD-105062,C-4365,LATAM,Social,Enterprise,Wearables,Aura Watch,1,329,0.27945255474452557,237.06,199.24,37.82,25.97,2024-09-18
2026-05-21,ORD-105063,C-4676,LATAM,Organic,Consumer,Wearables,Nimbus Ring,1,245,0,245,178.82,66.18,0,2024-05-15
2026-05-21,ORD-105064,C-4351,LATAM,Organic,SMB,Audio,Echo Buds,3,79,0.12,208.56,170.65,37.91,0,2024-11-02
2026-05-21,ORD-105065,C-4904,North America,Paid Search,SMB,Audio,Echo Buds,3,79,0.04894160583941606,225.4,170.65,54.75,41.34,2024-11-20
2026-05-22,ORD-105066,C-4719,LATAM,Social,Enterprise,Accessories,Orbit Dock,1,208,0.11,185.12,119.97,65.15,13.68,2024-04-17
2026-05-22,ORD-105067,C-4751,EMEA,Paid Search,Consumer,Audio,Halo Headset,2,125,0.049051094890510946,237.74,145.24,92.5,43.64,2024-01-14
2026-05-22,ORD-105068,C-4906,LATAM,Social,Consumer,Home,Beacon Lamp,1,192,0.07,178.56,144.33,34.23,11.49,2025-02-20
2026-05-22,ORD-105069,C-4898,APAC,Organic,Enterprise,Audio,Echo Buds,2,79,0,158,113.76,44.24,0,2025-06-21
2026-05-22,ORD-105070,C-4918,EMEA,Organic,Consumer,Wearables,Nimbus Ring,1,245,0,245,178.82,66.18,0,2023-10-11
2026-05-22,ORD-105071,C-4647,EMEA,Affiliate,SMB,Home,Vista Hub,2,214,0,428,303.03,124.97,38.21,2023-07-10
2026-05-22,ORD-105072,C-4239,EMEA,Affiliate,Enterprise,Home,Nest Sensor,5,64,0,320,171.39,148.61,24.65,2023-07-25
2026-05-22,ORD-105073,C-4527,North America,Email,SMB,Home,Beacon Lamp,1,192,0.01,190.08,144.33,45.75,14.05,2025-08-19
2026-05-22,ORD-105074,C-4354,APAC,Affiliate,Enterprise,Audio,Halo Headset,9,125,0.1,1012.5,653.6,358.9,62.23,2023-02-18
2026-05-22,ORD-105075,C-4584,APAC,Email,Consumer,Wearables,Pulse Band,2,105,0,210,112.78,97.22,18.5,2025-07-16
2026-05-22,ORD-105076,C-4592,EMEA,Email,SMB,Home,Nest Sensor,3,64,0,192,102.83,89.17,15.04,2024-06-03
2026-05-22,ORD-105077,C-4276,EMEA,Paid Search,SMB,Wearables,Aura Watch,2,329,0.22890510948905107,507.38,398.56,108.82,93.14,2024-09-18
2026-05-22,ORD-105078,C-4895,LATAM,Paid Search,SMB,Audio,Halo Headset,1,125,0.06905109489051095,116.37,72.62,43.75,21.36,2024-08-31
2026-05-22,ORD-105079,C-4838,LATAM,Paid Search,SMB,Home,Beacon Lamp,1,192,0.049051094890510946,182.58,144.33,38.25,33.52,2025-02-19
2026-05-22,ORD-105080,C-4864,LATAM,Social,Enterprise,Accessories,Flux Cable,8,93,0.06,699.36,456.76,242.6,63.2,2023-02-27
2026-05-23,ORD-105081,C-4256,LATAM,Email,Enterprise,Home,Beacon Lamp,7,192,0,1344,1010.32,333.68,143.44,2023-12-04
2026-05-23,ORD-105082,C-4388,North America,Social,Enterprise,Home,Nest Sensor,5,64,0,320,171.39,148.61,29.67,2024-03-24
2026-05-23,ORD-105083,C-4325,North America,Email,SMB,Accessories,Orbit Dock,1,208,0,208,119.97,88.03,16.47,2024-03-15
2026-05-23,ORD-105084,C-4964,APAC,Email,Enterprise,Wearables,Aura Watch,6,329,0.18025547445255474,1618.18,1195.96,422.22,124.54,2025-03-18
2026-05-23,ORD-105085,C-4114,EMEA,Affiliate,Enterprise,Accessories,Shield Case,7,204,0.01,1413.72,965.23,448.49,91.21,2024-01-04
2026-05-23,ORD-105086,C-4433,APAC,Paid Search,SMB,Audio,Echo Buds,1,79,0.07916058394160583,72.75,56.88,15.87,13.37,2023-03-16
2026-05-23,ORD-105087,C-4917,EMEA,Social,SMB,Home,Beacon Lamp,2,192,0.07,357.12,288.66,68.46,32.18,2024-08-07
2026-05-23,ORD-105088,C-4264,LATAM,Paid Search,SMB,Home,Vista Hub,2,214,0.13916058394160583,368.44,303.03,65.41,67.7,2023-02-24
2026-05-23,ORD-105089,C-4936,LATAM,Email,Enterprise,Home,Vista Hub,6,214,0,1284,909.1,374.9,128.09,2023-12-22
2026-05-23,ORD-105090,C-4885,LATAM,Social,Enterprise,Wearables,Pulse Band,3,105,0.02,308.7,169.17,139.53,23.09,2023-01-07
2026-05-23,ORD-105091,C-4696,LATAM,Affiliate,Enterprise,Home,Beacon Lamp,4,192,0.12,675.84,577.32,98.52,62.16,2023-09-18
2026-05-23,ORD-105092,C-4320,LATAM,Email,SMB,Wearables,Nimbus Ring,3,245,0,735,536.46,198.54,59.16,2024-04-25
2026-05-23,ORD-105093,C-4699,APAC,Email,Enterprise,Wearables,Pulse Band,5,105,0.13,456.75,281.95,174.8,39.35,2024-06-29
2026-05-23,ORD-105094,C-4892,APAC,Social,Consumer,Home,Vista Hub,3,214,0.04,616.32,454.55,161.77,43.69,2024-01-16
2026-05-23,ORD-105095,C-4846,APAC,Paid Search,Enterprise,Wearables,Aura Watch,4,329,0.28941605839416057,935.13,797.31,137.82,171.82,2023-01-05
2026-05-23,ORD-105096,C-4820,North America,Organic,Consumer,Home,Beacon Lamp,3,192,0.1,518.4,432.99,85.41,0,2024-12-25
2026-05-23,ORD-105097,C-4391,APAC,Paid Search,Consumer,Wearables,Nimbus Ring,3,245,0.049160583941605836,698.87,536.46,162.41,128.41,2024-10-26
2026-05-24,ORD-105098,C-4415,APAC,Organic,Consumer,Accessories,Orbit Dock,3,208,0.07,580.32,359.9,220.42,0,2025-08-31
2026-05-24,ORD-105099,C-4314,North America,Social,Enterprise,Home,Beacon Lamp,3,192,0,576,432.99,143.01,38.63,2023-10-21
2026-05-24,ORD-105100,C-4512,APAC,Email,Consumer,Accessories,Shield Case,1,204,0.02,199.92,137.89,62.03,21.09,2024-04-15
2026-05-24,ORD-105101,C-4480,North America,Affiliate,Consumer,Audio,Halo Headset,1,125,0,125,72.62,52.38,13.49,2023-02-06
2026-05-24,ORD-105102,C-4179,LATAM,Email,,Home,Beacon Lamp,1,192,0,192,144.33,47.67,19.01,2024-11-23
2026-05-24,ORD-105103,C-4486,APAC,Social,Enterprise,Wearables,Aura Watch,4,329,0.18065693430656934,1078.26,797.49,280.77,81.64,2024-02-03
2026-05-24,ORD-105104,C-4574,APAC,Paid Search,Enterprise,Home,Nest Sensor,5,64,0.04927007299270073,304.23,171.39,132.84,55.95,2024-05-17
2026-05-24,ORD-105105,C-4157,North America,Email,SMB,Wearables,Aura Watch,1,329,0.18065693430656934,269.56,199.38,70.18,27.73,2023-01-28
2026-05-24,ORD-105106,C-4789,EMEA,Email,SMB,Accessories,Shield Case,3,204,0.07,569.16,413.67,155.49,60.39,2025-06-09
2026-05-24,ORD-105107,C-4345,EMEA,Affiliate,Consumer,Wearables,Pulse Band,1,105,0.15,89.25,56.39,32.86,6.61,2023-04-16
2026-05-24,ORD-105108,C-4498,North America,Email,SMB,Home,Beacon Lamp,3,192,0,576,432.99,143.01,62.63,2024-02-25
2026-05-24,ORD-105109,C-4667,LATAM,Email,SMB,Home,Nest Sensor,3,64,0.12,168.96,102.83,66.13,11.05,2023-03-22
2026-05-24,ORD-105110,C-4222,North America,Paid Search,Consumer,Accessories,Orbit Dock,1,208,0.04927007299270073,197.75,119.97,77.78,36.37,2023-05-28
2026-05-24,ORD-105111,C-4746,EMEA,Organic,Enterprise,Accessories,Orbit Dock,2,208,0.11,370.24,239.93,130.31,,2024-03-16
2026-05-24,ORD-105112,C-4166,EMEA,Paid Search,Consumer,Audio,Echo Buds,1,79,0.04927007299270073,75.11,56.88,18.23,13.81,2023-01-16
2026-05-24,ORD-105113,C-4964,EMEA,Email,Consumer,Audio,Echo Buds,2,79,0.08,145.36,113.76,31.6,12.41,2024-11-10
2026-05-24,ORD-105114,C-4345,LATAM,Paid Search,Enterprise,Wearables,Pulse Band,4,105,0.04927007299270073,399.31,225.56,173.75,73.44,2024-05-25
2026-05-24,ORD-105115,C-4962,APAC,Email,Consumer,Accessories,Flux Cable,2,93,0,186,114.19,71.81,15.29,2023-02-10
2026-05-24,ORD-105116,C-4780,North America,Organic,Consumer,Wearables,Nimbus Ring,2,245,0,490,357.64,132.36,0,2023-04-17
2026-05-24,ORD-105117,C-4597,North America,Social,Consumer,Accessories,Flux Cable,3,93,0.01,276.21,171.28,104.93,23.5,2024-10-11
2026-05-24,ORD-105118,C-4159,North America,Affiliate,Enterprise,Wearables,Pulse Band,9,105,0,945,507.51,437.49,76.84,2025-09-18
2026-05-24,ORD-105119,C-4500,APAC,Organic,Consumer,Wearables,Pulse Band,1,105,0,105,56.39,48.61,0,2024-12-28
2026-05-25,ORD-105120,C-4996,APAC,Email,Enterprise,Audio,Halo Headset,9,125,0.09,1023.75,653.6,370.15,112.6,2024-05-29
2026-05-25,ORD-105121,C-4782,APAC,Affiliate,Enterprise,Accessories,Flux Cable,1,93,0,93,57.09,35.91,8.22,2025-07-23
2026-05-25,ORD-105122,C-4988,North America,Organic,Enterprise,Wearables,Pulse Band,7,105,0,735,394.73,340.27,0,2023-01-14
2026-05-25,ORD-105123,C-4265,LATAM,Organic,SMB,Accessories,Orbit Dock,1,208,0,208,119.97,88.03,0,2023-12-28
2026-05-25,ORD-105124,C-4388,LATAM,Social,SMB,Wearables,Nimbus Ring,3,245,0.13,639.45,536.46,102.99,51.07,2025-03-05
2026-05-25,ORD-105125,C-4887,North America,Email,Consumer,Home,Beacon Lamp,3,192,0.1,518.4,432.99,85.41,43.64,2023-02-10
2026-05-25,ORD-105126,C-4471,APAC,Email,Consumer,Audio,Halo Headset,1,125,0.01,123.75,72.62,51.13,7.83,2023-03-03
2026-05-25,ORD-105127,C-4311,North America,Social,Consumer,Accessories,Flux Cable,2,93,0.15,158.1,114.19,43.91,12.78,2023-05-29
2026-05-25,ORD-105128,C-4951,EMEA,Email,Enterprise,Wearables,Nimbus Ring,3,245,0.13,639.45,536.46,102.99,65.85,2025-07-31
2026-05-25,ORD-105129,C-4185,North America,Social,Enterprise,Accessories,Shield Case,1,204,0,204,137.89,66.11,14.05,2025-04-15
2026-05-25,ORD-105130,C-4885,LATAM,Organic,Enterprise,Home,Vista Hub,9,214,0,1926,1363.66,562.34,0,2024-04-12
2026-05-25,ORD-105131,C-4481,LATAM,Affiliate,Enterprise,Audio,Halo Headset,9,125,0,1125,653.6,471.4,103.75,2023-09-15
2026-05-25,ORD-105132,C-4141,North America,Paid Search,Consumer,Wearables,Aura Watch,2,329,0.23043795620437957,506.37,398.84,107.53,93.21,2025-08-30
2026-05-25,ORD-105133,C-4799,LATAM,Social,Consumer,Home,Beacon Lamp,2,192,0.13,334.08,288.66,45.42,28.37,2024-10-02
2026-05-25,ORD-105134,C-4277,EMEA,Affiliate,SMB,Wearables,Aura Watch,3,329,0.18105839416058395,808.3,598.26,210.04,69.62,2024-12-15
2026-05-25,ORD-105135,C-4346,North America,Organic,Enterprise,Home,Nest Sensor,7,64,0.05,425.6,239.95,185.65,0,2023-01-31
2026-05-26,ORD-105136,C-4703,EMEA,Affiliate,Enterprise,Accessories,Shield Case,2,204,0,408,275.78,132.22,40.05,2024-07-21
2026-05-26,ORD-105137,C-4657,EMEA,Email,Consumer,Audio,Halo Headset,3,125,0.01,371.25,217.87,153.38,31.63,2023-04-21
2026-05-26,ORD-105138,C-4643,LATAM,Affiliate,SMB,Wearables,Pulse Band,1,105,0,105,56.39,48.61,7.73,2024-03-22
2026-05-26,ORD-105139,C-4797,LATAM,Social,Enterprise,Accessories,Shield Case,3,204,0.14,526.32,413.67,112.65,40.76,2024-05-03
2026-05-26,ORD-105140,C-4314,North America,Paid Search,SMB,Home,Nest Sensor,3,64,0.04948905109489051,182.5,102.83,79.67,33.62,2025-07-16
2026-05-26,ORD-105141,C-4547,North America,Email,Enterprise,Home,Vista Hub,4,214,0.04,821.76,606.07,215.69,74.9,2024-12-30
2026-05-26,ORD-105142,C-4355,EMEA,Paid Search,Enterprise,Audio,Echo Buds,7,79,0.04948905109489051,525.63,398.17,127.46,96.84,2025-09-22
2026-05-26,ORD-105143,C-4559,North America,Social,Enterprise,Wearables,Aura Watch,2,329,0.18145985401459855,538.6,398.93,139.67,42.24,2024-11-02
2026-05-26,ORD-105144,C-4611,APAC,Organic,Consumer,Accessories,Orbit Dock,3,208,0,624,359.9,264.1,0,2025-05-21
2026-05-26,ORD-105145,C-4808,North America,Affiliate,Enterprise,Wearables,Pulse Band,7,105,0,735,394.73,340.27,66.63,2024-11-07
2026-05-26,ORD-105146,C-4544,EMEA,Organic,SMB,Audio,Echo Buds,2,79,0.1,142.2,113.76,28.44,0,2023-04-02
2026-05-26,ORD-105147,C-4912,APAC,Paid Search,Enterprise,Home,Vista Hub,8,214,0.08948905109489051,1558.79,1212.14,346.65,287.18,2023-02-12
2026-05-26,ORD-105148,C-4120,LATAM,Organic,Consumer,Home,Beacon Lamp,2,192,0,384,288.66,95.34,0,2023-06-30
2026-05-26,ORD-105149,C-4552,EMEA,Paid Search,Consumer,Accessories,Flux Cable,3,93,0.11948905109489052,245.66,171.28,74.38,45.26,2024-12-21
2026-05-26,ORD-105150,C-4509,LATAM,Organic,Enterprise,Audio,Echo Buds,6,79,0.12,417.12,341.29,75.83,0,2024-04-09
2026-05-26,ORD-105151,C-4255,APAC,Paid Search,Enterprise,Accessories,Shield Case,2,204,0.06948905109489051,379.65,275.78,103.87,69.94,2023-11-19
2026-05-26,ORD-105152,C-4669,EMEA,Email,SMB,Accessories,Shield Case,1,204,0,204,137.89,66.11,18.02,2024-03-10
2026-05-27,ORD-105153,C-4223,APAC,Email,SMB,Audio,Halo Headset,1,125,0,125,72.62,52.38,12.42,2025-07-11
2026-05-27,ORD-105154,C-4980,APAC,Affiliate,Consumer,Audio,Echo Buds,2,79,0.14,135.88,113.76,22.12,9.05,2025-05-30
2026-05-27,ORD-105155,C-4239,North America,Organic,Enterprise,Wearables,Nimbus Ring,6,245,0,1470,1072.92,397.08,0,2024-11-04
2026-05-27,ORD-105156,C-4395,EMEA,Email,Consumer,Accessories,Orbit Dock,1,208,0,208,119.97,88.03,21.19,2024-03-23
2026-05-27,ORD-105157,C-4929,EMEA,Email,SMB,Home,Beacon Lamp,3,192,0,576,432.99,143.01,46.85,2025-02-25
2026-05-27,ORD-105158,C-4651,EMEA,Email,Consumer,Audio,Echo Buds,1,79,0.11,70.31,56.88,13.43,6.26,2024-03-12
2026-05-27,ORD-105159,C-4343,EMEA,Organic,SMB,Accessories,Orbit Dock,3,208,0.06,586.56,359.9,226.66,0,2023-04-02
2026-05-27,ORD-105160,C-4132,EMEA,Organic,Consumer,Audio,Halo Headset,2,125,0.14,215,145.24,69.76,0,2023-04-17
2026-05-27,ORD-105161,C-4752,EMEA,Organic,Consumer,Home,Vista Hub,1,214,0,214,151.52,62.48,0,2023-07-29
2026-05-27,ORD-105162,C-4655,LATAM,Email,Enterprise,Audio,Halo Headset,1,125,0,125,72.62,52.38,9.27,2024-12-26
2026-05-27,ORD-105163,C-4683,EMEA,Organic,SMB,Home,Beacon Lamp,2,192,0,384,288.66,95.34,0,2023-04-28
2026-05-27,ORD-105164,C-4162,LATAM,Paid Search,Consumer,Home,Nest Sensor,1,64,0.049598540145985394,60.83,34.28,26.55,11.22,2025-05-15
2026-05-27,ORD-105165,C-4397,EMEA,Paid Search,Consumer,Home,Vista Hub,1,214,0.049598540145985394,203.39,151.52,51.87,37.5,2024-01-24
2026-05-27,ORD-105166,C-4548,EMEA,Organic,SMB,Home,Vista Hub,1,214,0,214,151.52,62.48,0,2024-11-09
2026-05-27,ORD-105167,C-4335,North America,Affiliate,Enterprise,Home,Beacon Lamp,6,192,0,1152,865.98,286.02,80.24,2023-02-15
2026-05-27,ORD-105168,C-4908,North America,Paid Search,Consumer,Home,Nest Sensor,2,64,0.049598540145985394,121.65,68.56,53.09,22.43,2025-01-08
2026-05-28,ORD-105169,C-4848,LATAM,Organic,Consumer,Wearables,Pulse Band,1,105,0.08,96.6,56.39,40.21,0,2025-07-28
2026-05-28,ORD-105170,,APAC,Paid Search,Enterprise,Accessories,Orbit Dock,9,208,0.0997080291970803,1685.35,1079.7,605.65,311.05,2024-05-30
2026-05-28,ORD-105171,C-4889,North America,Email,SMB,Accessories,Flux Cable,1,93,0.03,90.21,57.09,33.12,,2023-05-26
2026-05-28,ORD-105172,C-4849,North America,Affiliate,Enterprise,Accessories,Orbit Dock,6,208,0.13,1085.76,719.8,365.96,76.33,2024-03-30
2026-05-28,ORD-105173,C-4692,APAC,Organic,Enterprise,Audio,Echo Buds,6,79,0,474,341.29,132.71,0,2024-05-03
2026-05-28,ORD-105174,C-4491,APAC,Social,Enterprise,Wearables,Aura Watch,8,329,0.19226277372262776,2125.96,1596.44,529.52,229.39,2023-10-11
2026-05-28,ORD-105175,C-4174,LATAM,Paid Search,SMB,Wearables,Aura Watch,2,329,0.23197080291970804,505.36,399.11,106.25,93.27,2023-06-19
2026-05-28,ORD-105176,C-4899,EMEA,Paid Search,Consumer,Accessories,Shield Case,1,204,0.1897080291970803,165.3,137.89,27.41,30.51,2023-01-26
2026-05-28,ORD-105177,C-4729,LATAM,Email,SMB,Accessories,Shield Case,3,204,0.09,556.92,413.67,143.25,37.63,2023-01-26
2026-05-28,ORD-105178,C-4302,EMEA,Organic,Enterprise,Home,Beacon Lamp,9,192,0,1728,1298.98,429.02,0,2024-04-02
2026-05-28,ORD-105179,C-4231,North America,Organic,Enterprise,Audio,Echo Buds,8,79,0,632,455.05,176.95,0,2025-07-12
2026-05-28,ORD-105180,C-4162,North America,Paid Search,SMB,Accessories,Flux Cable,1,93,0.1597080291970803,78.15,57.09,21.06,14.42,2023-12-10
2026-05-28,ORD-105181,C-4836,LATAM,Paid Search,Consumer,Wearables,Pulse Band,2,105,0.04970802919708029,199.56,112.78,86.78,36.83,2025-05-21
2026-05-28,ORD-105182,C-4107,APAC,Social,Enterprise,Wearables,Nimbus Ring,9,245,0,2205,1609.39,595.61,156.75,2025-01-19
2026-05-28,ORD-105183,C-4903,EMEA,Affiliate,Consumer,Audio,Echo Buds,3,79,0.11,210.93,170.65,40.28,16.65,2025-07-04
2026-05-29,ORD-105184,C-4326,APAC,Affiliate,SMB,Wearables,Pulse Band,3,105,0,315,169.17,145.83,30.79,2024-07-10
2026-05-29,ORD-105185,C-4411,EMEA,,Enterprise,Accessories,Shield Case,5,204,0,1020,689.45,330.55,93.41,2025-05-28
2026-05-29,ORD-105186,C-4833,APAC,Email,Consumer,Accessories,Shield Case,3,204,0,612,413.67,198.33,43.65,2025-07-05
2026-05-29,ORD-105187,C-4326,APAC,Email,SMB,Home,Vista Hub,2,214,0.06,402.32,303.03,99.29,39.66,2023-05-17
2026-05-29,ORD-105188,C-4969,LATAM,Email,SMB,Wearables,Nimbus Ring,3,245,0,735,536.46,198.54,56.05,2023-01-26
2026-05-29,ORD-105189,C-4639,APAC,Organic,SMB,Wearables,Aura Watch,2,329,0.3326642335766423,439.11,399.2,39.91,0,2025-06-10
2026-05-29,ORD-105190,C-4163,LATAM,Organic,SMB,Home,Vista Hub,1,214,0,214,151.52,62.48,0,2024-05-27
2026-05-29,ORD-105191,C-4405,LATAM,Affiliate,Consumer,Audio,Echo Buds,2,79,0,158,113.76,44.24,11.25,2023-11-05
2026-05-29,ORD-105192,C-4593,EMEA,Social,Consumer,Audio,Halo Headset,3,125,0,375,217.87,157.13,40.8,2025-09-17
2026-05-29,ORD-105193,C-4955,APAC,Social,Enterprise,Audio,Echo Buds,3,79,0.09,215.67,170.65,45.02,14.17,2023-07-04
2026-05-30,ORD-105194,C-4661,EMEA,Email,SMB,Home,Beacon Lamp,1,192,0,192,144.33,47.67,19.51,2025-08-06
2026-05-30,ORD-105195,C-4304,EMEA,Organic,SMB,Accessories,Shield Case,3,204,0,612,413.67,198.33,0,2023-10-25
2026-05-30,ORD-105196,C-4956,EMEA,Affiliate,Enterprise,Home,Nest Sensor,8,64,0.14,440.32,274.22,166.1,36.59,2024-01-17
2026-05-30,ORD-105197,C-4662,APAC,Organic,SMB,Home,Nest Sensor,1,64,0,64,34.28,29.72,0,2024-11-03
2026-05-30,ORD-105198,C-4146,APAC,Organic,SMB,Home,Nest Sensor,3,64,0,192,102.83,89.17,0,2024-08-14
2026-05-30,ORD-105199,C-4501,LATAM,Paid Search,SMB,Accessories,Orbit Dock,1,208,0.04992700729927007,197.62,119.97,77.65,36.54,2025-06-06
2026-05-30,ORD-105200,C-4657,EMEA,Email,SMB,Audio,Echo Buds,1,79,0.04,75.84,56.88,18.96,7.18,2023-10-25
2026-05-30,ORD-105201,C-4742,North America,Social,Enterprise,Home,Beacon Lamp,9,192,0,1728,1298.98,429.02,148.72,2023-09-02
2026-05-30,ORD-105202,C-4652,EMEA,Affiliate,SMB,Home,Vista Hub,3,214,0,642,454.55,187.45,43,2023-12-20
2026-05-30,ORD-105203,C-4931,EMEA,Affiliate,SMB,Home,Beacon Lamp,2,192,0.15,326.4,288.66,37.74,26.32,2025-04-25
2026-05-30,ORD-105204,C-4252,LATAM,Social,Enterprise,Accessories,Shield Case,2,204,0.14,350.88,275.78,75.1,34.82,2024-09-16
2026-05-31,ORD-105205,C-4699,LATAM,Organic,SMB,Audio,Halo Headset,3,125,0,375,217.87,157.13,0,2024-02-02
2026-05-31,ORD-105206,C-4407,APAC,Email,Enterprise,Accessories,Flux Cable,6,93,0,558,342.57,215.43,60.76,2025-02-28
2026-05-31,ORD-105207,C-4805,APAC,Paid Search,SMB,Wearables,Aura Watch,2,329,0.2335036496350365,504.35,399.38,104.97,93.33,2025-01-23
2026-05-31,ORD-105208,C-4239,EMEA,Paid Search,Enterprise,Accessories,Flux Cable,1,93,0.07003649635036496,86.49,57.09,29.4,16.01,2025-08-23
2026-05-31,ORD-105209,C-4639,North America,Email,Consumer,Accessories,Flux Cable,2,93,0,186,114.19,71.81,11.52,2024-04-26
2026-05-31,ORD-105210,C-4354,LATAM,Email,Consumer,Wearables,Aura Watch,2,329,0.2734671532846715,478.06,399.38,78.68,46.31,2024-10-29
2026-05-31,ORD-105211,C-4171,APAC,Paid Search,SMB,Accessories,Orbit Dock,1,208,0.05003649635036496,197.59,119.97,77.62,36.56,2023-02-02
2026-05-31,ORD-105212,C-4164,APAC,Email,SMB,Accessories,Orbit Dock,1,208,0.08,191.36,119.97,71.39,15.62,2025-06-13
2026-05-31,ORD-105213,C-4328,APAC,Organic,Enterprise,Accessories,Orbit Dock,4,208,0,832,479.87,352.13,0,2023-09-06
2026-05-31,ORD-105214,C-4670,North America,Organic,Enterprise,Accessories,Flux Cable,9,93,0,837,513.85,323.15,,2025-06-08
2026-05-31,ORD-105215,C-4577,APAC,Social,Enterprise,Accessories,Shield Case,2,204,0.14,350.88,275.78,75.1,28.82,2023-02-18
2026-05-31,ORD-105216,C-4270,APAC,Organic,SMB,Accessories,Shield Case,3,204,0.03,593.64,413.67,179.97,0,2024-12-11
2026-05-31,ORD-105217,C-4872,LATAM,Affiliate,Enterprise,Accessories,Orbit Dock,7,208,0,1456,839.77,616.23,121.92,2023-11-19
2026-05-31,ORD-105218,C-4200,North America,Organic,SMB,Audio,Halo Headset,1,125,0.08,115,72.62,42.38,0,2023-03-19
2026-06-01,ORD-105219,C-4158,EMEA,Email,SMB,Wearables,Aura Watch,1,329,0.32386861313868615,222.45,199.74,22.71,24.28,2023-09-10
2026-06-01,ORD-105220,C-4114,North America,Paid Search,Consumer,Wearables,Aura Watch,3,329,0.234014598540146,756.03,599.22,156.81,140.03,2023-01-18
2026-06-01,ORD-105221,C-4136,North America,Email,SMB,Home,Nest Sensor,2,64,0.12,112.64,68.56,44.08,10.53,2024-09-11
2026-06-01,ORD-105222,C-4283,LATAM,Organic,SMB,Accessories,Orbit Dock,3,208,0.13,542.88,359.9,182.98,0,2025-07-14
2026-06-01,ORD-105223,C-4712,North America,Affiliate,Consumer,Accessories,Orbit Dock,3,208,0,624,359.9,264.1,58.97,2023-03-02
2026-06-01,ORD-105224,C-4343,North America,Affiliate,Enterprise,Home,Nest Sensor,8,64,0,512,274.22,237.78,40.96,2023-04-30
2026-06-01,ORD-105225,C-4341,North America,Affiliate,Consumer,Accessories,Shield Case,2,204,0,408,275.78,132.22,32.83,2023-11-10
2026-06-01,ORD-105226,C-4543,LATAM,Organic,SMB,Wearables,Nimbus Ring,2,245,0,490,357.64,132.36,0,2023-12-30
2026-06-01,ORD-105227,C-4983,EMEA,Email,Enterprise,Accessories,Shield Case,1,204,0,204,137.89,66.11,16.58,2024-08-02
2026-06-01,ORD-105228,C-4607,APAC,Organic,Consumer,Home,Beacon Lamp,2,192,0.09,349.44,288.66,60.78,0,2023-01-10
2026-06-01,ORD-105229,C-4355,LATAM,Paid Search,Enterprise,Home,Vista Hub,5,214,0.14014598540145984,920.04,757.59,162.45,170.41,2023-05-23
2026-06-01,ORD-105230,C-4212,North America,Paid Search,SMB,Home,Vista Hub,1,214,0.16014598540145986,179.73,151.52,28.21,33.29,2024-12-21
2026-06-01,ORD-105231,C-4383,North America,Organic,SMB,Accessories,Flux Cable,3,93,0,279,171.28,107.72,0,2023-12-05
2026-06-01,ORD-105232,C-4881,EMEA,Organic,Enterprise,Audio,Halo Headset,7,125,0.02,857.5,508.35,349.15,0,2025-06-30
2026-06-01,ORD-105233,C-4815,EMEA,Affiliate,SMB,Home,Vista Hub,2,214,0.11,380.92,303.03,77.89,29.04,2023-04-22
2026-06-01,ORD-105234,C-4612,EMEA,Email,Consumer,Audio,Echo Buds,2,79,0,158,113.76,44.24,15.9,2024-05-23
2026-06-01,ORD-105235,C-4670,North America,Email,SMB,Wearables,Aura Watch,2,329,0.19386861313868614,530.43,399.48,130.95,44.07,2023-07-19
2026-06-01,ORD-105236,C-4490,LATAM,Email,Enterprise,Wearables,Nimbus Ring,9,245,0,2205,1609.39,595.61,212.43,2023-09-12
2026-06-01,ORD-105237,C-4270,APAC,Paid Search,Enterprise,Home,Beacon Lamp,9,192,0.050145985401459856,1641.35,1298.98,342.37,304.01,2023-07-13
2026-06-01,ORD-105238,C-4885,APAC,Affiliate,Enterprise,Home,Vista Hub,3,214,0,642,454.55,187.45,68.21,2023-10-05
2026-06-02,ORD-105239,C-4784,APAC,Affiliate,Consumer,Home,Nest Sensor,2,64,0,128,68.56,59.44,12.44,2023-12-18
2026-06-02,ORD-105240,C-4874,LATAM,Affiliate,Enterprise,Home,Nest Sensor,1,64,0,64,34.28,29.72,6.2,2023-09-29
2026-06-02,ORD-105241,C-4988,North America,Affiliate,Consumer,Wearables,Pulse Band,3,105,0,315,169.17,145.83,20.34,2023-06-28
2026-06-02,ORD-105242,C-4476,EMEA,Organic,Consumer,Audio,Echo Buds,1,79,0.06,74.26,56.88,17.38,0,2023-07-13
2026-06-02,ORD-105243,C-4975,North America,Email,Consumer,Wearables,Aura Watch,2,329,0.18427007299270073,536.75,399.57,137.18,43.9,2024-11-07
2026-06-02,ORD-105244,C-4454,LATAM,Social,Enterprise,Audio,Echo Buds,7,79,0.02,541.94,398.17,143.77,57.39,2025-01-08
2026-06-02,ORD-105245,C-4148,APAC,Affiliate,SMB,Home,Beacon Lamp,3,192,0.07,535.68,432.99,102.69,45.49,2024-06-13
2026-06-02,ORD-105246,C-4208,EMEA,Social,Enterprise,Accessories,Shield Case,8,204,0,1632,1103.12,528.88,144.21,2024-11-17
2026-06-02,ORD-105247,C-4136,North America,Organic,Enterprise,Accessories,Flux Cable,6,93,0,558,342.57,215.43,0,2024-12-21
2026-06-02,ORD-105248,C-4322,LATAM,Paid Search,Consumer,Accessories,Shield Case,1,204,0.050255474452554745,193.75,137.89,55.86,35.92,2024-08-19
2026-06-02,ORD-105249,C-4849,North America,Email,Consumer,Accessories,Shield Case,3,204,0.1,550.8,413.67,137.13,46.22,2024-08-14
2026-06-02,ORD-105250,C-4332,LATAM,Email,Consumer,Accessories,Flux Cable,3,93,0.02,273.42,171.28,102.14,17.12,2023-03-28
2026-06-02,ORD-105251,C-4547,EMEA,Email,Consumer,Accessories,Orbit Dock,1,208,0.04,199.68,119.97,79.71,19.6,2023-12-23
2026-06-02,ORD-105252,C-4851,LATAM,Affiliate,SMB,Audio,Halo Headset,3,125,0.03,363.75,217.87,145.88,36.27,2024-08-17
2026-06-02,ORD-105253,C-4121,North America,Affiliate,SMB,Wearables,Pulse Band,3,105,0,315,169.17,145.83,32.78,2024-07-09
2026-06-02,ORD-105254,C-4223,APAC,Affiliate,Consumer,Accessories,Flux Cable,3,93,0,279,171.28,107.72,27.2,2025-02-28
2026-06-02,ORD-105255,C-4723,APAC,Organic,SMB,Wearables,Pulse Band,1,105,0,105,56.39,48.61,0,2025-07-10
2026-06-02,ORD-105256,C-4721,EMEA,Organic,Enterprise,Accessories,Orbit Dock,9,208,0.02,1834.56,1079.7,754.86,0,2024-02-06
2026-06-02,ORD-105257,C-4416,North America,Organic,Enterprise,Wearables,Pulse Band,6,105,0,630,338.34,291.66,0,2025-01-15
2026-06-02,ORD-105258,C-4157,North America,Social,Enterprise,Accessories,Shield Case,3,204,0.03,593.64,413.67,179.97,57.9,2023-07-16
2026-06-03,ORD-105259,C-4737,LATAM,Organic,Enterprise,Wearables,Aura Watch,3,329,0.2946715328467153,696.16,599.49,96.67,0,2025-05-30
2026-06-03,ORD-105260,C-4983,EMEA,Paid Search,Consumer,Home,Nest Sensor,2,64,0.08036496350364963,117.71,68.56,49.15,21.84,2024-07-30
2026-06-03,ORD-105261,C-4308,LATAM,Paid Search,Consumer,Wearables,Pulse Band,3,105,0.19036496350364965,255.04,169.17,85.87,47.32,2023-03-23
2026-06-03,ORD-105262,C-4620,APAC,Email,SMB,Home,Nest Sensor,3,64,0.07,178.56,102.83,75.73,14.25,2025-04-23
2026-06-03,ORD-105263,C-4415,North America,Social,SMB,Wearables,Aura Watch,1,329,0.25467153284671534,245.21,199.83,45.38,22.06,2024-12-05
2026-06-03,ORD-105264,C-4501,LATAM,Affiliate,SMB,Accessories,Orbit Dock,1,208,0.11,185.12,119.97,65.15,11.18,2024-01-06
2026-06-03,ORD-105265,C-4829,APAC,Organic,Consumer,Accessories,Orbit Dock,2,208,0,416,239.93,176.07,0,2025-08-26
2026-06-03,ORD-105266,C-4389,LATAM,Social,SMB,Home,Beacon Lamp,3,192,0.05,547.2,432.99,114.21,41.09,2025-09-05
2026-06-03,ORD-105267,C-4508,North America,Social,SMB,Wearables,Pulse Band,3,105,0,315,169.17,145.83,24.34,2025-06-05
2026-06-03,ORD-105268,C-4106,EMEA,Affiliate,Consumer,Accessories,Shield Case,1,204,0,204,137.89,66.11,19.75,2024-10-23
2026-06-03,ORD-105269,C-4562,APAC,Organic,SMB,Accessories,Shield Case,3,204,0,612,413.67,198.33,0,2023-01-05
2026-06-03,ORD-105270,C-4699,APAC,Organic,Enterprise,Home,Vista Hub,8,214,0,1712,1212.14,499.86,0,2023-07-22
2026-06-03,ORD-105271,C-4349,APAC,Organic,SMB,Audio,Echo Buds,2,79,0,158,113.76,44.24,0,2025-02-14
2026-06-03,ORD-105272,C-4204,APAC,Paid Search,Consumer,Home,Vista Hub,2,214,0.050364963503649635,406.44,303.03,103.41,75.41,2025-01-19
2026-06-03,ORD-105273,C-4359,APAC,Email,Consumer,Audio,Halo Headset,1,125,0,125,72.62,52.38,13.49,2023-11-27
2026-06-03,ORD-105274,C-4944,North America,Email,SMB,Wearables,Aura Watch,1,329,0.18467153284671534,268.24,199.83,68.41,25.87,2023-09-05
2026-06-03,ORD-105275,C-4343,EMEA,Social,Enterprise,Wearables,Nimbus Ring,8,245,0,1960,1430.56,529.44,179.9,2024-08-01
2026-06-03,ORD-105276,C-4308,APAC,Affiliate,Consumer,Home,Vista Hub,3,214,0.01,635.58,454.55,181.03,38.57,2023-03-28
2026-06-03,ORD-105277,C-4380,EMEA,Social,Consumer,Wearables,Aura Watch,3,329,0.22467153284671534,765.25,599.49,165.76,77.78,2024-05-08
2026-06-03,ORD-105278,C-4751,APAC,Affiliate,Enterprise,Wearables,Aura Watch,4,329,0.18467153284671534,1072.97,799.32,273.65,70.52,2024-06-26
2026-06-04,ORD-105279,C-4134,LATAM,Paid Search,SMB,Audio,Echo Buds,1,79,0.13047445255474452,68.69,56.88,11.81,12.76,2023-08-04
2026-06-04,ORD-105280,C-4643,North America,Affiliate,Consumer,Wearables,Pulse Band,1,105,0,105,56.39,48.61,9.65,2024-02-13
2026-06-04,ORD-105281,C-4761,LATAM,Social,Enterprise,Accessories,Shield Case,6,204,0.04,1175.04,827.34,347.7,84.32,2025-07-31
2026-06-04,ORD-105282,C-4119,EMEA,Email,SMB,Audio,Echo Buds,3,79,0.11,210.93,170.65,40.28,21.45,2024-07-09
2026-06-04,ORD-105283,C-4763,LATAM,Paid Search,Consumer,Accessories,Orbit Dock,3,208,0.13047445255474452,542.58,359.9,182.68,100.76,2025-04-09
2026-06-04,ORD-105284,C-4361,APAC,Email,SMB,Home,Vista Hub,2,214,0,428,303.03,124.97,45.48,2024-10-09
2026-06-04,ORD-105285,C-4566,LATAM,Social,SMB,Wearables,Pulse Band,1,105,0.04,100.8,56.39,44.41,6.38,2024-09-11
2026-06-04,ORD-105286,C-4146,APAC,Social,Enterprise,Wearables,Aura Watch,6,329,0.29507299270072995,1391.53,1199.25,192.28,133.53,2025-09-04
2026-06-04,ORD-105287,C-4352,APAC,Organic,Consumer,Audio,Echo Buds,2,79,0.13,137.46,113.76,23.7,0,2023-05-10
2026-06-04,ORD-105288,C-4898,North America,Organic,SMB,Audio,Echo Buds,2,79,0,158,113.76,44.24,0,2023-06-10
2026-06-04,ORD-105289,C-4542,APAC,Email,SMB,Wearables,Aura Watch,1,329,0.18507299270072994,268.11,199.88,68.23,28.53,2025-01-15
2026-06-04,ORD-105290,C-4274,EMEA,Affiliate,SMB,Accessories,Shield Case,3,204,0,612,413.67,198.33,62.48,2023-02-17
2026-06-04,ORD-105291,C-4314,North America,Social,Consumer,Accessories,Flux Cable,1,93,0,93,57.09,35.91,8.97,2023-01-03
2026-06-04,ORD-105292,C-4416,North America,Paid Search,Consumer,Wearables,Pulse Band,2,105,0.07047445255474452,195.2,112.78,82.42,36.25,2025-08-09
2026-06-04,ORD-105293,C-4490,APAC,Email,Enterprise,Wearables,Aura Watch,2,329,0.28507299270072994,470.42,399.75,70.67,48.21,2025-08-02
2026-06-04,ORD-105294,C-4271,North America,Social,SMB,Accessories,Shield Case,3,204,0.04,587.52,413.67,173.85,52.22,2025-09-16
2026-06-04,ORD-105295,C-4316,APAC,Paid Search,SMB,Audio,Echo Buds,1,79,0.050474452554744524,75.01,56.88,18.13,13.93,2025-02-08
2026-06-04,ORD-105296,C-4145,North America,Email,Consumer,Home,Vista Hub,2,214,0,428,303.03,124.97,43.58,2024-04-11
2026-06-04,ORD-105297,C-4639,EMEA,Affiliate,SMB,Home,Vista Hub,3,214,0.07,597.06,454.55,142.51,45.32,2023-03-05
2026-06-04,ORD-105298,C-4261,North America,Social,Consumer,Home,Nest Sensor,1,64,0.05,60.8,34.28,26.52,6.53,2024-05-09
2026-06-04,ORD-105299,C-4488,North America,Affiliate,Enterprise,Accessories,Flux Cable,8,93,0,744,456.76,287.24,55,2024-01-21
2026-06-05,ORD-105300,C-4900,North America,Affiliate,Enterprise,Home,Vista Hub,4,214,0.1,770.4,606.07,164.33,55.09,2024-04-26
2026-06-05,ORD-105301,C-4126,North America,Email,Consumer,Wearables,Nimbus Ring,1,245,0,245,178.82,66.18,17.81,2023-10-03
2026-06-05,ORD-105302,C-4103,EMEA,Social,Consumer,Audio,Halo Headset,1,125,0,125,72.62,52.38,11.09,2024-06-04
2026-06-05,ORD-105303,C-4764,LATAM,Paid Search,Consumer,Audio,Halo Headset,3,125,0.050583941605839414,356.03,217.87,138.16,66.18,2023-01-06
2026-06-05,ORD-105304,C-4797,LATAM,Social,Enterprise,Audio,Halo Headset,3,125,0,375,217.87,157.13,33.82,2025-01-10
2026-06-05,ORD-105305,C-4706,EMEA,Social,Consumer,Home,Vista Hub,3,214,0.06,603.48,454.55,148.93,36.49,2025-08-16
2026-06-05,ORD-105306,C-4124,LATAM,Social,Enterprise,Audio,Echo Buds,1,79,0,79,56.88,22.12,8.1,2023-11-13
2026-06-05,ORD-105307,C-4987,North America,Affiliate,SMB,Accessories,Shield Case,3,204,0.07,569.16,413.67,155.49,54.29,2024-12-31
2026-06-05,ORD-105308,C-4688,APAC,Social,Enterprise,Wearables,Aura Watch,2,329,0.18547445255474454,535.96,399.84,136.12,56.67,2025-05-02
2026-06-05,ORD-105309,C-4626,APAC,Social,Enterprise,Home,Vista Hub,7,214,0,1498,1060.62,437.38,123.4,2025-05-13
2026-06-05,ORD-105310,C-4890,North America,Email,Enterprise,Audio,Halo Headset,9,125,0,1125,653.6,471.4,118.05,2023-05-03
2026-06-05,ORD-105311,C-4508,North America,Affiliate,SMB,Home,Nest Sensor,3,64,0,192,102.83,89.17,19.03,2024-11-20
2026-06-05,ORD-105312,C-4629,North America,Email,Enterprise,Audio,Echo Buds,4,79,0,316,227.53,88.47,30.07,2023-04-20
2026-06-05,ORD-105313,C-4648,APAC,Organic,Consumer,Accessories,Shield Case,1,204,0.02,199.92,137.89,62.03,0,2023-10-08
2026-06-05,ORD-105314,C-4378,LATAM,Email,Consumer,Audio,Echo Buds,1,79,0.04,75.84,56.88,18.96,6.48,2024-01-27
2026-06-06,ORD-105315,C-4939,North America,Organic,SMB,Accessories,Shield Case,3,204,0.13,532.44,413.67,118.77,0,2025-06-28
2026-06-06,ORD-105316,C-4575,LATAM,Social,SMB,Accessories,Orbit Dock,1,208,0.15,176.8,119.97,56.83,14.33,2024-03-16
2026-06-06,ORD-105317,C-4166,EMEA,Social,SMB,Wearables,Nimbus Ring,1,245,0,245,178.82,66.18,20.12,2024-02-26
2026-06-06,ORD-105318,C-4166,APAC,Organic,Enterprise,Audio,Echo Buds,7,79,0.1,497.7,398.17,99.53,0,2025-01-09
2026-06-06,ORD-105319,C-4356,EMEA,Affiliate,Consumer,Home,Vista Hub,2,214,0,428,303.03,124.97,29.37,2024-06-18
2026-06-06,ORD-105320,C-4689,EMEA,Organic,Enterprise,Home,Nest Sensor,1,64,0,64,34.28,29.72,0,2023-02-28
2026-06-06,ORD-105321,C-4539,APAC,Affiliate,Consumer,Home,Beacon Lamp,2,192,0,384,288.66,95.34,39.62,2025-07-01
2026-06-06,ORD-105322,C-4915,EMEA,Email,SMB,Wearables,Aura Watch,3,329,0.2758759124087591,714.71,599.9,114.81,43.78,2023-04-07
2026-06-06,ORD-105323,C-4652,North America,Email,Enterprise,Wearables,Pulse Band,3,105,0,315,169.17,145.83,25.41,2024-10-05
2026-06-06,ORD-105324,C-4969,LATAM,Social,Consumer,Wearables,Pulse Band,3,105,0,315,169.17,145.83,27.13,2025-01-17
2026-06-06,ORD-105325,C-4356,LATAM,Affiliate,Consumer,Wearables,Aura Watch,1,329,0.18587591240875911,267.85,199.97,67.88,19.53,2024-02-14
2026-06-07,ORD-105326,C-4941,LATAM,Affiliate,Consumer,Wearables,Aura Watch,2,329,0.18627737226277372,535.43,400.02,135.41,49.98,2024-03-15
2026-06-07,ORD-105327,C-4975,EMEA,Paid Search,Enterprise,Accessories,Flux Cable,6,93,0.05080291970802919,529.65,342.57,187.08,98.62,2025-05-27
2026-06-07,ORD-105328,C-4373,APAC,Affiliate,SMB,Home,Vista Hub,1,214,0,214,151.52,62.48,14.17,2023-03-11
2026-06-07,ORD-105329,C-4705,EMEA,Email,Consumer,Wearables,Pulse Band,1,105,0,105,56.39,48.61,10.71,2024-11-24
2026-06-07,ORD-105330,C-4253,EMEA,Organic,Enterprise,Home,Nest Sensor,7,64,0,448,239.95,208.05,0,2023-12-03
2026-06-07,ORD-105331,C-4547,EMEA,Email,Enterprise,Home,Beacon Lamp,1,192,0,192,144.33,47.67,12.81,2024-02-04
2026-06-07,ORD-105332,C-4393,LATAM,Paid Search,Consumer,Home,Beacon Lamp,1,192,0.060802919708029195,180.33,144.33,36,33.58,2024-03-30
2026-06-07,ORD-105333,C-4742,APAC,Email,Consumer,Home,Vista Hub,3,214,0.03,622.74,454.55,168.19,55.84,2025-04-22
2026-06-07,ORD-105334,C-4511,North America,Affiliate,SMB,Accessories,Flux Cable,1,93,0,93,57.09,35.91,6.2,2023-08-30
2026-06-07,ORD-105335,C-4405,APAC,Email,SMB,Accessories,Shield Case,3,204,0,612,413.67,198.33,46.48,2024-07-11
2026-06-07,ORD-105336,C-4300,LATAM,Affiliate,Enterprise,Home,Nest Sensor,3,64,0.06,180.48,102.83,77.65,19.48,2025-05-08
2026-06-07,ORD-105337,C-4809,LATAM,Social,Enterprise,Wearables,Aura Watch,1,329,0.18627737226277372,267.71,200.02,67.69,27.22,2025-01-23
2026-06-07,ORD-105338,C-4118,EMEA,Paid Search,Consumer,Home,Nest Sensor,3,64,0.05080291970802919,182.25,102.83,79.42,33.94,2025-06-18
2026-06-07,ORD-105339,C-4889,APAC,Affiliate,Enterprise,Wearables,Aura Watch,7,329,0.18627737226277372,1874,1400.09,473.91,114.1,2025-05-30
2026-06-07,ORD-105340,C-4467,North America,Affiliate,Consumer,Accessories,Flux Cable,2,93,0,186,114.19,71.81,15.64,2024-08-11
2026-06-07,ORD-105341,C-4554,APAC,Affiliate,Consumer,Wearables,Nimbus Ring,1,245,0,245,178.82,66.18,15.83,2024-04-06
2026-06-07,ORD-105342,C-4374,EMEA,Email,Enterprise,Accessories,Flux Cable,6,93,0,558,342.57,215.43,49.21,2023-01-06
2026-06-08,ORD-105343,C-4597,LATAM,Organic,Enterprise,Accessories,Orbit Dock,3,208,0,624,359.9,264.1,0,2025-06-08
2026-06-08,ORD-105344,C-4472,EMEA,Email,SMB,Wearables,Nimbus Ring,2,245,0,490,357.64,132.36,47.77,2023-06-21
2026-06-08,ORD-105345,C-4133,EMEA,Paid Search,SMB,Accessories,Orbit Dock,2,208,0.05091240875912409,394.82,239.93,154.89,73.58,2023-05-11
2026-06-08,ORD-105346,C-4532,EMEA,Paid Search,SMB,Wearables,Pulse Band,2,105,0.14091240875912409,180.41,112.78,67.63,33.62,2024-09-28
2026-06-08,ORD-105347,C-4998,LATAM,Affiliate,Enterprise,Home,Nest Sensor,7,64,0.12,394.24,239.95,154.29,32.52,2023-05-05
2026-06-08,ORD-105348,C-4170,LATAM,Paid Search,SMB,Accessories,Orbit Dock,3,208,0.05091240875912409,592.23,359.9,232.33,110.37,2024-05-31
2026-06-08,ORD-105349,C-4328,LATAM,Organic,SMB,Wearables,Nimbus Ring,3,245,0.07,683.55,536.46,147.09,0,2023-10-19
2026-06-08,ORD-105350,C-4101,APAC,Affiliate,Enterprise,Home,Beacon Lamp,9,192,0,1728,1298.98,429.02,181.1,2024-02-22
2026-06-08,ORD-105351,C-4674,LATAM,Affiliate,Enterprise,Accessories,Orbit Dock,5,208,0,1040,599.83,440.17,89.4,2024-08-23
2026-06-08,ORD-105352,C-4122,APAC,Affiliate,Consumer,Accessories,Orbit Dock,3,208,0,624,359.9,264.1,55.94,2023-11-17
2026-06-08,ORD-105353,C-4259,EMEA,Paid Search,Consumer,Wearables,Pulse Band,3,105,0.1609124087591241,264.31,169.17,95.14,49.26,2025-02-13
2026-06-08,ORD-105354,C-4856,North America,Social,Enterprise,Accessories,Flux Cable,7,93,0.04,624.96,399.66,225.3,56.3,2024-09-03
2026-06-08,ORD-105355,C-4344,APAC,Paid Search,SMB,Home,Vista Hub,1,214,0.05091240875912409,203.1,151.52,51.58,37.85,2024-10-13
2026-06-08,ORD-105356,C-4822,EMEA,Organic,Enterprise,Wearables,Aura Watch,7,329,0.18667883211678835,1873.08,1400.41,472.67,0,2023-06-19
2026-06-08,ORD-105357,C-4301,APAC,Paid Search,SMB,Wearables,Aura Watch,1,329,0.23759124087591244,250.83,200.06,50.77,46.75,2024-05-03
2026-06-08,ORD-105358,C-4778,LATAM,Organic,Consumer,Wearables,Nimbus Ring,1,245,0.02,240.1,178.82,61.28,0,2025-04-22
2026-06-08,ORD-105359,C-4946,APAC,Organic,Enterprise,Wearables,Pulse Band,4,105,0,420,225.56,194.44,0,2025-05-07
2026-06-08,ORD-105360,C-4554,APAC,Social,Enterprise,Accessories,Orbit Dock,8,208,0,1664,959.73,704.27,160.65,2025-06-05
2026-06-08,ORD-105361,C-4717,APAC,Organic,Consumer,Accessories,Shield Case,1,204,0.04,195.84,137.89,57.95,0,2025-07-05
2026-06-08,ORD-105362,C-4275,LATAM,Affiliate,SMB,Home,Beacon Lamp,2,192,0,384,288.66,95.34,33.72,2024-11-24
2026-06-08,ORD-105363,C-4868,EMEA,Organic,SMB,Audio,Halo Headset,3,125,0,375,217.87,157.13,0,2024-12-18
2026-06-08,ORD-105364,C-4377,APAC,Paid Search,Consumer,Wearables,Nimbus Ring,3,245,0.05091240875912409,697.58,536.46,161.12,130.01,2023-04-18
2026-06-08,ORD-105365,C-4468,LATAM,Paid Search,SMB,Home,Beacon Lamp,2,192,0.0909124087591241,349.09,288.66,60.43,65.06,2024-11-09
2026-06-08,ORD-105366,C-4931,APAC,Paid Search,Consumer,Wearables,Nimbus Ring,1,245,0.17091240875912408,203.13,178.82,24.31,37.86,2024-11-17
2026-06-09,ORD-105367,C-4635,APAC,Organic,Enterprise,Home,Beacon Lamp,2,192,0.05,364.8,288.66,76.14,0,2023-10-22
2026-06-09,ORD-105368,C-4834,EMEA,Social,Consumer,Audio,Echo Buds,2,79,0.13,137.46,113.76,23.7,10.93,2025-04-14
2026-06-09,ORD-105369,C-4878,North America,Organic,Consumer,Home,Nest Sensor,2,64,0,128,68.56,59.44,0,2025-04-28
2026-06-09,ORD-105370,C-4252,APAC,Social,Consumer,Wearables,Aura Watch,2,329,0.23708029197080294,502,400.21,101.79,46.14,2025-05-26
2026-06-09,ORD-105371,C-4535,North America,Affiliate,SMB,Home,Beacon Lamp,1,192,0.02,188.16,144.33,43.83,11.81,2025-06-26
2026-06-09,ORD-105372,C-4488,North America,Paid Search,Consumer,Wearables,Nimbus Ring,3,245,0.05102189781021898,697.5,536.46,161.04,130.11,2024-04-13
2026-06-09,ORD-105373,C-4167,EMEA,Social,Enterprise,Accessories,Flux Cable,6,93,0.01,552.42,342.57,209.85,37.5,2025-05-12
2026-06-09,ORD-105374,C-4950,LATAM,Paid Search,Consumer,Home,Vista Hub,1,214,0.12102189781021899,188.1,151.52,36.58,35.09,2023-06-24
2026-06-09,ORD-105375,C-4460,LATAM,Email,SMB,Home,Vista Hub,1,214,0.03,207.58,151.52,56.06,15.78,2024-07-26
2026-06-09,ORD-105376,C-4432,APAC,Email,Enterprise,Home,Nest Sensor,4,64,0,256,137.11,118.89,27.7,2023-06-01
2026-06-09,ORD-105377,C-4216,EMEA,Paid Search,Consumer,Accessories,Orbit Dock,1,208,0.151021897810219,176.59,119.97,56.62,32.94,2024-04-08
2026-06-09,ORD-105378,C-4708,APAC,Paid Search,Enterprise,Audio,Halo Headset,7,125,0.191021897810219,707.86,508.35,199.51,132.04,2025-06-15
2026-06-09,ORD-105379,C-4669,APAC,Email,Enterprise,Wearables,Aura Watch,8,329,0.3270802919708029,1771.12,1600.82,170.3,141.74,2023-03-10
2026-06-09,ORD-105380,C-4672,APAC,Affiliate,SMB,Wearables,Aura Watch,1,329,0.22708029197080293,254.29,200.11,54.18,24.83,2024-06-09
2026-06-09,ORD-105381,C-4271,EMEA,Paid Search,Consumer,Audio,Echo Buds,2,79,0.181021897810219,129.4,113.76,15.64,24.14,2023-07-04
2026-06-09,ORD-105382,C-4204,North America,Social,SMB,Audio,Halo Headset,3,125,0.02,367.5,217.87,149.63,36.09,2024-09-01
2026-06-09,ORD-105383,C-4349,APAC,Organic,SMB,Wearables,Pulse Band,1,105,0,105,56.39,48.61,0,2023-01-04
2026-06-10,ORD-105384,C-4798,LATAM,Affiliate,Consumer,Home,Beacon Lamp,2,192,0.08,353.28,288.66,64.62,22.75,2023-02-15
2026-06-10,ORD-105385,C-4963,North America,Affiliate,Consumer,Home,Nest Sensor,2,64,0.03,124.16,68.56,55.6,7.63,2024-04-09
2026-06-10,ORD-105386,C-4165,EMEA,Social,Consumer,Home,Vista Hub,3,214,0,642,454.55,187.45,45.29,2025-02-28
2026-06-10,ORD-105387,C-4788,APAC,Organic,Enterprise,Accessories,Flux Cable,3,93,0,279,171.28,107.72,0,2023-04-24
2026-06-10,ORD-105388,C-4491,EMEA,Affiliate,Consumer,Home,Vista Hub,2,214,0,428,303.03,124.97,44.34,2024-03-06
2026-06-10,ORD-105389,C-4435,APAC,Social,SMB,Wearables,Aura Watch,2,329,0.18748175182481752,534.64,400.3,134.34,46.42,2023-11-21
2026-06-10,ORD-105390,C-4347,LATAM,Organic,Enterprise,Home,Nest Sensor,8,64,0,512,274.22,237.78,0,2023-02-17
2026-06-10,ORD-105391,C-4677,APAC,Email,SMB,Accessories,Orbit Dock,2,208,0.05,395.2,239.93,155.27,30.17,2023-03-08
2026-06-10,ORD-105392,C-4768,EMEA,Affiliate,Enterprise,Audio,Halo Headset,1,125,0.14,107.5,72.62,34.88,9.59,2024-08-01
2026-06-10,ORD-105393,C-4387,EMEA,Paid Search,SMB,Home,Vista Hub,3,214,0.17113138686131385,532.13,454.55,77.58,99.35,2025-03-25
2026-06-10,ORD-105394,C-4762,LATAM,Affiliate,Enterprise,Home,Nest Sensor,8,64,0,512,274.22,237.78,44.78,2024-04-10
2026-06-10,ORD-105395,C-4662,North America,Paid Search,Enterprise,Audio,Halo Headset,5,125,0.05113138686131387,593.04,363.11,229.93,110.72,2024-12-20
2026-06-10,ORD-105396,C-4528,EMEA,Organic,Enterprise,Home,Beacon Lamp,3,192,0.15,489.6,432.99,56.61,0,2023-11-16
2026-06-10,ORD-105397,C-4181,North America,Social,Consumer,Wearables,Aura Watch,1,329,0.2874817518248175,234.42,200.15,34.27,18.8,2024-05-15
2026-06-10,ORD-105398,C-4992,APAC,Email,Enterprise,Accessories,Shield Case,8,204,0.03,1583.04,1103.12,479.92,117.39,2023-07-04
2026-06-10,ORD-105399,C-4432,EMEA,Email,Consumer,Wearables,Pulse Band,3,105,0,315,169.17,145.83,28.28,2025-01-02
2026-06-10,ORD-105400,C-4503,North America,Social,Consumer,Audio,Echo Buds,3,79,0,237,170.65,66.35,14.71,2025-01-26
2026-06-11,ORD-105401,C-4711,EMEA,Organic,Consumer,Wearables,Pulse Band,2,105,0.06,197.4,112.78,84.62,0,2025-04-01
2026-06-11,ORD-105402,C-4228,APAC,Social,Consumer,Wearables,Pulse Band,3,105,0,315,169.17,145.83,21.08,2024-05-26
2026-06-11,ORD-105403,C-4718,APAC,Paid Search,Consumer,Home,Vista Hub,2,214,0.09124087591240876,388.95,303.03,85.92,72.68,2025-06-25
2026-06-11,ORD-105404,C-4735,LATAM,Social,SMB,Wearables,Nimbus Ring,2,245,0,490,357.64,132.36,52.74,2023-11-05
2026-06-11,ORD-105405,C-4479,North America,Email,Enterprise,Wearables,Pulse Band,5,105,0.03,509.25,281.95,227.3,41.55,2023-12-11
2026-06-11,ORD-105406,C-4923,APAC,Email,SMB,Accessories,Shield Case,2,204,0.09,371.28,275.78,95.5,30.98,2023-05-02
2026-06-11,ORD-105407,C-4835,EMEA,Affiliate,Consumer,Audio,Echo Buds,3,79,0.05,225.15,170.65,54.5,21.71,2023-01-16
2026-06-11,ORD-105408,C-4461,North America,Paid Search,Consumer,Wearables,Nimbus Ring,2,245,0.05124087591240876,464.89,357.64,107.25,86.87,2024-11-12
2026-06-11,ORD-105409,C-4280,LATAM,Affiliate,SMB,Wearables,Aura Watch,3,329,0.1878832116788321,801.56,600.59,200.97,65.38,2023-11-29
2026-06-11,ORD-105410,C-4738,APAC,Organic,Consumer,Home,Nest Sensor,1,64,0,64,34.28,29.72,0,2023-09-16
2026-06-11,ORD-105411,C-4635,North America,Organic,Enterprise,Wearables,Pulse Band,7,105,0.1,661.5,394.73,266.77,0,2024-07-05
2026-06-11,ORD-105412,C-4591,APAC,Email,Consumer,Accessories,Shield Case,1,204,0.1,183.6,137.89,45.71,19.63,2024-01-14
2026-06-11,ORD-105413,C-4920,EMEA,Email,SMB,Wearables,Nimbus Ring,1,245,0.1,220.5,178.82,41.68,17.62,2025-04-02
2026-06-11,ORD-105414,C-4662,North America,Affiliate,Enterprise,Accessories,Flux Cable,8,93,0,744,456.76,287.24,76.92,2023-10-31
2026-06-11,ORD-105415,C-4667,APAC,Social,Enterprise,Home,Nest Sensor,3,64,0.03,186.24,102.83,83.41,15.11,2024-11-04
2026-06-11,ORD-105416,C-4969,EMEA,Affiliate,SMB,Home,Beacon Lamp,2,192,0,384,288.66,95.34,37.13,2023-10-18
2026-06-11,ORD-105417,C-4367,EMEA,Organic,SMB,Wearables,Aura Watch,2,329,0.1878832116788321,534.37,400.39,133.98,0,2024-11-22
2026-06-11,ORD-105418,C-4446,North America,Organic,Consumer,Home,Beacon Lamp,2,192,0,384,288.66,95.34,0,2023-03-05
2026-06-12,ORD-105419,C-4849,APAC,Email,SMB,Audio,Echo Buds,1,79,0.03,76.63,56.88,19.75,5.5,2023-03-24
2026-06-12,ORD-105420,C-4964,EMEA,Social,Enterprise,Accessories,Flux Cable,2,93,0.02,182.28,114.19,68.09,16.11,2024-10-17
2026-06-12,ORD-105421,C-4465,LATAM,Social,Consumer,Wearables,Pulse Band,2,105,0,210,112.78,97.22,21.58,2023-11-30
2026-06-12,ORD-105422,C-4981,APAC,Organic,Consumer,Wearables,Nimbus Ring,2,245,0,490,357.64,132.36,0,2023-01-22
2026-06-12,ORD-105423,C-4133,EMEA,Social,Enterprise,Audio,Halo Headset,9,125,0,1125,653.6,471.4,110.74,2023-10-29
2026-06-12,ORD-105424,C-4842,APAC,Email,SMB,Wearables,Pulse Band,3,105,0,315,169.17,145.83,19.7,2024-06-17
2026-06-12,ORD-105425,C-4137,APAC,Social,Enterprise,Home,Nest Sensor,3,64,0.1,172.8,102.83,69.97,12.54,2025-08-12
2026-06-12,ORD-105426,C-4986,LATAM,Affiliate,SMB,Wearables,Nimbus Ring,3,245,0.06,690.9,536.46,154.44,72.33,2025-07-15
2026-06-12,ORD-105427,C-4485,EMEA,Organic,Consumer,Wearables,Aura Watch,3,329,0.18828467153284673,801.16,600.73,200.43,0,2023-11-04
2026-06-12,ORD-105428,C-4137,EMEA,Organic,Consumer,Wearables,Aura Watch,2,329,0.26828467153284674,481.47,400.48,80.99,0,2024-06-13
2026-06-12,ORD-105429,C-4893,EMEA,Email,SMB,Audio,Echo Buds,3,79,0,237,170.65,66.35,17.83,2024-09-03
2026-06-12,ORD-105430,C-4893,APAC,Paid Search,Enterprise,Audio,Echo Buds,1,79,0.05135036496350365,74.94,56.88,18.06,14.02,2023-11-13
2026-06-13,ORD-105431,C-4907,APAC,Paid Search,Consumer,Accessories,Orbit Dock,2,208,0.05145985401459854,394.59,239.93,154.66,73.86,2024-11-19
2026-06-13,ORD-105432,C-4770,North America,Social,Consumer,Wearables,Pulse Band,2,105,0.06,197.4,112.78,84.62,15.24,2025-07-13
2026-06-13,ORD-105433,C-4790,APAC,Social,SMB,Wearables,Pulse Band,3,105,0,315,169.17,145.83,30.03,2025-05-13
2026-06-13,ORD-105434,C-4266,LATAM,Paid Search,Consumer,Home,Nest Sensor,1,64,0.05145985401459854,60.71,34.28,26.43,11.36,2024-10-11
2026-06-13,ORD-105435,C-4106,APAC,Social,SMB,Home,Beacon Lamp,1,192,0,192,144.33,47.67,11.97,2024-04-29
2026-06-13,ORD-105436,C-4891,North America,Social,Consumer,Home,Vista Hub,1,214,0.12,188.32,151.52,36.8,17.07,2023-05-10
2026-06-13,ORD-105437,C-4488,North America,Organic,SMB,Home,Beacon Lamp,3,192,0,576,432.99,143.01,0,2025-05-16
2026-06-13,ORD-105438,C-4830,APAC,Paid Search,Consumer,Audio,Echo Buds,3,79,0.08145985401459854,217.69,170.65,47.04,40.75,2023-09-20
2026-06-13,ORD-105439,C-4996,LATAM,Email,Consumer,Wearables,Nimbus Ring,3,245,0.03,712.95,536.46,176.49,61.84,2023-07-18
2026-06-13,ORD-105440,C-4418,North America,Email,Consumer,Wearables,Aura Watch,1,329,0.24868613138686133,247.18,200.29,46.89,24.98,2023-02-18
2026-06-13,ORD-105441,C-4857,EMEA,Affiliate,Consumer,Wearables,Nimbus Ring,3,245,0.07,683.55,536.46,147.09,61.47,2023-08-14
2026-06-13,ORD-105442,C-4569,APAC,Email,Consumer,Wearables,Aura Watch,2,329,0.18868613138686133,533.84,400.57,133.27,47.61,2024-04-30
2026-06-13,ORD-105443,C-4473,North America,Paid Search,Consumer,Accessories,Orbit Dock,3,208,0.05145985401459854,591.89,359.9,231.99,110.8,2023-03-13
2026-06-13,ORD-105444,C-4431,EMEA,Email,SMB,Accessories,Orbit Dock,1,208,0,208,119.97,88.03,12.59,2025-04-28
2026-06-13,ORD-105445,C-4718,EMEA,Paid Search,Consumer,Accessories,Flux Cable,1,93,0.14145985401459854,79.84,57.09,22.75,14.95,2025-03-01
2026-06-13,ORD-105446,C-4869,EMEA,Affiliate,SMB,Home,Vista Hub,2,214,0.05,406.6,303.03,103.57,34.28,2023-05-01
2026-06-13,ORD-105447,C-4377,EMEA,Affiliate,SMB,Audio,Echo Buds,3,79,0.12,208.56,170.65,37.91,19.14,2023-05-27
2026-06-13,ORD-105448,C-4395,LATAM,Affiliate,Consumer,Accessories,Flux Cable,2,93,0,186,114.19,71.81,15.68,2024-11-24
2026-06-14,ORD-105449,C-4382,LATAM,Affiliate,Consumer,Wearables,Nimbus Ring,1,245,0,245,178.82,66.18,26.48,2024-10-05
2026-06-14,ORD-105450,C-4905,APAC,Email,Consumer,Accessories,Shield Case,2,204,0,408,275.78,132.22,36.49,2025-03-21
2026-06-14,ORD-105451,C-4914,North America,Email,Enterprise,Wearables,Aura Watch,4,329,0.1890875912408759,1067.16,801.33,265.83,65.74,2025-06-22
2026-06-14,ORD-105452,C-4145,APAC,Affiliate,Consumer,Home,Beacon Lamp,3,192,0.06,541.44,432.99,108.45,56.22,2024-08-14
2026-06-14,ORD-105453,C-4491,EMEA,Email,Consumer,Accessories,Flux Cable,1,93,0.01,92.07,57.09,34.98,6.25,2023-06-15
2026-06-14,ORD-105454,C-4235,EMEA,Email,Consumer,Home,Beacon Lamp,2,192,0,384,288.66,95.34,41.3,2024-03-30
2026-06-14,ORD-105455,C-4225,APAC,Social,SMB,Home,Beacon Lamp,2,192,0.07,357.12,288.66,68.46,26.19,2023-03-06
2026-06-14,ORD-105456,C-4172,EMEA,Affiliate,Consumer,Accessories,Shield Case,3,204,0.1,550.8,413.67,137.13,44.92,2025-09-08
2026-06-14,ORD-105457,C-4304,EMEA,Email,Enterprise,Home,Beacon Lamp,8,192,0,1536,1154.65,381.35,107.17,2024-04-14
2026-06-14,ORD-105458,C-4574,APAC,Affiliate,SMB,Audio,Halo Headset,1,125,0,125,72.62,52.38,9.99,2023-06-30
2026-06-14,ORD-105459,C-4729,LATAM,Social,Enterprise,Home,Beacon Lamp,7,192,0,1344,1010.32,333.68,110.05,2024-11-08
2026-06-14,ORD-105460,C-4625,North America,Affiliate,Enterprise,Accessories,Shield Case,3,204,0,612,413.67,198.33,61.08,2025-05-15
2026-06-14,ORD-105461,C-4488,North America,Paid Search,Enterprise,Accessories,Orbit Dock,6,208,0.051569343065693427,1183.64,719.8,463.84,221.76,2023-10-19
2026-06-14,ORD-105462,C-4774,LATAM,Paid Search,Enterprise,Accessories,Shield Case,2,204,0.09156934306569342,370.64,275.78,94.86,69.44,2024-02-08
2026-06-14,ORD-105463,C-4692,North America,Email,SMB,Accessories,Orbit Dock,2,208,0,416,239.93,176.07,33.48,2024-11-19
2026-06-15,ORD-105464,C-4725,EMEA,Affiliate,Consumer,Home,Nest Sensor,3,64,0.04,184.32,102.83,81.49,15.03,2023-03-25
2026-06-15,ORD-105465,C-4504,EMEA,Paid Search,Consumer,Accessories,Shield Case,3,204,0.09167883211678832,555.89,413.67,142.22,104.24,2025-03-25
2026-06-15,ORD-105466,C-4883,APAC,Organic,SMB,Home,Beacon Lamp,3,192,0,576,432.99,143.01,0,2024-07-06
2026-06-15,ORD-105467,C-4160,LATAM,Organic,Enterprise,Home,Vista Hub,4,214,0.06,804.64,606.07,198.57,0,2023-02-04
2026-06-15,ORD-105468,C-4628,LATAM,Email,SMB,Wearables,Pulse Band,1,105,0,105,56.39,48.61,6.45,2024-12-01
2026-06-15,ORD-105469,C-4712,LATAM,Email,SMB,Accessories,Orbit Dock,1,208,0.01,205.92,119.97,85.95,15.41,2023-08-23
2026-06-15,ORD-105470,C-4702,North America,Paid Search,SMB,Wearables,Aura Watch,2,329,0.2411678832116788,499.31,400.75,98.56,93.63,2025-02-26
2026-06-15,ORD-105471,C-4993,LATAM,Organic,Enterprise,Accessories,Orbit Dock,2,208,0.11,370.24,239.93,130.31,0,2024-01-22
2026-06-15,ORD-105472,C-4360,North America,Paid Search,Consumer,Audio,Halo Headset,1,125,0.051678832116788316,118.54,72.62,45.92,22.23,2025-04-19
2026-06-15,ORD-105473,C-4427,EMEA,Affiliate,SMB,Home,Nest Sensor,1,64,0.01,63.36,34.28,29.08,4.83,2024-06-25
2026-06-15,ORD-105474,C-4916,North America,Paid Search,SMB,Home,Beacon Lamp,3,192,0.06167883211678832,540.47,432.99,107.48,101.35,2025-01-11
2026-06-15,ORD-105475,C-4563,EMEA,Email,Enterprise,Audio,Echo Buds,1,79,0,79,56.88,22.12,5.33,2025-02-18
2026-06-15,ORD-105476,C-4275,North America,Paid Search,Consumer,Home,Vista Hub,3,214,0.051678832116788316,608.82,454.55,154.27,114.16,2023-09-04
2026-06-15,ORD-105477,C-4320,EMEA,Social,Consumer,Audio,Echo Buds,2,79,0.1,142.2,113.76,28.44,9.87,2025-04-30
2026-06-15,ORD-105478,C-4146,APAC,Email,Consumer,Accessories,Flux Cable,1,93,0,93,57.09,35.91,6.43,2023-05-19
2026-06-15,ORD-105479,C-4992,EMEA,Email,Enterprise,Accessories,Orbit Dock,1,208,0.07,193.44,119.97,73.47,12.4,2024-07-30
2026-06-15,ORD-105480,C-4866,APAC,Social,Consumer,Wearables,Nimbus Ring,2,245,0.13,426.3,357.64,68.66,40.29,2023-07-29
2026-06-15,ORD-105481,C-4792,EMEA,Email,Enterprise,Accessories,Shield Case,4,204,0.14,701.76,551.56,150.2,70.54,2025-07-10
2026-06-15,ORD-105482,C-4873,LATAM,Affiliate,Consumer,Home,Beacon Lamp,2,192,0.06,360.96,288.66,72.3,31.51,2024-05-15
2026-06-16,ORD-105483,C-4692,North America,Organic,SMB,Accessories,Shield Case,2,204,0.07,379.44,275.78,103.66,0,2025-05-18
2026-06-16,ORD-105484,C-4591,North America,Social,Consumer,Home,Nest Sensor,3,64,0.1,172.8,102.83,69.97,12.26,2024-06-17
2026-06-16,ORD-105485,C-4474,APAC,Paid Search,SMB,Wearables,Pulse Band,3,105,0.09178832116788321,286.09,169.17,116.92,53.69,2023-07-13
2026-06-16,ORD-105486,C-4544,LATAM,Affiliate,Consumer,Accessories,Shield Case,3,204,0,612,413.67,198.33,65.68,2023-09-29
2026-06-16,ORD-105487,C-4867,EMEA,Organic,SMB,Wearables,Pulse Band,1,105,0,105,56.39,48.61,0,2023-07-12
2026-06-16,ORD-105488,C-4242,North America,Paid Search,Consumer,Home,Nest Sensor,2,64,0.05178832116788321,121.37,68.56,52.81,22.78,2023-08-27
2026-06-16,ORD-105489,C-4101,APAC,Organic,Enterprise,Audio,Halo Headset,8,125,0,1000,580.98,419.02,0,2024-05-17
2026-06-16,ORD-105490,C-4343,APAC,Paid Search,Enterprise,Wearables,Aura Watch,7,329,0.2416788321167883,1746.41,1402.97,343.44,327.77,2025-02-03
2026-06-16,ORD-105491,C-4729,North America,Email,Consumer,Home,Nest Sensor,3,64,0,192,102.83,89.17,11.9,2023-06-01
2026-06-16,ORD-105492,C-4272,LATAM,Affiliate,SMB,Wearables,Nimbus Ring,2,245,0,490,357.64,132.36,34.24,2023-09-20
2026-06-16,ORD-105493,C-4463,North America,Organic,Enterprise,Wearables,Nimbus Ring,8,245,0.04,1881.6,1430.56,451.04,0,2023-01-15
2026-06-16,ORD-105494,C-4812,EMEA,Email,SMB,Accessories,Orbit Dock,3,208,0.08,574.08,359.9,214.18,37.07,2025-03-09
2026-06-16,ORD-105495,C-4452,APAC,Organic,Enterprise,Accessories,Orbit Dock,2,208,0,416,239.93,176.07,0,2023-01-01
2026-06-16,ORD-105496,C-4229,North America,Social,SMB,Home,Beacon Lamp,2,192,0,384,288.66,95.34,34.3,2023-04-09
2026-06-16,ORD-105497,C-4117,APAC,Paid Search,Enterprise,Home,Beacon Lamp,3,192,0.09178832116788321,523.13,432.99,90.14,98.18,2023-12-25
2026-06-16,ORD-105498,C-4430,LATAM,Email,Enterprise,Audio,Halo Headset,9,125,0,1125,653.6,471.4,120.03,2023-10-19
2026-06-16,ORD-105499,C-4217,EMEA,Social,Consumer,Accessories,Shield Case,1,204,0.14,175.44,137.89,37.55,13.35,2025-06-01
2026-06-16,ORD-105500,C-4889,APAC,Email,Consumer,Accessories,Flux Cable,1,93,0,93,57.09,35.91,8.31,2023-05-25
2026-06-16,ORD-105501,C-4212,EMEA,Email,Consumer,Audio,Halo Headset,1,125,0,125,72.62,52.38,12.98,2023-03-31
2026-06-17,ORD-105502,C-4293,LATAM,Email,Consumer,Home,Nest Sensor,3,64,0,192,102.83,89.17,11.87,2023-05-01
2026-06-17,ORD-105503,C-4959,LATAM,Paid Search,Consumer,Home,Nest Sensor,1,64,0.1418978102189781,54.92,34.28,20.64,10.32,2024-02-18
2026-06-17,ORD-105504,C-4502,EMEA,Affiliate,Enterprise,Accessories,Shield Case,4,204,0,816,551.56,264.44,52.55,2024-02-13
2026-06-17,ORD-105505,C-4579,LATAM,Paid Search,Consumer,Accessories,Shield Case,2,204,0.1118978102189781,362.35,275.78,86.57,68.07,2023-04-26
2026-06-17,ORD-105506,C-4287,EMEA,Paid Search,SMB,Audio,Echo Buds,1,79,0.1518978102189781,67,56.88,10.12,12.59,2023-08-15
2026-06-17,ORD-105507,C-4284,LATAM,Email,Consumer,Home,Vista Hub,2,214,0,428,303.03,124.97,41.77,2025-03-28
2026-06-17,ORD-105508,C-4765,APAC,Paid Search,Enterprise,Home,Nest Sensor,7,64,0.0818978102189781,411.31,239.95,171.36,77.26,2023-03-18
2026-06-17,ORD-105509,C-4746,North America,Organic,Consumer,Audio,Halo Headset,1,125,0.12,110,72.62,37.38,0,2023-03-29
2026-06-17,ORD-105510,C-4345,LATAM,Email,SMB,Audio,Halo Headset,1,125,0,125,72.62,52.38,7.7,2024-07-30
2026-06-17,ORD-105511,C-4433,LATAM,Email,SMB,Wearables,Pulse Band,3,105,0.05,299.25,169.17,130.08,32.55,2025-06-08
2026-06-17,ORD-105512,C-4751,EMEA,Paid Search,Enterprise,Accessories,Orbit Dock,2,208,0.1818978102189781,340.33,239.93,100.4,63.93,2024-02-07
2026-06-17,ORD-105513,C-4693,LATAM,Email,Consumer,Audio,Halo Headset,2,125,0,250,145.24,104.76,25.08,2023-01-15
2026-06-17,ORD-105514,C-4524,APAC,Email,Enterprise,Home,Nest Sensor,3,64,0,192,102.83,89.17,16.34,2024-03-06
2026-06-17,ORD-105515,C-4692,LATAM,Affiliate,SMB,Wearables,Pulse Band,3,105,0,315,169.17,145.83,20.98,2024-07-17
2026-06-17,ORD-105516,C-4415,APAC,Email,Enterprise,Audio,Halo Headset,9,125,0.02,1102.5,653.6,448.9,77.44,2023-06-19
2026-06-17,ORD-105517,C-4150,EMEA,Affiliate,SMB,Audio,Echo Buds,2,79,0,158,113.76,44.24,13.64,2023-09-02
2026-06-17,ORD-105518,C-4552,EMEA,Organic,Consumer,Home,Vista Hub,1,214,0,214,151.52,62.48,0,2024-07-21
2026-06-17,ORD-105519,C-4589,North America,Affiliate,Consumer,Wearables,Nimbus Ring,3,245,0,735,536.46,198.54,47.53,2024-09-26
2026-06-17,ORD-105520,C-4157,EMEA,Affiliate,Enterprise,Accessories,Shield Case,8,204,0,1632,1103.12,528.88,161.61,2024-07-28
2026-06-17,ORD-105521,C-4791,APAC,Paid Search,Consumer,Accessories,Flux Cable,3,93,0.19189781021897812,225.46,171.28,54.18,42.35,2024-06-10
2026-06-17,ORD-105522,C-4779,APAC,Paid Search,Enterprise,Home,Nest Sensor,9,64,0.0518978102189781,546.11,308.5,237.61,102.58,2023-06-26
2026-06-18,ORD-105523,C-4296,LATAM,Social,Consumer,Home,Nest Sensor,1,64,0,64,34.28,29.72,4.44,2024-09-11
2026-06-18,ORD-105524,C-4634,EMEA,Email,Consumer,Wearables,Pulse Band,2,105,0.12,184.8,112.78,72.02,19.33,2024-03-29
2026-06-18,ORD-105525,C-4402,APAC,Email,Enterprise,Accessories,Orbit Dock,4,208,0,832,479.87,352.13,61.79,2025-04-29
2026-06-18,ORD-105526,C-4561,LATAM,Social,Enterprise,Accessories,Orbit Dock,4,208,0,832,479.87,352.13,58.75,2025-04-22
2026-06-18,ORD-105527,C-4337,LATAM,Email,Enterprise,Accessories,Flux Cable,2,93,0,186,114.19,71.81,15.45,2024-05-20
2026-06-18,ORD-105528,C-4516,APAC,Social,Enterprise,Accessories,Shield Case,4,204,0,816,551.56,264.44,71.34,2024-09-27
2026-06-18,ORD-105529,C-4606,APAC,Affiliate,Enterprise,Wearables,Aura Watch,6,329,0.2106934306569343,1558.09,1203.09,355,156.66,2024-01-03
2026-06-18,ORD-105530,C-4602,LATAM,Paid Search,SMB,Audio,Echo Buds,3,79,0.05200729927007299,224.67,170.65,54.02,42.24,2025-03-01
2026-06-18,ORD-105531,C-4173,LATAM,Affiliate,Consumer,Home,Vista Hub,3,214,0.05,609.9,454.55,155.35,61.63,2025-07-24
2026-06-18,ORD-105532,C-4515,LATAM,Affiliate,Enterprise,Accessories,Flux Cable,3,93,0,279,171.28,107.72,20.31,2025-09-08
2026-06-18,ORD-105533,C-4434,APAC,Affiliate,SMB,Home,Nest Sensor,2,64,0,128,68.56,59.44,8.9,2023-12-10
2026-06-18,ORD-105534,C-4738,North America,Email,Consumer,Wearables,Aura Watch,1,329,0.2106934306569343,259.68,200.52,59.16,24.47,2023-02-09
2026-06-18,ORD-105535,C-4804,LATAM,Organic,Enterprise,Home,Nest Sensor,7,64,0,448,239.95,208.05,0,2024-12-15
2026-06-18,ORD-105536,C-4263,EMEA,Organic,SMB,Audio,Echo Buds,2,79,0.07,146.94,113.76,33.18,0,2024-02-22
2026-06-18,ORD-105537,C-4326,North America,Email,SMB,Home,Beacon Lamp,2,192,0.11,341.76,288.66,53.1,30.32,2024-06-01
2026-06-18,ORD-105538,C-4271,EMEA,Organic,SMB,Wearables,Aura Watch,1,329,0.2506934306569343,246.52,200.52,46,0,2023-08-25
2026-06-18,ORD-105539,C-4564,LATAM,Email,Consumer,Audio,Echo Buds,2,79,0.03,153.26,113.76,39.5,10.54,2025-06-12
2026-06-18,ORD-105540,C-4352,EMEA,Organic,Enterprise,Wearables,Nimbus Ring,3,245,0,735,536.46,198.54,0,2023-04-05
2026-06-18,ORD-105541,C-4210,APAC,Email,Enterprise,Accessories,Orbit Dock,9,208,0.04,1797.12,1079.7,717.42,162.69,2025-04-14
2026-06-19,ORD-105542,C-4603,APAC,Social,Consumer,Accessories,Orbit Dock,3,208,0,624,359.9,264.1,62.11,2023-03-07
2026-06-19,ORD-105543,C-4488,EMEA,Social,Consumer,Home,Vista Hub,3,214,0,642,454.55,187.45,38.99,2023-11-01
2026-06-19,ORD-105544,C-4452,APAC,Organic,SMB,Wearables,Nimbus Ring,2,245,0,490,357.64,132.36,0,2025-04-16
2026-06-19,ORD-105545,C-4987,APAC,Organic,Enterprise,Home,Vista Hub,3,214,0.01,635.58,454.55,181.03,0,2025-03-03
2026-06-19,ORD-105546,C-4479,APAC,Paid Search,Enterprise,Wearables,Nimbus Ring,1,245,0.05211678832116788,232.23,178.82,53.41,43.7,2025-09-17
2026-06-19,ORD-105547,C-4182,North America,Affiliate,Enterprise,Home,Beacon Lamp,3,192,0,576,432.99,143.01,52.5,2023-02-06
2026-06-19,ORD-105548,C-4478,EMEA,Paid Search,Consumer,Wearables,Aura Watch,1,329,0.3832116788321168,202.92,200.57,2.35,38.18,2024-02-07
2026-06-19,ORD-105549,C-4479,North America,Organic,Enterprise,Home,Vista Hub,5,214,0.02,1048.6,757.59,291.01,0,2024-09-05
2026-06-19,ORD-105550,C-4957,North America,Affiliate,Consumer,Home,Beacon Lamp,2,192,0.07,357.12,288.66,68.46,26.03,2025-03-05
2026-06-20,ORD-105551,C-4671,APAC,Email,Consumer,Audio,Echo Buds,3,79,0.1,213.3,170.65,42.65,15.92,2024-09-25
2026-06-20,ORD-105552,C-4518,APAC,Affiliate,Consumer,Accessories,Orbit Dock,3,208,0,624,359.9,264.1,67.7,2025-06-28
2026-06-20,ORD-105553,C-4952,LATAM,Affiliate,Enterprise,Wearables,Aura Watch,4,329,0.1914963503649635,1063.99,802.42,261.57,98.85,2025-02-08
2026-06-20,ORD-105554,C-4317,EMEA,Email,Consumer,Audio,Halo Headset,1,125,0.13,108.75,72.62,36.13,8.57,2025-03-28
2026-06-20,ORD-105555,C-4396,APAC,Paid Search,Consumer,Wearables,Pulse Band,3,105,0.16222627737226278,263.9,169.17,94.73,49.7,2025-06-28
2026-06-20,ORD-105556,C-4856,North America,Affiliate,SMB,Home,Vista Hub,1,214,0.05,203.3,151.52,51.78,20.97,2023-12-06
2026-06-20,ORD-105557,C-4151,North America,Organic,SMB,Home,Beacon Lamp,2,192,0,384,288.66,95.34,0,2023-08-06
2026-06-20,ORD-105558,C-4897,APAC,Organic,Consumer,Home,Vista Hub,3,214,0,642,454.55,187.45,0,2024-02-10
2026-06-20,ORD-105559,C-4718,EMEA,Social,SMB,Home,Vista Hub,3,214,0.01,635.58,454.55,181.03,52.72,2023-04-04
2026-06-20,ORD-105560,C-4259,APAC,Email,SMB,Accessories,Orbit Dock,1,208,0,208,119.97,88.03,15.25,2024-02-04
2026-06-20,ORD-105561,C-4360,LATAM,Affiliate,Enterprise,Wearables,Nimbus Ring,7,245,0,1715,1251.74,463.26,185.12,2025-05-08
2026-06-20,ORD-105562,C-4946,LATAM,Social,Consumer,Home,Beacon Lamp,3,192,0.07,535.68,432.99,102.69,58.22,2024-09-17
2026-06-20,ORD-105563,C-4160,EMEA,Organic,Consumer,Wearables,Aura Watch,1,329,0.1914963503649635,266,200.61,65.39,0,2025-08-16
2026-06-20,ORD-105564,C-4288,LATAM,Email,SMB,Accessories,Flux Cable,1,93,0,93,57.09,35.91,6.57,2023-02-28
2026-06-20,ORD-105565,C-4782,EMEA,Email,Consumer,Audio,Halo Headset,3,125,0.05,356.25,217.87,138.38,35.16,2024-02-23
2026-06-21,ORD-105566,C-4591,APAC,Organic,SMB,Wearables,Nimbus Ring,2,245,0,490,357.64,132.36,0,2024-12-07
2026-06-21,ORD-105567,C-4283,LATAM,Email,Enterprise,Audio,Echo Buds,5,79,0,395,284.41,110.59,33.39,2025-02-22
2026-06-21,ORD-105568,C-4627,LATAM,Affiliate,SMB,Audio,Echo Buds,2,79,0.12,139.04,113.76,25.28,13.92,2025-08-09
2026-06-21,ORD-105569,C-4265,LATAM,Email,Enterprise,Home,Beacon Lamp,6,192,0,1152,865.98,286.02,119.55,2023-04-12
2026-06-21,ORD-105570,C-4190,APAC,Organic,Enterprise,Home,Beacon Lamp,8,192,0.03,1489.92,1154.65,335.27,0,2023-07-27
2026-06-21,ORD-105571,C-4767,APAC,Paid Search,Enterprise,Wearables,Aura Watch,2,329,0.24423357664233575,497.29,401.3,95.99,93.74,2023-11-14
2026-06-21,ORD-105572,C-4350,APAC,Social,Enterprise,Wearables,Pulse Band,6,105,0.01,623.7,338.34,285.36,55.68,2023-10-09
2026-06-21,ORD-105573,C-4438,North America,Social,Enterprise,Accessories,Flux Cable,8,93,0.05,706.8,456.76,250.04,57.4,2023-07-20
2026-06-21,ORD-105574,C-4420,LATAM,Email,Enterprise,Wearables,Pulse Band,6,105,0.14,541.8,338.34,203.46,44.69,2024-07-18
2026-06-21,ORD-105575,C-4184,APAC,Organic,Consumer,Accessories,Orbit Dock,1,208,0.07,193.44,119.97,73.47,0,2023-02-24
2026-06-21,ORD-105576,C-4595,North America,Affiliate,SMB,Wearables,Pulse Band,2,105,0,210,112.78,97.22,20.16,2025-05-23
2026-06-21,ORD-105577,C-4681,EMEA,Email,Consumer,Home,Nest Sensor,1,64,0,64,34.28,29.72,6.59,2024-08-29
2026-06-21,ORD-105578,C-4152,LATAM,Organic,Consumer,Accessories,Orbit Dock,1,208,0,208,119.97,88.03,0,2023-11-04
2026-06-21,ORD-105579,C-4427,North America,Organic,Consumer,Audio,Halo Headset,3,125,0,375,217.87,157.13,0,2024-04-05
2026-06-21,ORD-105580,C-4219,LATAM,Email,Consumer,Accessories,Flux Cable,2,93,0.12,163.68,114.19,49.49,14.15,2023-04-15
2026-06-21,ORD-105581,C-4112,APAC,Social,SMB,Accessories,Orbit Dock,1,208,0.08,191.36,119.97,71.39,14.5,2023-01-08
2026-06-21,ORD-105582,C-4441,APAC,Affiliate,Consumer,Home,Nest Sensor,1,64,0.12,56.32,34.28,22.04,4.23,2023-04-30
2026-06-21,ORD-105583,C-4676,LATAM,Email,SMB,Audio,Echo Buds,2,79,0,158,113.76,44.24,13.95,2023-04-04
2026-06-21,ORD-105584,C-4542,EMEA,Organic,SMB,Wearables,Nimbus Ring,2,245,0,490,357.64,132.36,0,2024-08-27
2026-06-21,ORD-105585,C-4537,APAC,Social,Consumer,Accessories,Shield Case,3,204,0,612,413.67,198.33,39.99,2023-05-12
2026-06-21,ORD-105586,C-4192,North America,Email,Consumer,Wearables,Nimbus Ring,2,245,0,490,357.64,132.36,37.85,2024-02-04
2026-06-21,ORD-105587,C-4461,North America,Affiliate,SMB,Audio,Halo Headset,2,125,0,250,145.24,104.76,22.48,2024-04-10
2026-06-22,ORD-105588,C-4306,EMEA,Paid Search,Enterprise,Accessories,Flux Cable,6,93,0.05244525547445255,528.74,342.57,186.17,99.76,2023-06-04
2026-06-22,ORD-105589,C-4301,LATAM,Paid Search,Consumer,Home,Beacon Lamp,3,192,0.05244525547445255,545.79,432.99,112.8,102.97,2023-09-06
2026-06-22,ORD-105590,C-4850,EMEA,Email,SMB,Wearables,Pulse Band,1,105,0,105,56.39,48.61,8.94,2024-02-05
2026-06-22,ORD-105591,C-4778,North America,Organic,SMB,Home,Beacon Lamp,1,192,0,192,144.33,47.67,0,2023-05-18
2026-06-22,ORD-105592,C-4695,LATAM,Email,Enterprise,Audio,Halo Headset,6,125,0,750,435.73,314.27,49.4,2024-08-30
2026-06-22,ORD-105593,C-4543,LATAM,Social,Consumer,Home,Nest Sensor,2,64,0,128,68.56,59.44,10.06,2023-09-14
2026-06-22,ORD-105594,C-4366,LATAM,Affiliate,Enterprise,Accessories,Orbit Dock,4,208,0.09,757.12,479.87,277.25,48.02,2025-01-08
2026-06-22,ORD-105595,C-4306,APAC,Paid Search,Enterprise,Audio,Halo Headset,3,125,0.14244525547445255,321.58,217.87,103.71,60.67,2025-06-26
2026-06-22,ORD-105596,C-4137,LATAM,Affiliate,Consumer,Home,Beacon Lamp,3,192,0,576,432.99,143.01,49.99,2025-03-27
2026-06-22,ORD-105597,C-4197,EMEA,Social,Consumer,Accessories,Shield Case,2,204,0.07,379.44,275.78,103.66,24.54,2023-01-15
2026-06-22,ORD-105598,C-4638,APAC,Email,SMB,Audio,Echo Buds,2,79,0.11,140.62,113.76,26.86,10.15,2023-04-17
2026-06-22,ORD-105599,C-4527,North America,Affiliate,Enterprise,Accessories,Shield Case,8,204,0.07,1517.76,1103.12,414.64,107.87,2023-12-19
2026-06-22,ORD-105600,C-4159,North America,Social,Enterprise,Home,Vista Hub,2,214,0.05,406.6,303.03,103.57,27.59,2024-11-05
2026-06-22,ORD-105601,C-4221,North America,Paid Search,SMB,Accessories,Flux Cable,1,93,0.10244525547445255,83.47,57.09,26.38,15.75,2023-10-09
2026-06-22,ORD-105602,C-4208,APAC,Paid Search,SMB,Accessories,Flux Cable,1,93,0.12244525547445256,81.61,57.09,24.52,15.4,2024-11-07
2026-06-22,ORD-105603,C-4975,LATAM,Affiliate,SMB,Audio,Halo Headset,1,125,0,125,72.62,52.38,8.78,2025-09-06
2026-06-22,ORD-105604,C-4409,EMEA,Email,Consumer,Accessories,Orbit Dock,1,208,0,208,119.97,88.03,21.5,2023-09-24
2026-06-22,ORD-105605,C-4887,LATAM,Paid Search,Consumer,Home,Vista Hub,3,214,0.15244525547445256,544.13,454.55,89.58,102.66,2023-11-15
2026-06-22,ORD-105606,C-4607,North America,Paid Search,SMB,Wearables,Pulse Band,2,105,0.08244525547445256,192.69,112.78,79.91,36.35,2024-02-17
2026-06-22,ORD-105607,C-4929,North America,Paid Search,Consumer,Accessories,Shield Case,1,204,0.05244525547445255,193.3,137.89,55.41,36.47,2024-08-16
2026-06-22,ORD-105608,C-4983,LATAM,Affiliate,SMB,Home,Nest Sensor,3,64,0,192,102.83,89.17,18.73,2025-06-20
2026-06-22,ORD-105609,C-4697,EMEA,Organic,SMB,Home,Vista Hub,1,214,0.09,194.74,151.52,43.22,0,2024-05-31
2026-06-23,ORD-105610,C-4320,LATAM,Social,Enterprise,Wearables,Aura Watch,1,329,0.19270072992700732,265.6,200.75,64.85,25.98,2025-01-05
2026-06-23,ORD-105611,C-4453,North America,Affiliate,Consumer,Audio,Echo Buds,3,79,0,237,170.65,66.35,20.04,2025-01-23
2026-06-23,ORD-105612,C-4819,LATAM,Affiliate,Enterprise,Wearables,Pulse Band,8,105,0,840,451.12,388.88,84.12,2025-06-08
2026-06-23,ORD-105613,C-4206,North America,Paid Search,SMB,Home,Vista Hub,1,214,0.052554744525547446,202.75,151.52,51.23,38.29,2023-02-16
2026-06-23,ORD-105614,C-4140,APAC,Social,Consumer,Audio,Halo Headset,2,125,0,250,145.24,104.76,22.38,2023-10-05
2026-06-23,ORD-105615,C-4912,APAC,Organic,Enterprise,Accessories,Shield Case,6,204,0,1224,827.34,396.66,0,2024-06-10
2026-06-23,ORD-105616,C-4193,North America,Affiliate,Consumer,Wearables,Pulse Band,2,105,0,210,112.78,97.22,13.62,2023-09-11
2026-06-23,ORD-105617,C-4199,LATAM,Email,SMB,Audio,Halo Headset,1,125,0,125,72.62,52.38,13.01,2025-09-06
2026-06-23,ORD-105618,C-4759,LATAM,Email,Consumer,Wearables,Aura Watch,1,329,0.33270072992700733,219.54,200.75,18.79,16.23,2025-05-19
2026-06-23,ORD-105619,C-4351,LATAM,Social,Consumer,Accessories,Shield Case,2,204,0,408,275.78,132.22,43.06,2023-06-08
2026-06-23,ORD-105620,C-4948,APAC,Organic,Consumer,Wearables,Nimbus Ring,3,245,0.06,690.9,536.46,154.44,0,2023-03-13
2026-06-23,ORD-105621,C-4445,North America,Organic,Enterprise,Accessories,Orbit Dock,2,208,0,416,239.93,176.07,0,2024-03-05
2026-06-23,ORD-105622,C-4456,EMEA,Social,Consumer,Home,Nest Sensor,2,64,0,128,68.56,59.44,12.07,2025-08-24
2026-06-23,ORD-105623,C-4375,North America,Email,SMB,Accessories,Flux Cable,1,93,0.04,89.28,57.09,32.19,5.59,2024-04-07
2026-06-23,ORD-105624,C-4481,APAC,Organic,Enterprise,Accessories,Shield Case,1,204,0.04,195.84,137.89,57.95,0,2025-05-18
2026-06-24,ORD-105625,C-4581,LATAM,Organic,SMB,Accessories,Orbit Dock,3,208,0.14,536.64,359.9,176.74,0,2023-08-10
2026-06-24,ORD-105626,C-4444,EMEA,Email,Consumer,Audio,Echo Buds,1,79,0,79,56.88,22.12,6.19,2024-02-04
2026-06-24,ORD-105627,C-4717,North America,Paid Search,Enterprise,Home,Vista Hub,5,214,0.15266423357664233,906.65,757.59,149.06,171.35,2025-08-15
2026-06-24,ORD-105628,C-4772,APAC,Social,SMB,Audio,Echo Buds,3,79,0.09,215.67,170.65,45.02,16.63,2025-01-06
2026-06-24,ORD-105629,C-4378,North America,Organic,Consumer,Home,Nest Sensor,2,64,0.08,117.76,68.56,49.2,0,2024-06-22
2026-06-24,ORD-105630,C-4185,EMEA,Paid Search,Enterprise,Accessories,Shield Case,2,204,0.052664233576642336,386.51,275.78,110.73,73.05,2023-06-03
2026-06-24,ORD-105631,C-4984,APAC,Organic,Consumer,Audio,Echo Buds,2,79,0.04,151.68,113.76,37.92,0,2023-06-22
2026-06-24,ORD-105632,C-4422,EMEA,Organic,Consumer,Accessories,Orbit Dock,3,208,0,624,359.9,264.1,0,2025-07-29
2026-06-24,ORD-105633,C-4328,North America,Social,Consumer,Accessories,Flux Cable,2,93,0.03,180.42,114.19,66.23,19.7,2024-05-03
2026-06-24,ORD-105634,C-4222,LATAM,Paid Search,Consumer,Home,Vista Hub,1,214,0.11266423357664233,189.89,151.52,38.37,35.89,2025-07-05
2026-06-24,ORD-105635,C-4803,North America,Organic,Enterprise,Home,Nest Sensor,8,64,0,512,274.22,237.78,0,2023-07-15
2026-06-24,ORD-105636,C-4261,North America,Paid Search,SMB,Home,Vista Hub,2,214,0.06266423357664233,401.18,303.03,98.15,75.82,2024-05-26
2026-06-24,ORD-105637,C-4295,LATAM,Email,Consumer,Audio,Echo Buds,1,79,0,79,56.88,22.12,7.23,2024-05-10
2026-06-24,ORD-105638,C-4875,North America,Organic,Consumer,Accessories,Shield Case,2,204,0,408,275.78,132.22,0,2023-01-29
2026-06-24,ORD-105639,C-4342,EMEA,Social,SMB,Wearables,Aura Watch,3,329,0.2631021897810219,727.32,602.37,124.95,44.07,2025-07-27
2026-06-24,ORD-105640,C-4779,APAC,Social,Enterprise,Home,Nest Sensor,5,64,0.12,281.6,171.39,110.21,27.65,2025-05-24
2026-06-25,ORD-105641,C-4143,North America,Organic,Consumer,Wearables,Pulse Band,3,105,0,315,169.17,145.83,0,2024-04-14
2026-06-25,ORD-105642,C-4404,North America,Paid Search,Enterprise,Audio,Halo Headset,3,125,0.052773722627737225,355.21,217.87,137.34,67.19,2023-01-28
2026-06-25,ORD-105643,C-4476,North America,Organic,Consumer,Audio,Halo Headset,2,125,0,250,145.24,104.76,0,2025-07-16
2026-06-25,ORD-105644,C-4957,APAC,Organic,Consumer,Accessories,Shield Case,3,204,0,612,413.67,198.33,0,2023-11-24
2026-06-25,ORD-105645,C-4784,APAC,Email,SMB,Accessories,Shield Case,1,204,0.13,177.48,137.89,39.59,11.4,2025-08-29
2026-06-25,ORD-105646,C-4354,North America,Affiliate,Consumer,Audio,Halo Headset,2,125,0,250,145.24,104.76,,2023-09-21
2026-06-25,ORD-105647,C-4566,North America,Email,Consumer,Accessories,Shield Case,3,204,0.09,556.92,413.67,143.25,60.17,2025-08-19
2026-06-25,ORD-105648,C-4169,APAC,Email,Consumer,Audio,Halo Headset,1,125,0,125,72.62,52.38,11.71,2024-07-22
2026-06-25,ORD-105649,C-4941,EMEA,Affiliate,SMB,Home,Vista Hub,2,214,0.06,402.32,303.03,99.29,30.23,2025-05-06
2026-06-25,ORD-105650,C-4701,North America,Paid Search,Enterprise,Audio,Echo Buds,9,79,0.052773722627737225,673.48,511.94,161.54,127.4,2023-09-23
2026-06-25,ORD-105651,C-4324,North America,Affiliate,Consumer,Wearables,Pulse Band,3,105,0.01,311.85,169.17,142.68,25.67,2024-08-11
2026-06-25,ORD-105652,C-4934,APAC,Organic,Consumer,Wearables,Nimbus Ring,3,245,0,735,536.46,198.54,0,2025-08-20
2026-06-25,ORD-105653,C-4643,North America,Affiliate,Enterprise,Wearables,Nimbus Ring,5,245,0,1225,894.1,330.9,123.33,2023-01-15
2026-06-25,ORD-105654,C-4214,North America,Email,Enterprise,Wearables,Pulse Band,2,105,0,210,112.78,97.22,20.4,2023-06-18
2026-06-25,ORD-105655,C-4903,LATAM,Email,Enterprise,Accessories,Orbit Dock,5,208,0.12,915.2,599.83,315.37,56.47,2025-01-14
2026-06-25,ORD-105656,C-4476,North America,Social,Enterprise,Accessories,Flux Cable,4,93,0.12,327.36,228.38,98.98,20.65,2023-02-14
2026-06-25,ORD-105657,C-4119,North America,Paid Search,Enterprise,Wearables,Pulse Band,8,105,0.052773722627737225,795.67,451.12,344.55,150.51,2023-04-18
2026-06-25,ORD-105658,C-4602,EMEA,Affiliate,SMB,Accessories,Shield Case,2,204,0.02,399.84,275.78,124.06,38.72,2024-07-11
2026-06-25,ORD-105659,C-4603,North America,Email,SMB,Wearables,Pulse Band,2,105,0,210,112.78,97.22,12.68,2024-04-16
2026-06-25,ORD-105660,C-4144,LATAM,Paid Search,Enterprise,Accessories,Shield Case,8,204,0.052773722627737225,1545.87,1103.12,442.75,292.42,2023-11-23
2026-06-25,ORD-105661,C-4112,LATAM,Organic,SMB,Wearables,Pulse Band,2,105,0,210,112.78,97.22,0,2025-04-22
2026-06-25,ORD-105662,C-4382,EMEA,Social,Enterprise,Audio,Halo Headset,3,125,0,375,217.87,157.13,36.16,2024-01-17
2026-06-25,ORD-105663,C-4465,North America,Organic,SMB,Wearables,Nimbus Ring,2,245,0,490,357.64,132.36,0,2023-09-07
2026-06-26,ORD-105664,C-4770,LATAM,Organic,Consumer,Accessories,Flux Cable,1,93,0.01,92.07,57.09,34.98,0,2024-11-03
2026-06-26,ORD-105665,C-4837,EMEA,Email,SMB,Home,Beacon Lamp,2,192,0.06,360.96,288.66,72.3,25.63,2023-10-24
2026-06-26,ORD-105666,C-4534,APAC,Organic,SMB,Home,Vista Hub,1,214,0.07,199.02,151.52,47.5,0,2023-03-02
2026-06-26,ORD-105667,C-4479,North America,Organic,Enterprise,Audio,Echo Buds,7,79,0,553,398.17,154.83,0,2025-09-06
2026-06-26,ORD-105668,C-4365,APAC,Email,SMB,Home,Nest Sensor,2,64,0,128,68.56,59.44,14.04,2024-09-17
2026-06-26,ORD-105669,C-4941,LATAM,Organic,SMB,Wearables,Aura Watch,3,329,0.1939051094890511,795.62,602.64,192.98,0,2023-07-18
2026-06-26,ORD-105670,C-4246,LATAM,Social,SMB,Wearables,Pulse Band,1,105,0,105,56.39,48.61,8.55,2024-01-27
2026-06-26,ORD-105671,C-4690,APAC,Email,Consumer,Wearables,Pulse Band,3,105,0.08,289.8,169.17,120.63,31.08,2024-01-13
2026-06-26,ORD-105672,C-4629,LATAM,Social,SMB,Wearables,Pulse Band,2,105,0.12,184.8,112.78,72.02,15.99,2024-07-29
2026-06-26,ORD-105673,C-4861,LATAM,Affiliate,Enterprise,Accessories,Flux Cable,4,93,0.06,349.68,228.38,121.3,37.01,2024-04-04
2026-06-26,ORD-105674,C-4269,EMEA,Email,Enterprise,Accessories,Flux Cable,5,93,0,465,285.47,179.53,43.82,2025-02-08
2026-06-26,ORD-105675,C-4647,APAC,Paid Search,SMB,Wearables,Pulse Band,3,105,0.11288321167883211,279.44,169.17,110.27,52.9,2024-03-06
2026-06-27,ORD-105676,C-4511,APAC,Paid Search,Consumer,Accessories,Shield Case,3,204,0.08299270072992701,561.21,413.67,147.54,106.34,2024-11-14
2026-06-27,ORD-105677,C-4849,APAC,Social,Consumer,Accessories,Flux Cable,2,93,0.01,184.14,114.19,69.95,15.25,2024-03-06
2026-06-27,ORD-105678,C-4196,North America,Organic,Enterprise,Wearables,Pulse Band,7,105,0.12,646.8,394.73,252.07,0,2024-02-14
2026-06-27,ORD-105679,C-4228,North America,Social,SMB,Wearables,Nimbus Ring,2,245,0,490,357.64,132.36,35.43,2025-07-12
2026-06-27,ORD-105680,C-4302,North America,Email,Enterprise,Wearables,Nimbus Ring,8,245,0,1960,1430.56,529.44,162.89,2024-06-15
2026-06-27,ORD-105681,C-4948,APAC,Affiliate,SMB,Audio,Halo Headset,1,125,0,125,72.62,52.38,9.51,2024-01-23
2026-06-27,ORD-105682,C-4298,North America,Affiliate,Consumer,Home,Beacon Lamp,2,192,0,384,288.66,95.34,28.2,2023-10-06
2026-06-27,ORD-105683,C-4825,EMEA,Email,Enterprise,Wearables,Pulse Band,5,105,0,525,281.95,243.05,31.66,2024-10-17
2026-06-27,ORD-105684,C-4999,EMEA,Social,SMB,Accessories,Shield Case,2,204,0.14,350.88,275.78,75.1,24.74,2025-04-15
2026-06-28,ORD-105685,C-4386,LATAM,Affiliate,SMB,Home,Nest Sensor,2,64,0,128,68.56,59.44,13.92,2023-11-19
2026-06-28,ORD-105686,C-4424,EMEA,Social,Enterprise,Audio,Halo Headset,6,125,0,750,435.73,314.27,73.38,2023-02-23
2026-06-28,ORD-105687,,EMEA,Affiliate,SMB,Wearables,Pulse Band,3,105,0.02,308.7,169.17,139.53,28.05,2024-08-19
2026-06-28,ORD-105688,C-4919,APAC,Paid Search,SMB,Wearables,Aura Watch,2,329,0.29781021897810217,462.04,401.94,60.1,87.63,2024-03-06
2026-06-28,ORD-105689,C-4691,EMEA,Paid Search,Enterprise,Audio,Halo Headset,2,125,0.053102189781021894,236.72,145.24,91.48,44.89,2023-07-05
2026-06-28,ORD-105690,C-4417,North America,Paid Search,SMB,Audio,Echo Buds,2,79,0.1631021897810219,132.23,113.76,18.47,25.08,2025-01-18
2026-06-28,ORD-105691,C-4437,EMEA,Email,Consumer,Wearables,Pulse Band,2,105,0.1,189,112.78,76.22,14.31,2023-09-21
2026-06-28,ORD-105692,C-4965,APAC,Affiliate,Consumer,Audio,Echo Buds,1,79,0.06,74.26,56.88,17.38,6.34,2023-10-12
2026-06-28,ORD-105693,C-4930,North America,Paid Search,Enterprise,Wearables,Nimbus Ring,4,245,0.053102189781021894,927.96,715.28,212.68,175.99,2023-06-05
2026-06-28,ORD-105694,C-4973,LATAM,Social,Enterprise,Accessories,Shield Case,3,204,0,612,413.67,198.33,45.86,2023-10-27
2026-06-28,ORD-105695,C-4337,APAC,Affiliate,Enterprise,Home,Nest Sensor,9,64,0,576,308.5,267.5,45.39,2024-12-21
2026-06-28,ORD-105696,C-4350,APAC,Affiliate,SMB,Audio,Halo Headset,3,125,0,375,217.87,157.13,32.91,2025-03-12
2026-06-28,ORD-105697,C-4828,APAC,Paid Search,Consumer,Accessories,Orbit Dock,3,208,0.053102189781021894,590.86,359.9,230.96,112.06,2025-05-10
2026-06-28,ORD-105698,C-4926,North America,Social,Consumer,Accessories,Orbit Dock,2,208,0.09,378.56,239.93,138.63,25.34,2023-08-03
2026-06-28,ORD-105699,C-4368,APAC,Email,Enterprise,Accessories,Orbit Dock,4,208,0.15,707.2,479.87,227.33,70.3,2023-12-27
2026-06-28,ORD-105700,C-4415,LATAM,Affiliate,Enterprise,Audio,Halo Headset,4,125,0,500,290.49,209.51,42.79,2023-12-14
2026-06-28,ORD-105701,C-4736,LATAM,Affiliate,Enterprise,Accessories,Orbit Dock,6,208,0.02,1223.04,719.8,503.24,106.72,2024-11-10
2026-06-28,ORD-105702,C-4328,EMEA,Organic,SMB,Wearables,Aura Watch,3,329,0.2747080291970803,715.86,602.92,112.94,0,2023-12-25
2026-06-28,ORD-105703,C-4895,North America,Organic,Enterprise,Home,Nest Sensor,1,64,0,64,34.28,29.72,0,2023-07-20
2026-06-29,ORD-105704,C-4407,EMEA,Organic,Enterprise,Home,Beacon Lamp,8,192,0,1536,1154.65,381.35,0,2024-05-31
2026-06-29,ORD-105705,C-4648,North America,Email,Enterprise,Home,Vista Hub,3,214,0,642,454.55,187.45,47.62,2024-10-18
2026-06-29,ORD-105706,C-4441,EMEA,Social,Consumer,Audio,Halo Headset,3,125,0,375,217.87,157.13,,2023-03-24
2026-06-29,ORD-105707,C-4672,APAC,Organic,SMB,Wearables,Pulse Band,1,105,0,105,56.39,48.61,0,2024-10-02
2026-06-29,ORD-105708,C-4455,EMEA,Social,Enterprise,Wearables,Aura Watch,5,329,0.19510948905109488,1324.04,1005.09,318.95,122.69,2023-11-28
2026-06-29,ORD-105709,C-4981,North America,Social,Enterprise,Accessories,Orbit Dock,6,208,0.04,1198.08,719.8,478.28,85.97,2023-08-14
2026-06-29,ORD-105710,C-4881,EMEA,Paid Search,SMB,Home,Nest Sensor,1,64,0.08321167883211678,58.67,34.28,24.39,11.14,2024-07-22
2026-06-29,ORD-105711,C-4787,North America,Affiliate,Consumer,Wearables,Pulse Band,3,105,0,315,169.17,145.83,32.11,2023-01-18
2026-06-29,ORD-105712,C-4665,LATAM,Organic,SMB,Wearables,Aura Watch,1,329,0.19510948905109488,264.81,201.02,63.79,0,2025-05-20
2026-06-29,ORD-105713,C-4904,EMEA,Social,Enterprise,Wearables,Nimbus Ring,6,245,0,1470,1072.92,397.08,101.83,2024-08-05
2026-06-29,ORD-105714,C-4861,LATAM,Organic,SMB,Audio,Echo Buds,1,79,0,79,56.88,22.12,0,2025-01-09
2026-06-29,ORD-105715,C-4670,EMEA,Email,Enterprise,Wearables,Aura Watch,8,329,0.19510948905109488,2118.47,1608.13,510.34,181.39,2024-01-26
2026-06-29,ORD-105716,C-4755,LATAM,Paid Search,Consumer,Home,Beacon Lamp,2,192,0.053211678832116784,363.57,288.66,74.91,69.01,2025-02-08
2026-06-29,ORD-105717,C-4150,North America,Paid Search,Consumer,Home,Vista Hub,3,214,0.053211678832116784,607.84,454.55,153.29,115.38,2025-08-21
2026-06-29,ORD-105718,C-4322,LATAM,Organic,Consumer,Wearables,Aura Watch,1,329,0.19510948905109488,264.81,201.02,63.79,0,2023-01-22
2026-06-29,ORD-105719,C-4366,EMEA,Email,SMB,Home,Beacon Lamp,1,192,0,192,144.33,47.67,20.12,2024-08-25
2026-06-29,ORD-105720,C-4568,LATAM,Social,Enterprise,Audio,Halo Headset,7,125,0.05,831.25,508.35,322.9,65.07,2024-02-20
2026-06-29,ORD-105721,C-4837,APAC,Email,SMB,Wearables,Aura Watch,1,329,0.30510948905109486,228.62,201.02,27.6,15.46,2025-01-09
2026-06-29,ORD-105722,C-4473,EMEA,Email,Consumer,Accessories,Flux Cable,3,93,0.04,267.84,171.28,96.56,17.8,2024-03-19
2026-06-30,ORD-105723,C-4449,LATAM,Email,Consumer,Home,Nest Sensor,1,64,0.07,59.52,34.28,25.24,3.86,2023-06-19
2026-06-30,ORD-105724,C-4351,EMEA,Paid Search,Enterprise,Wearables,Aura Watch,2,329,0.24883211678832118,494.27,402.12,92.15,93.9,2024-07-18
2026-06-30,ORD-105725,C-4446,North America,Paid Search,SMB,Audio,Echo Buds,2,79,0.15332116788321168,133.78,113.76,20.02,25.42,2024-03-24
2026-06-30,ORD-105726,C-4232,APAC,Organic,Enterprise,Wearables,Pulse Band,3,105,0.01,311.85,169.17,142.68,0,2025-09-18
2026-06-30,ORD-105727,C-4960,EMEA,Paid Search,Enterprise,Home,Vista Hub,4,214,0.05332116788321168,810.36,606.07,204.29,153.95,2025-06-12
2026-06-30,ORD-105728,C-4565,EMEA,Organic,SMB,Audio,Halo Headset,3,125,0.01,371.25,217.87,153.38,0,2023-09-22
2026-06-30,ORD-105729,C-4188,APAC,Email,Consumer,Accessories,Shield Case,1,204,0,204,137.89,66.11,22.12,2025-05-11
2026-06-30,ORD-105730,C-4370,LATAM,Paid Search,Consumer,Audio,Echo Buds,2,79,0.17332116788321167,130.62,113.76,16.86,24.82,2025-08-16
2026-06-30,ORD-105731,C-4130,EMEA,Organic,Enterprise,Accessories,Flux Cable,9,93,0,837,513.85,323.15,0,2025-04-04
2026-06-30,ORD-105732,C-4865,North America,Email,Consumer,Accessories,Orbit Dock,3,208,0.14,536.64,359.9,176.74,56.5,2024-03-30
2026-06-30,ORD-105733,C-4493,LATAM,Affiliate,Enterprise,Wearables,Aura Watch,1,329,0.1955109489051095,264.68,201.07,63.61,21.37,2023-12-03
2026-06-30,ORD-105734,C-4698,APAC,Affiliate,SMB,Accessories,Shield Case,2,204,0,408,275.78,132.22,32.88,2024-08-08
2026-06-30,ORD-105735,C-4672,LATAM,Paid Search,SMB,Accessories,Orbit Dock,2,208,0.05332116788321168,393.82,239.93,153.89,74.82,2024-11-02
2026-06-30,ORD-105736,C-4101,LATAM,Affiliate,SMB,Accessories,Flux Cable,1,93,0.04,89.28,57.09,32.19,8.38,2024-08-03
2026-06-30,ORD-105737,C-4623,North America,Email,Consumer,Accessories,Flux Cable,1,93,0.01,92.07,57.09,34.98,9.81,2023-12-25
2026-06-30,ORD-105738,C-4749,EMEA,Organic,SMB,Accessories,Shield Case,1,204,0,204,137.89,66.11,0,2025-07-31
2026-06-30,ORD-105739,C-4255,EMEA,Paid Search,Enterprise,Accessories,Flux Cable,4,93,0.05332116788321168,352.16,228.38,123.78,66.9,2024-07-11
2026-06-30,ORD-105740,C-4131,LATAM,Email,SMB,Home,Beacon Lamp,1,192,0,192,144.33,47.67,14.31,2023-10-31
2026-06-30,ORD-105741,C-4661,LATAM,Affiliate,Enterprise,Home,Vista Hub,9,214,0,1926,1363.66,562.34,144.71,2024-01-10
2026-06-30,ORD-105742,C-4622,APAC,Affiliate,Enterprise,Audio,Halo Headset,2,125,0,250,145.24,104.76,26.26,2025-01-12
2026-06-30,ORD-105743,C-4987,EMEA,Email,SMB,Home,Vista Hub,3,214,0.01,635.58,454.55,181.03,48.07,2025-08-05
2026-06-30,ORD-105744,C-4385,APAC,Email,Consumer,Home,Beacon Lamp,3,192,0,576,432.99,143.01,53.05,2024-10-09
2026-06-30,ORD-105745,C-4890,LATAM,Social,Enterprise,Audio,Halo Headset,5,125,0.05,593.75,363.11,230.64,64.16,2023-04-09
2026-07-01,ORD-105746,C-4116,North America,Organic,Consumer,Home,Beacon Lamp,3,192,0.03,558.72,432.99,125.73,0,2023-09-18
2026-07-01,ORD-105747,C-4237,LATAM,Social,Consumer,Accessories,Shield Case,1,204,0,204,137.89,66.11,13.78,2025-01-05
2026-07-01,ORD-105748,C-4556,LATAM,Email,Consumer,Home,Nest Sensor,3,64,0.04,184.32,102.83,81.49,19.46,2024-11-10
2026-07-01,ORD-105749,C-4304,EMEA,Organic,Consumer,Wearables,Nimbus Ring,3,245,0.14,632.1,536.46,95.64,0,2024-10-12
2026-07-01,ORD-105750,C-4485,LATAM,Social,SMB,Wearables,Nimbus Ring,3,245,0,735,536.46,198.54,72.75,2024-02-15
2026-07-01,ORD-105751,C-4830,EMEA,Affiliate,Enterprise,Home,Nest Sensor,4,64,0.06,240.64,137.11,103.53,25.28,2023-12-27
2026-07-01,ORD-105752,C-4102,EMEA,Organic,Enterprise,Wearables,Aura Watch,3,329,0.1959124087591241,793.63,603.33,190.3,0,2023-09-06
2026-07-01,ORD-105753,C-4839,LATAM,Paid Search,Enterprise,Wearables,Aura Watch,2,329,0.24934306569343068,493.93,402.22,91.71,93.92,2023-03-12
2026-07-01,ORD-105754,C-4124,LATAM,Email,Enterprise,Wearables,Pulse Band,4,105,0,420,225.56,194.44,28.11,2024-01-06
2026-07-01,ORD-105755,C-4406,North America,Affiliate,SMB,Home,Beacon Lamp,3,192,0,576,432.99,143.01,43.84,2023-10-21
2026-07-01,ORD-105756,C-4912,EMEA,Email,SMB,Home,Nest Sensor,2,64,0.07,119.04,68.56,50.48,11.52,2025-04-26
2026-07-01,ORD-105757,C-4320,LATAM,Email,Enterprise,Audio,Echo Buds,3,79,0,237,170.65,66.35,16.85,2024-03-13
2026-07-01,ORD-105758,C-4386,LATAM,Email,Enterprise,Accessories,Shield Case,6,204,0.15,1040.4,827.34,213.06,79.81,2024-06-17
2026-07-01,ORD-105759,C-4506,EMEA,Social,Enterprise,Accessories,Orbit Dock,1,208,0.04,199.68,119.97,79.71,15.85,2023-09-01
2026-07-01,ORD-105760,C-4430,EMEA,Email,SMB,Accessories,Orbit Dock,2,208,0,416,239.93,176.07,44.82,2023-02-24
2026-07-02,ORD-105761,C-4249,North America,Organic,Consumer,Home,Vista Hub,1,214,0,214,151.52,62.48,0,2024-04-08
2026-07-02,ORD-105762,C-4719,EMEA,Affiliate,Consumer,Accessories,Shield Case,1,204,0.13,177.48,137.89,39.59,13.32,2024-08-21
2026-07-02,ORD-105763,C-4233,LATAM,Organic,Enterprise,Accessories,Flux Cable,7,93,0.07,605.43,399.66,205.77,0,2025-06-23
2026-07-02,ORD-105764,C-4937,North America,Paid Search,Enterprise,Audio,Echo Buds,1,79,0.05354014598540146,74.77,56.88,17.89,14.23,2023-08-19
2026-07-02,ORD-105765,C-4350,APAC,Social,Enterprise,Accessories,Shield Case,2,204,0.1,367.2,275.78,91.42,38.45,2024-11-21
2026-07-02,ORD-105766,C-4972,APAC,,Enterprise,Accessories,Orbit Dock,3,208,0,624,359.9,264.1,38.69,2023-09-07
2026-07-02,ORD-105767,C-4381,LATAM,Email,SMB,Audio,Echo Buds,1,79,0,79,56.88,22.12,8.58,2024-08-14
2026-07-02,ORD-105768,C-4564,LATAM,Email,SMB,Audio,Halo Headset,2,125,0,250,145.24,104.76,18.77,2024-12-29
2026-07-02,ORD-105769,C-4799,EMEA,Paid Search,Enterprise,Audio,Halo Headset,4,125,0.05354014598540146,473.23,290.49,182.74,90.06,2023-06-09
2026-07-02,ORD-105770,C-4681,EMEA,Organic,Consumer,Accessories,Orbit Dock,3,208,0.1,561.6,359.9,201.7,0,2024-12-14
2026-07-02,ORD-105771,C-4706,LATAM,Social,Consumer,Accessories,Shield Case,3,204,0.14,526.32,413.67,112.65,49.06,2025-03-15
2026-07-02,ORD-105772,C-4186,LATAM,Paid Search,Consumer,Home,Nest Sensor,2,64,0.05354014598540146,121.15,68.56,52.59,23.06,2025-06-14
2026-07-02,ORD-105773,C-4543,North America,Organic,SMB,Wearables,Pulse Band,2,105,0,210,112.78,97.22,0,2025-01-02
2026-07-02,ORD-105774,C-4536,LATAM,Paid Search,Consumer,Accessories,Shield Case,3,204,0.05354014598540146,579.23,413.67,165.56,110.23,2024-06-11
2026-07-02,ORD-105775,C-4156,LATAM,Email,SMB,Home,Beacon Lamp,2,192,0.04,368.64,288.66,79.98,23.4,2024-02-21
2026-07-02,ORD-105776,C-4218,APAC,Social,Consumer,Wearables,Nimbus Ring,3,245,0,735,536.46,198.54,46.93,2024-12-24
2026-07-02,ORD-105777,C-4506,APAC,Email,Enterprise,Audio,Echo Buds,2,79,0,158,113.76,44.24,13.83,2025-01-02
2026-07-02,ORD-105778,C-4544,APAC,Paid Search,Enterprise,Accessories,Orbit Dock,9,208,0.05354014598540146,1771.77,1079.7,692.07,337.19,2024-09-02
2026-07-03,ORD-105779,C-4204,EMEA,Social,Enterprise,Home,Vista Hub,5,214,0.05,1016.5,757.59,258.91,80.09,2025-06-22
2026-07-03,ORD-105780,C-4447,LATAM,Social,Enterprise,Home,Nest Sensor,5,64,0.03,310.4,171.39,139.01,24.06,2023-07-23
2026-07-03,ORD-105781,C-4857,APAC,Email,SMB,Audio,Halo Headset,2,125,0.02,245,145.24,99.76,26.12,2024-05-29
2026-07-03,ORD-105782,C-4883,North America,Organic,Enterprise,Wearables,Nimbus Ring,6,245,0,1470,1072.92,397.08,0,2023-09-07
2026-07-03,ORD-105783,C-4575,LATAM,Social,Enterprise,Accessories,Shield Case,4,204,0,816,551.56,264.44,61.79,2023-11-26
2026-07-03,ORD-105784,C-4734,LATAM,Social,SMB,Accessories,Flux Cable,2,93,0.05,176.7,114.19,62.51,,2025-01-26
2026-07-03,ORD-105785,C-4249,EMEA,Organic,Consumer,Wearables,Aura Watch,3,329,0.19671532846715328,792.84,603.6,189.24,0,2025-09-14
2026-07-03,ORD-105786,C-4467,APAC,Organic,Consumer,Audio,Echo Buds,2,79,0.08,145.36,113.76,31.6,0,2025-08-15
2026-07-03,ORD-105787,C-4266,LATAM,Affiliate,Consumer,Accessories,Flux Cable,2,93,0,186,114.19,71.81,19.5,2023-03-01
2026-07-03,ORD-105788,C-4452,LATAM,Email,SMB,Audio,Halo Headset,1,125,0.1,112.5,72.62,39.88,8.35,2024-01-11
2026-07-03,ORD-105789,C-4576,North America,Affiliate,Enterprise,Home,Vista Hub,2,214,0,428,303.03,124.97,27.37,2023-12-08
2026-07-03,ORD-105790,C-4274,EMEA,Affiliate,SMB,Home,Vista Hub,1,214,0,214,151.52,62.48,16.6,2023-09-01
2026-07-04,ORD-105791,C-4609,EMEA,Paid Search,Enterprise,Home,Nest Sensor,2,64,0.05375912408759124,121.12,68.56,52.56,23.09,2025-04-06
2026-07-04,ORD-105792,C-4310,EMEA,Organic,SMB,Wearables,Aura Watch,2,329,0.19711678832116789,528.3,402.49,125.81,0,2023-09-09
2026-07-04,ORD-105793,C-4979,APAC,Affiliate,SMB,Wearables,Aura Watch,1,329,0.19711678832116789,264.15,201.25,62.9,16.05,2025-07-29
2026-07-04,ORD-105794,C-4236,North America,Social,SMB,Audio,Halo Headset,2,125,0,250,145.24,104.76,22.21,2025-08-07
2026-07-04,ORD-105795,C-4288,EMEA,Email,SMB,Accessories,Flux Cable,3,93,0,279,171.28,107.72,27.76,2023-02-12
2026-07-04,ORD-105796,C-4670,North America,Paid Search,Enterprise,Accessories,Orbit Dock,6,208,0.05375912408759124,1180.91,719.8,461.11,225.13,2023-03-15
2026-07-04,ORD-105797,C-4576,North America,Email,Enterprise,Accessories,Shield Case,9,204,0,1836,1241.01,594.99,142.24,2023-06-02
2026-07-04,ORD-105798,C-4384,EMEA,Paid Search,SMB,Home,Vista Hub,1,214,0.05375912408759124,202.5,151.52,50.98,38.6,2025-08-09
2026-07-04,ORD-105799,C-4459,APAC,Affiliate,Consumer,Accessories,Orbit Dock,2,208,0,416,239.93,176.07,38.29,2025-01-11
2026-07-04,ORD-105800,C-4398,APAC,Affiliate,Consumer,Accessories,Flux Cable,2,93,0,186,114.19,71.81,11.33,2023-01-08
2026-07-04,ORD-105801,C-4921,EMEA,Affiliate,Consumer,Audio,Echo Buds,2,79,0.13,137.46,113.76,23.7,14.23,2023-05-31
2026-07-04,ORD-105802,C-4378,LATAM,Social,SMB,Accessories,Orbit Dock,1,208,0,208,119.97,88.03,19,2023-09-30
2026-07-04,ORD-105803,C-4348,APAC,Social,SMB,Home,Nest Sensor,2,64,0.09,116.48,68.56,47.92,7,2023-11-30
2026-07-04,ORD-105804,C-4653,APAC,Paid Search,Enterprise,Accessories,Flux Cable,7,93,0.15375912408759124,550.9,399.66,151.24,105.02,2023-06-25
2026-07-04,ORD-105805,C-4486,APAC,Paid Search,Consumer,Accessories,Flux Cable,1,93,0.11375912408759123,82.42,57.09,25.33,15.71,2023-08-21
2026-07-05,ORD-105806,C-4820,APAC,Paid Search,SMB,Wearables,Aura Watch,1,329,0.2513868613138686,246.29,201.3,44.99,46.99,2023-04-18
2026-07-05,ORD-105807,C-4720,APAC,Organic,SMB,Accessories,Orbit Dock,1,208,0.01,205.92,119.97,85.95,0,2024-05-23
2026-07-05,ORD-105808,C-4806,APAC,Organic,SMB,Home,Nest Sensor,1,64,0,64,34.28,29.72,0,2023-09-29
2026-07-05,ORD-105809,C-4815,EMEA,Social,Enterprise,Home,Nest Sensor,7,64,0,448,239.95,208.05,45.2,2024-10-19
2026-07-05,ORD-105810,C-4912,North America,Email,Enterprise,Audio,Halo Headset,7,125,0.07,813.75,508.35,305.4,69.04,2024-01-21
2026-07-05,ORD-105811,C-4833,LATAM,Affiliate,Enterprise,Wearables,Pulse Band,3,105,0,315,169.17,145.83,31.24,2023-08-28
2026-07-05,ORD-105812,C-4683,APAC,Social,SMB,Accessories,Shield Case,3,204,0.08,563.04,413.67,149.37,48.01,2025-07-18
2026-07-05,ORD-105813,C-4145,EMEA,Paid Search,SMB,Accessories,Orbit Dock,3,208,0.05386861313868613,590.39,359.9,230.49,112.65,2023-06-23
2026-07-05,ORD-105814,C-4905,APAC,Social,SMB,Accessories,Shield Case,1,204,0,204,137.89,66.11,19.17,2024-03-16
2026-07-05,ORD-105815,C-4208,EMEA,Paid Search,Enterprise,Home,Vista Hub,1,214,0.08386861313868613,196.05,151.52,44.53,37.41,2023-05-28
2026-07-05,ORD-105816,C-4872,APAC,Social,SMB,Home,Vista Hub,3,214,0,642,454.55,187.45,49.53,2025-03-08
2026-07-05,ORD-105817,C-4880,LATAM,Affiliate,Enterprise,Home,Vista Hub,1,214,0,214,151.52,62.48,20.66,2023-08-19
2026-07-05,ORD-105818,C-4132,APAC,Paid Search,SMB,Home,Vista Hub,1,214,0.05386861313868613,202.47,151.52,50.95,38.63,2024-12-02
2026-07-05,ORD-105819,C-4415,North America,Paid Search,SMB,Accessories,Flux Cable,1,93,0.14386861313868612,79.62,57.09,22.53,15.19,2024-10-05
2026-07-05,ORD-105820,C-4813,EMEA,Social,SMB,Home,Vista Hub,1,214,0,214,151.52,62.48,21.58,2023-09-26
2026-07-06,ORD-105821,C-4385,LATAM,Social,SMB,Accessories,Flux Cable,3,93,0,279,171.28,107.72,21.43,2025-06-27
2026-07-06,ORD-105822,C-4839,LATAM,Email,SMB,Accessories,Shield Case,2,204,0,408,275.78,132.22,37.35,2025-01-08
2026-07-06,ORD-105823,C-4701,APAC,Social,Consumer,Accessories,Shield Case,1,204,0,204,137.89,66.11,15.95,2023-06-16
2026-07-06,ORD-105824,C-4509,EMEA,Social,Enterprise,Audio,Echo Buds,2,79,0,158,113.76,44.24,13.29,2025-06-29
2026-07-06,ORD-105825,C-4302,EMEA,Email,Enterprise,Audio,Echo Buds,6,79,0.1,426.6,341.29,85.31,34.32,2023-09-05
2026-07-06,ORD-105826,C-4632,LATAM,Organic,SMB,Home,Nest Sensor,2,64,0,128,68.56,59.44,0,2023-02-25
2026-07-06,ORD-105827,C-4390,LATAM,Social,Enterprise,Audio,Halo Headset,1,125,0,125,72.62,52.38,11.83,2024-02-12
2026-07-06,ORD-105828,C-4164,APAC,Social,Consumer,Accessories,Shield Case,1,204,0,204,137.89,66.11,15.56,2023-05-10
2026-07-06,ORD-105829,C-4955,APAC,Email,SMB,Wearables,Aura Watch,3,329,0.2079197080291971,781.78,604.02,177.76,84.62,2024-05-06
2026-07-06,ORD-105830,C-4378,North America,Affiliate,SMB,Accessories,Shield Case,1,204,0.01,201.96,137.89,64.07,20.16,2025-01-24
2026-07-06,ORD-105831,C-4167,EMEA,Paid Search,Enterprise,Wearables,Aura Watch,4,329,0.2518978102189781,984.5,805.35,179.15,188.01,2023-05-27
2026-07-06,ORD-105832,C-4950,LATAM,Email,Consumer,Home,Nest Sensor,1,64,0,64,34.28,29.72,5.12,2024-10-05
2026-07-06,ORD-105833,C-4870,North America,Organic,Consumer,Accessories,Orbit Dock,2,208,0.04,399.36,239.93,159.43,0,2024-10-03
2026-07-06,ORD-105834,C-4231,APAC,Social,SMB,Accessories,Orbit Dock,1,208,0.09,189.28,119.97,69.31,14.76,2025-02-28
2026-07-06,ORD-105835,C-4146,EMEA,Organic,SMB,Wearables,Pulse Band,2,105,0,210,112.78,97.22,0,2025-03-26
2026-07-06,ORD-105836,C-4279,North America,Social,Consumer,Wearables,Pulse Band,3,105,0.1,283.5,169.17,114.33,29.01,2023-11-03
2026-07-06,ORD-105837,C-4987,North America,Affiliate,Enterprise,Accessories,Flux Cable,4,93,0,372,228.38,143.62,29.61,2023-11-17
2026-07-06,ORD-105838,C-4819,North America,Organic,SMB,Wearables,Aura Watch,2,329,0.26791970802919707,481.71,402.67,79.04,0,2025-01-16
2026-07-07,ORD-105839,C-4129,APAC,Organic,Enterprise,Wearables,Nimbus Ring,9,245,0.13,1918.35,1609.39,308.96,0,2023-01-10
2026-07-07,ORD-105840,C-4856,North America,Organic,Enterprise,Home,Vista Hub,1,214,0,214,151.52,62.48,0,2025-09-11
2026-07-07,ORD-105841,C-4674,LATAM,Email,SMB,Wearables,Pulse Band,2,105,0.14,180.6,112.78,67.82,15.45,2024-05-31
2026-07-07,ORD-105842,C-4545,EMEA,Affiliate,SMB,Home,Beacon Lamp,3,192,0.03,558.72,432.99,125.73,54,2023-06-16
2026-07-07,ORD-105843,C-4444,North America,Social,SMB,Wearables,Aura Watch,3,329,0.19832116788321166,791.26,604.15,187.11,50.38,2025-04-26
2026-07-07,ORD-105844,C-4156,APAC,Affiliate,SMB,Accessories,Flux Cable,2,93,0,186,114.19,71.81,11.91,2023-04-01
2026-07-07,ORD-105845,C-4515,LATAM,Social,Consumer,Home,Nest Sensor,2,64,0,128,68.56,59.44,12.2,2025-03-11
2026-07-07,ORD-105846,C-4190,North America,Email,Consumer,Accessories,Orbit Dock,2,208,0,416,239.93,176.07,36.45,2023-09-07
2026-07-07,ORD-105847,C-4181,EMEA,Affiliate,Enterprise,Home,Vista Hub,2,214,0.07,398.04,303.03,95.01,25.7,2024-07-30
2026-07-07,ORD-105848,C-4829,EMEA,Organic,Consumer,Wearables,Aura Watch,2,329,0.19832116788321166,527.5,402.76,124.74,0,2023-09-09
2026-07-07,ORD-105849,C-4696,LATAM,Paid Search,Consumer,Home,Vista Hub,2,214,0.05408759124087591,404.85,303.03,101.82,77.38,2023-12-14
2026-07-07,ORD-105850,C-4434,LATAM,Affiliate,SMB,Wearables,Nimbus Ring,3,245,0.04,705.6,536.46,169.14,66.62,2023-03-25
2026-07-07,ORD-105851,C-4750,EMEA,Social,Consumer,Accessories,Shield Case,1,204,0,204,137.89,66.11,12.65,2025-05-25
2026-07-07,ORD-105852,C-4468,LATAM,Email,Enterprise,Audio,Halo Headset,5,125,0,625,363.11,261.89,67.68,2023-10-25
2026-07-07,ORD-105853,C-4429,EMEA,Paid Search,Enterprise,Audio,Halo Headset,2,125,0.10408759124087591,223.98,145.24,78.74,42.81,2023-12-04
2026-07-07,ORD-105854,C-4170,North America,Organic,Consumer,Accessories,Orbit Dock,3,208,0,624,359.9,264.1,0,2025-06-30
2026-07-07,ORD-105855,C-4249,LATAM,Paid Search,Consumer,Audio,Echo Buds,3,79,0.05408759124087591,224.18,170.65,53.53,42.85,2023-02-23
2026-07-07,ORD-105856,C-4598,EMEA,Organic,Consumer,Accessories,Flux Cable,3,93,0.12,245.52,171.28,74.24,0,2023-07-03
2026-07-07,ORD-105857,C-4304,North America,Organic,Consumer,Audio,Halo Headset,1,125,0,125,72.62,52.38,0,2023-08-19
2026-07-08,ORD-105858,C-4129,North America,Affiliate,Consumer,Accessories,Shield Case,3,204,0.09,556.92,413.67,143.25,33.96,2024-11-22
2026-07-08,ORD-105859,C-4868,LATAM,Social,SMB,Home,Nest Sensor,2,64,0,128,68.56,59.44,13.33,2023-12-21
2026-07-08,ORD-105860,C-4918,LATAM,Affiliate,SMB,Wearables,Pulse Band,1,105,0,105,56.39,48.61,10.86,2025-08-16
2026-07-08,ORD-105861,C-4799,APAC,Social,Consumer,Audio,Halo Headset,2,125,0,250,145.24,104.76,27.01,2025-08-28
2026-07-08,ORD-105862,C-4216,North America,Social,Consumer,Accessories,Orbit Dock,2,208,0,416,239.93,176.07,31.6,2025-05-19
2026-07-08,ORD-105863,C-4740,North America,Organic,Enterprise,Audio,Echo Buds,8,79,0,632,455.05,176.95,0,2024-09-18
2026-07-08,ORD-105864,C-4622,LATAM,Paid Search,Enterprise,Accessories,Orbit Dock,6,208,0.0541970802919708,1180.36,719.8,460.56,225.8,2024-03-14
2026-07-08,ORD-105865,C-4669,APAC,Affiliate,Consumer,Home,Beacon Lamp,2,192,0,384,288.66,95.34,38.32,2025-07-31
2026-07-08,ORD-105866,C-4219,APAC,Email,Enterprise,Home,Beacon Lamp,2,192,0,384,288.66,95.34,25.93,2023-10-26
2026-07-08,ORD-105867,C-4431,LATAM,Organic,Enterprise,Accessories,Orbit Dock,1,208,0,208,119.97,88.03,,2024-07-28
2026-07-08,ORD-105868,C-4423,North America,Organic,SMB,Home,Vista Hub,2,214,0.12,376.64,303.03,73.61,0,2023-05-28
2026-07-08,ORD-105869,C-4678,LATAM,Affiliate,Enterprise,Home,Vista Hub,4,214,0.05,813.2,606.07,207.13,54.4,2024-08-02
2026-07-08,ORD-105870,C-4696,North America,Organic,Consumer,Wearables,Pulse Band,3,105,0,315,169.17,145.83,0,2024-05-17
2026-07-08,ORD-105871,C-4754,North America,Paid Search,SMB,Home,Nest Sensor,1,64,0.0541970802919708,60.53,34.28,26.25,11.58,2025-09-01
2026-07-08,ORD-105872,C-4758,LATAM,Social,Consumer,Accessories,Orbit Dock,2,208,0.02,407.68,239.93,167.75,41.72,2024-12-10
2026-07-09,ORD-105873,C-4963,LATAM,Affiliate,SMB,Accessories,Flux Cable,2,93,0,186,114.19,71.81,13.94,2023-11-09
2026-07-09,ORD-105874,C-4637,EMEA,Social,Consumer,Accessories,Flux Cable,2,93,0.08,171.12,114.19,56.93,13.16,2025-05-19
2026-07-09,ORD-105875,C-4461,North America,Paid Search,Consumer,Home,Vista Hub,2,214,0.1043065693430657,383.36,303.03,80.33,73.4,2023-08-12
2026-07-09,ORD-105876,C-4691,North America,Social,Enterprise,Home,Nest Sensor,7,64,0,448,239.95,208.05,27.12,2023-11-11
2026-07-09,ORD-105877,C-4965,APAC,Organic,Enterprise,Wearables,Nimbus Ring,4,245,0,980,715.28,264.72,0,2024-12-06
2026-07-09,ORD-105878,C-4331,APAC,Organic,Enterprise,Home,Beacon Lamp,5,192,0,960,721.65,238.35,0,2023-12-10
2026-07-09,ORD-105879,C-4403,APAC,Affiliate,Consumer,Accessories,Shield Case,1,204,0,204,137.89,66.11,19.89,2023-07-22
2026-07-09,ORD-105880,C-4930,North America,Social,Enterprise,Home,Nest Sensor,8,64,0,512,274.22,237.78,36.01,2023-03-02
2026-07-09,ORD-105881,C-4123,LATAM,Email,SMB,Home,Beacon Lamp,1,192,0,192,144.33,47.67,11.6,2023-07-14
2026-07-09,ORD-105882,C-4587,EMEA,Paid Search,Enterprise,Audio,Echo Buds,6,79,0.05430656934306569,448.26,341.29,106.97,85.82,2024-09-02
2026-07-09,ORD-105883,C-4880,North America,Paid Search,Consumer,Home,Nest Sensor,3,64,0.05430656934306569,181.57,102.83,78.74,34.76,2025-01-01
2026-07-09,ORD-105884,C-4830,LATAM,Affiliate,Enterprise,Accessories,Shield Case,9,204,0.05,1744.2,1241.01,503.19,122.83,2025-03-01
2026-07-09,ORD-105885,C-4461,EMEA,Email,Consumer,Home,Beacon Lamp,2,192,0,384,288.66,95.34,36.04,2023-12-25
2026-07-09,ORD-105886,C-4330,APAC,Email,SMB,Accessories,Flux Cable,1,93,0.14,79.98,57.09,22.89,5.39,2023-05-03
2026-07-09,ORD-105887,C-4797,EMEA,Email,SMB,Home,Vista Hub,3,214,0.07,597.06,454.55,142.51,45.57,2023-09-14
2026-07-10,ORD-105888,C-4747,APAC,Paid Search,Enterprise,Accessories,Orbit Dock,7,208,0.05441605839416058,1376.77,839.77,537,263.82,2024-06-29
2026-07-10,ORD-105889,C-4742,LATAM,Paid Search,Enterprise,Accessories,Flux Cable,7,93,0.05441605839416058,615.58,399.66,215.92,117.96,2023-03-11
2026-07-10,ORD-105890,C-4533,EMEA,Paid Search,Enterprise,Home,Nest Sensor,8,64,0.16441605839416057,427.82,274.22,153.6,81.98,2024-08-08
2026-07-10,ORD-105891,C-4160,EMEA,Email,Enterprise,Wearables,Pulse Band,3,105,0,315,169.17,145.83,25.43,2023-01-17
2026-07-10,ORD-105892,C-4941,APAC,Affiliate,Consumer,Audio,Halo Headset,2,125,0.02,245,145.24,99.76,22.38,2025-04-22
2026-07-10,ORD-105893,C-4675,North America,Email,SMB,Home,Vista Hub,3,214,0.1,577.8,454.55,123.25,45.7,2023-10-07
2026-07-10,ORD-105894,C-4417,LATAM,Affiliate,SMB,Wearables,Nimbus Ring,1,245,0,245,178.82,66.18,14.73,2024-05-24
2026-07-10,ORD-105895,C-4901,APAC,,SMB,Accessories,Orbit Dock,2,208,0,416,239.93,176.07,29.93,2025-03-10
2026-07-10,ORD-105896,C-4937,LATAM,Paid Search,Consumer,Home,Vista Hub,2,214,0.05441605839416058,404.71,303.03,101.68,77.55,2025-08-24
2026-07-10,ORD-105897,C-4584,EMEA,Social,Consumer,Home,Nest Sensor,3,64,0.1,172.8,102.83,69.97,11.74,2025-05-09
2026-07-10,ORD-105898,C-4423,North America,Affiliate,Consumer,Accessories,Orbit Dock,1,208,0,208,119.97,88.03,15.36,2025-02-25
2026-07-10,ORD-105899,C-4990,APAC,Organic,SMB,Accessories,Flux Cable,2,93,0,186,114.19,71.81,0,2024-03-07
2026-07-10,ORD-105900,C-4874,EMEA,Organic,Consumer,Home,Nest Sensor,2,64,0,128,68.56,59.44,0,2024-11-02
2026-07-10,ORD-105901,C-4326,APAC,Email,SMB,Accessories,Flux Cable,1,93,0.15,79.05,57.09,21.96,5.4,2024-04-01
2026-07-10,ORD-105902,C-4926,EMEA,Email,Consumer,Wearables,Pulse Band,2,105,0.11,186.9,112.78,74.12,19.05,2023-10-26
2026-07-10,ORD-105903,C-4869,APAC,Organic,Enterprise,Audio,Echo Buds,5,79,0.07,367.35,284.41,82.94,0,2023-06-09
2026-07-11,ORD-105904,C-4395,EMEA,Paid Search,Enterprise,Accessories,Shield Case,9,204,0.05452554744525547,1735.89,1241.01,494.88,332.92,2025-09-07
2026-07-11,ORD-105905,C-4262,LATAM,Organic,Consumer,Wearables,Pulse Band,1,105,0,105,56.39,48.61,0,2024-07-10
2026-07-11,ORD-105906,C-4969,APAC,Social,SMB,Audio,Echo Buds,1,79,0,79,56.88,22.12,5.55,2023-11-27
2026-07-11,ORD-105907,C-4167,LATAM,Organic,Consumer,Accessories,Orbit Dock,2,208,0,416,239.93,176.07,0,2025-02-12
2026-07-11,ORD-105908,C-4123,North America,Social,SMB,Wearables,Aura Watch,1,329,0.19992700729927007,263.22,201.57,61.65,19.96,2025-06-04
2026-07-11,ORD-105909,C-4580,EMEA,Social,Consumer,Audio,Halo Headset,2,125,0.1,225,145.24,79.76,23.38,2023-03-09
2026-07-11,ORD-105910,C-4341,LATAM,Paid Search,Consumer,Audio,Halo Headset,1,125,0.05452554744525547,118.18,72.62,45.56,22.67,2024-02-18
2026-07-11,ORD-105911,C-4665,APAC,Paid Search,SMB,Home,Vista Hub,1,214,0.05452554744525547,202.33,151.52,50.81,38.8,2024-11-11
2026-07-11,ORD-105912,C-4923,APAC,Email,Enterprise,Home,Vista Hub,2,214,0.1,385.2,303.03,82.17,30.19,2024-03-09
2026-07-11,ORD-105913,C-4416,LATAM,Affiliate,Enterprise,Wearables,Aura Watch,7,329,0.19992700729927007,1842.57,1410.96,431.61,188.8,2024-12-07
2026-07-11,ORD-105914,C-4985,North America,Organic,SMB,Home,Vista Hub,1,214,0.08,196.88,151.52,45.36,0,2023-04-12
2026-07-11,ORD-105915,C-4491,LATAM,Paid Search,SMB,Audio,Halo Headset,2,125,0.06452554744525547,233.87,145.24,88.63,44.85,2023-08-10
2026-07-11,ORD-105916,C-4170,APAC,Affiliate,Consumer,Home,Vista Hub,3,214,0,642,454.55,187.45,41.96,2024-01-27
2026-07-11,ORD-105917,C-4514,North America,Paid Search,Enterprise,Audio,Echo Buds,9,79,0.13452554744525547,615.35,511.94,103.41,118.02,2023-01-10
2026-07-11,ORD-105918,C-4221,North America,Email,Consumer,Accessories,Flux Cable,2,93,0,186,114.19,71.81,19.83,2023-05-22
2026-07-11,ORD-105919,C-4185,EMEA,Email,Enterprise,Accessories,Flux Cable,9,93,0,837,513.85,323.15,51.03,2024-06-25
2026-07-11,ORD-105920,C-4843,APAC,Affiliate,Consumer,Home,Nest Sensor,1,64,0,64,34.28,29.72,6.92,2023-08-26
2026-07-11,ORD-105921,C-4795,APAC,Social,SMB,Audio,Halo Headset,1,125,0.01,123.75,72.62,51.13,8.05,2025-06-12
2026-07-12,ORD-105922,C-4497,APAC,Paid Search,Consumer,Audio,Halo Headset,3,125,0.20463503649635034,298.26,217.87,80.39,57.25,2025-07-04
2026-07-12,ORD-105923,C-4744,APAC,Paid Search,Enterprise,Accessories,Orbit Dock,9,208,0.10463503649635036,1676.12,1079.7,596.42,321.74,2025-07-28
2026-07-12,ORD-105924,C-4222,LATAM,Affiliate,Enterprise,Home,Nest Sensor,2,64,0,128,68.56,59.44,10.46,2023-07-12
2026-07-12,ORD-105925,C-4629,North America,Paid Search,Enterprise,Accessories,Flux Cable,6,93,0.05463503649635036,527.51,342.57,184.94,101.26,2024-03-31
2026-07-12,ORD-105926,C-4506,LATAM,Paid Search,SMB,Home,Nest Sensor,1,64,0.05463503649635036,60.5,34.28,26.22,11.61,2023-12-25
2026-07-12,ORD-105927,C-4935,EMEA,Email,SMB,Audio,Echo Buds,3,79,0.02,232.26,170.65,61.61,19.81,2025-03-07
2026-07-12,ORD-105928,C-4171,North America,Social,Enterprise,Wearables,Aura Watch,8,329,0.20032846715328467,2104.74,1612.89,491.85,149.14,2023-02-13
2026-07-12,ORD-105929,C-4518,North America,Social,SMB,Accessories,Orbit Dock,3,208,0.03,605.28,359.9,245.38,61.37,2023-03-31
2026-07-12,ORD-105930,C-4861,LATAM,Paid Search,Enterprise,Home,Vista Hub,1,214,0.16463503649635036,178.77,151.52,27.25,34.32,2025-04-24
2026-07-12,ORD-105931,C-4995,EMEA,Paid Search,Enterprise,Accessories,Flux Cable,5,93,0.11463503649635036,411.69,285.47,126.22,79.02,2023-01-03
2026-07-12,ORD-105932,C-4852,LATAM,Affiliate,Consumer,Wearables,Pulse Band,1,105,0,105,56.39,48.61,9.19,2023-04-03
2026-07-12,ORD-105933,C-4468,APAC,Paid Search,Enterprise,Home,Nest Sensor,1,64,0.05463503649635036,60.5,34.28,26.22,11.61,2025-02-11
2026-07-12,ORD-105934,C-4266,APAC,Organic,Consumer,Wearables,Pulse Band,1,105,0,105,56.39,48.61,0,2023-08-19
2026-07-12,ORD-105935,C-4367,EMEA,Email,Enterprise,Accessories,Shield Case,3,204,0,612,413.67,198.33,42.8,2024-03-16
2026-07-12,ORD-105936,C-4590,EMEA,Email,SMB,Wearables,Pulse Band,3,105,0,315,169.17,145.83,22.26,2025-03-06
2026-07-12,ORD-105937,C-4692,EMEA,Social,Consumer,Wearables,Pulse Band,1,105,0.04,100.8,56.39,44.41,7.62,2024-12-18
2026-07-12,ORD-105938,C-4905,LATAM,Affiliate,Enterprise,Home,Beacon Lamp,1,192,0.05,182.4,144.33,38.07,11.23,2024-11-13
2026-07-13,ORD-105939,C-4349,EMEA,Organic,Consumer,Accessories,Orbit Dock,1,208,0.08,191.36,119.97,71.39,0,2023-10-08
2026-07-13,ORD-105940,C-4723,North America,Affiliate,SMB,Wearables,Nimbus Ring,3,245,0.06,690.9,536.46,154.44,45.32,2023-01-14
2026-07-13,ORD-105941,C-4942,LATAM,Email,Enterprise,Audio,Echo Buds,4,79,0.15,268.6,227.53,41.07,21.73,2023-11-13
2026-07-13,ORD-105942,C-4581,LATAM,Affiliate,Enterprise,Accessories,Shield Case,8,204,0.08,1501.44,1103.12,398.32,91.86,2023-03-14
2026-07-13,ORD-105943,C-4499,LATAM,Email,SMB,Audio,Halo Headset,3,125,0.15,318.75,217.87,100.88,32.31,2024-07-02
2026-07-13,ORD-105944,C-4738,North America,Social,Consumer,Audio,Echo Buds,1,79,0,79,56.88,22.12,8.03,2024-02-21
2026-07-13,ORD-105945,C-4551,EMEA,Organic,Enterprise,Wearables,Pulse Band,7,105,0,735,394.73,340.27,0,2025-04-28
2026-07-13,ORD-105946,C-4229,North America,Email,SMB,Audio,Halo Headset,1,125,0.03,121.25,72.62,48.63,9.12,2025-01-31
2026-07-13,ORD-105947,C-4213,APAC,Paid Search,Enterprise,Home,Nest Sensor,8,64,0.05474452554744525,483.97,274.22,209.75,92.98,2023-05-15
2026-07-13,ORD-105948,C-4207,North America,Organic,Consumer,Accessories,Shield Case,2,204,0,408,275.78,132.22,0,2025-05-16
2026-07-13,ORD-105949,C-4166,APAC,Affiliate,Enterprise,Wearables,Nimbus Ring,5,245,0,1225,894.1,330.9,114.03,2023-12-14
2026-07-13,ORD-105950,C-4622,EMEA,Email,Consumer,Home,Vista Hub,1,214,0,214,151.52,62.48,17.22,2023-10-10
2026-07-13,ORD-105951,C-4517,North America,Paid Search,Enterprise,Home,Beacon Lamp,5,192,0.05474452554744525,907.45,721.65,185.8,174.34,2023-07-15
2026-07-13,ORD-105952,C-4983,LATAM,Social,Enterprise,Wearables,Aura Watch,1,329,0.23072992700729927,253.09,201.66,51.43,19.63,2023-08-22
2026-07-13,ORD-105953,C-4824,LATAM,Social,SMB,Audio,Halo Headset,3,125,0.02,367.5,217.87,149.63,40.41,2023-09-10
2026-07-13,ORD-105954,C-4984,North America,Paid Search,Enterprise,Wearables,Pulse Band,9,105,0.05474452554744525,893.27,507.51,385.76,171.61,2023-11-01
2026-07-14,ORD-105955,C-4388,APAC,Paid Search,SMB,Accessories,Orbit Dock,1,208,0.13485401459854013,179.95,119.97,59.98,34.6,2023-10-02
2026-07-14,ORD-105956,C-4932,North America,Paid Search,Enterprise,Audio,Halo Headset,6,125,0.05485401459854014,708.86,435.73,273.13,136.3,2023-10-12
2026-07-14,ORD-105957,C-4581,APAC,Paid Search,Consumer,Accessories,Flux Cable,2,93,0.05485401459854014,175.8,114.19,61.61,33.8,2024-09-03
2026-07-14,ORD-105958,C-4922,EMEA,Email,Consumer,Home,Nest Sensor,1,64,0,64,34.28,29.72,5.66,2023-11-20
2026-07-14,ORD-105959,C-4930,North America,Social,SMB,Accessories,Orbit Dock,2,208,0,416,239.93,176.07,36.59,2025-09-08
2026-07-14,ORD-105960,C-4188,LATAM,Affiliate,SMB,Home,Nest Sensor,3,64,0,192,102.83,89.17,11.67,2025-04-07
2026-07-14,ORD-105961,C-4876,EMEA,Organic,SMB,Accessories,Shield Case,3,204,0.02,599.76,413.67,186.09,0,2023-01-21
2026-07-14,ORD-105962,C-4918,APAC,Social,SMB,Accessories,Shield Case,1,204,0.12,179.52,137.89,41.63,16.27,2023-02-05
2026-07-14,ORD-105963,C-4144,LATAM,Organic,Consumer,Home,Nest Sensor,3,64,0.01,190.08,102.83,87.25,0,2023-07-30
2026-07-14,ORD-105964,C-4671,APAC,Organic,SMB,Wearables,Nimbus Ring,2,245,0,490,357.64,132.36,0,2024-11-12
2026-07-14,ORD-105965,C-4706,EMEA,Affiliate,Enterprise,Audio,Halo Headset,7,125,0.05,831.25,508.35,322.9,62.9,2023-11-09
2026-07-14,ORD-105966,C-4196,EMEA,Paid Search,Enterprise,Audio,Halo Headset,2,125,0.05485401459854014,236.29,145.24,91.05,45.43,2024-01-17
2026-07-14,ORD-105967,C-4248,North America,Affiliate,SMB,Wearables,Pulse Band,3,105,0.14,270.9,169.17,101.73,24.09,2025-08-23
2026-07-14,ORD-105968,C-4477,APAC,Paid Search,SMB,Home,Nest Sensor,2,64,0.18485401459854015,104.34,68.56,35.78,20.06,2024-12-25
2026-07-14,ORD-105969,C-4333,APAC,Email,Consumer,Wearables,Nimbus Ring,3,245,0,735,536.46,198.54,48.07,2025-06-18
2026-07-14,ORD-105970,C-4947,North America,Social,Enterprise,Audio,Echo Buds,1,79,0,79,56.88,22.12,6.2,2025-05-12
2026-07-15,ORD-105971,C-4106,LATAM,Affiliate,SMB,Wearables,Pulse Band,3,105,0.15,267.75,169.17,98.58,23.66,2025-09-15
2026-07-15,ORD-105972,C-4531,North America,Affiliate,Enterprise,Wearables,Pulse Band,3,105,0.14,270.9,169.17,101.73,19.19,2023-10-03
2026-07-15,ORD-105973,C-4839,LATAM,Paid Search,SMB,Accessories,Orbit Dock,3,208,0.05496350364963504,589.7,359.9,229.8,113.48,2025-06-02
2026-07-15,ORD-105974,C-4500,North America,Social,SMB,Accessories,Orbit Dock,2,208,0,416,239.93,176.07,34.52,2024-10-05
2026-07-15,ORD-105975,C-4222,LATAM,Affiliate,Enterprise,Accessories,Shield Case,3,204,0.04,587.52,413.67,173.85,40.96,2024-06-29
2026-07-15,ORD-105976,C-4937,EMEA,Social,Enterprise,Accessories,Shield Case,7,204,0.05,1356.6,965.23,391.37,122.31,2023-04-16
2026-07-15,ORD-105977,C-4411,EMEA,Email,Enterprise,Home,Nest Sensor,2,64,0.07,119.04,68.56,50.48,8.94,2023-09-13
2026-07-15,ORD-105978,C-4878,APAC,Organic,Enterprise,Audio,Echo Buds,5,79,0,395,284.41,110.59,0,2025-03-24
2026-07-15,ORD-105979,C-4631,LATAM,Organic,SMB,Audio,Halo Headset,3,125,0,375,217.87,157.13,0,2025-01-18
2026-07-15,ORD-105980,C-4106,EMEA,Email,SMB,Home,Beacon Lamp,3,192,0.09,524.16,432.99,91.17,42.87,2024-03-25
2026-07-15,ORD-105981,C-4957,LATAM,Paid Search,Consumer,Wearables,Aura Watch,3,329,0.2764963503649635,714.1,605.25,108.85,137.43,2024-09-06
2026-07-15,ORD-105982,C-4304,LATAM,Social,SMB,Accessories,Flux Cable,2,93,0,186,114.19,71.81,19.22,2024-05-13
2026-07-15,ORD-105983,C-4214,EMEA,Organic,SMB,Home,Beacon Lamp,3,192,0,576,432.99,143.01,0,2024-06-05
2026-07-15,ORD-105984,C-4337,EMEA,Organic,Consumer,Home,Vista Hub,3,214,0,642,454.55,187.45,0,2024-02-24
2026-07-15,ORD-105985,C-4806,APAC,Social,SMB,Accessories,Orbit Dock,3,208,0,624,359.9,264.1,56.23,2024-01-25
2026-07-15,ORD-105986,C-4842,APAC,Paid Search,Enterprise,Home,Vista Hub,5,214,0.18496350364963504,872.09,757.59,114.5,167.83,2024-07-31
2026-07-16,ORD-105987,C-4509,APAC,Social,SMB,Accessories,Flux Cable,2,93,0,186,114.19,71.81,14.81,2025-06-18
2026-07-16,ORD-105988,C-4723,LATAM,Organic,Consumer,Audio,Halo Headset,3,125,0.03,363.75,217.87,145.88,0,2023-01-08
2026-07-16,ORD-105989,C-4725,APAC,Social,Enterprise,Home,Vista Hub,7,214,0,1498,1060.62,437.38,111.76,2023-11-14
2026-07-16,ORD-105990,C-4361,LATAM,Organic,SMB,Accessories,Shield Case,1,204,0,204,137.89,66.11,0,2025-08-10
2026-07-16,ORD-105991,C-4893,North America,Affiliate,Consumer,Audio,Halo Headset,2,125,0.03,242.5,145.24,97.26,14.89,2025-06-20
2026-07-16,ORD-105992,C-4539,LATAM,Social,Enterprise,Audio,Halo Headset,1,125,0.08,115,72.62,42.38,8.72,2024-09-30
2026-07-16,ORD-105993,C-4488,North America,Social,SMB,Home,Beacon Lamp,1,192,0,192,144.33,47.67,14.52,2025-08-30
2026-07-16,ORD-105994,C-4335,APAC,Organic,SMB,Accessories,Orbit Dock,3,208,0.04,599.04,359.9,239.14,0,2023-06-23
2026-07-16,ORD-105995,C-4838,EMEA,Social,Consumer,Audio,Echo Buds,3,79,0,237,170.65,66.35,20.35,2024-09-08
2026-07-16,ORD-105996,C-4825,EMEA,Paid Search,SMB,Wearables,Nimbus Ring,1,245,0.15507299270072994,207.01,178.82,28.19,39.87,2025-05-10
2026-07-16,ORD-105997,C-4774,North America,Social,SMB,Home,Nest Sensor,3,64,0,192,102.83,89.17,19.29,2024-02-04
2026-07-16,ORD-105998,C-4607,EMEA,Affiliate,Consumer,Home,Beacon Lamp,1,192,0,192,144.33,47.67,16.58,2024-08-19
2026-07-16,ORD-105999,C-4195,LATAM,Social,Enterprise,Accessories,Shield Case,7,204,0,1428,965.23,462.77,100.75,2025-02-09
2026-07-16,ORD-106000,C-4141,EMEA,Affiliate,SMB,Accessories,Flux Cable,2,93,0.08,171.12,114.19,56.93,14.37,2023-07-29
2026-07-16,ORD-106001,C-4498,EMEA,Social,SMB,Accessories,Shield Case,3,204,0,612,413.67,198.33,42.73,2025-05-08
2026-07-16,ORD-106002,C-4191,EMEA,Paid Search,Enterprise,Home,Vista Hub,2,214,0.05507299270072993,404.43,303.03,101.4,77.9,2023-03-03
2026-07-16,ORD-106003,C-4110,North America,Organic,SMB,Accessories,Flux Cable,2,93,0,186,114.19,71.81,0,2024-06-06
2026-07-16,ORD-106004,C-4574,North America,Email,SMB,Home,Nest Sensor,2,64,0.01,126.72,68.56,58.16,9.61,2025-07-27
2026-07-16,ORD-106005,C-4632,APAC,Email,Enterprise,Audio,Echo Buds,3,79,0.01,234.63,170.65,63.98,23.17,2024-12-10
2026-07-16,ORD-106006,C-4966,APAC,Affiliate,Enterprise,Wearables,Nimbus Ring,3,245,0,735,536.46,198.54,73.39,2024-01-17
2026-07-16,ORD-106007,C-4658,LATAM,Affiliate,Enterprise,Home,Vista Hub,3,214,0.02,629.16,454.55,174.61,40.11,2023-09-19
2026-07-17,ORD-106008,C-4157,North America,Organic,Consumer,Home,Vista Hub,2,214,0.03,415.16,303.03,112.13,0,2025-04-26
2026-07-17,ORD-106009,C-4668,EMEA,Email,Enterprise,Wearables,Nimbus Ring,1,245,0,245,178.82,66.18,26.21,2024-10-12
2026-07-17,ORD-106010,C-4983,North America,Social,SMB,Home,Nest Sensor,2,64,0.04,122.88,68.56,54.32,8.64,2024-09-09
2026-07-17,ORD-106011,C-4449,North America,Affiliate,Enterprise,Accessories,Shield Case,9,204,0.05,1744.2,1241.01,503.19,145.75,2024-06-24
2026-07-17,ORD-106012,C-4675,APAC,Affiliate,SMB,Home,Beacon Lamp,1,192,0,192,144.33,47.67,17.48,2025-02-07
2026-07-17,ORD-106013,C-4797,North America,Social,Enterprise,Wearables,Nimbus Ring,3,245,0.04,705.6,536.46,169.14,65.58,2024-01-11
2026-07-17,ORD-106014,C-4776,APAC,Social,SMB,Accessories,Shield Case,3,204,0,612,413.67,198.33,61.28,2025-06-26
2026-07-17,ORD-106015,C-4516,APAC,Paid Search,SMB,Home,Nest Sensor,3,64,0.055182481751824816,181.4,102.83,78.57,34.97,2024-09-13
2026-07-17,ORD-106016,C-4901,North America,Organic,Consumer,Home,Vista Hub,2,214,0,428,303.03,124.97,0,2025-08-31
2026-07-17,ORD-106017,C-4412,North America,Social,Consumer,Wearables,Nimbus Ring,3,245,0,735,536.46,198.54,53.24,2023-03-10
2026-07-17,ORD-106018,C-4780,EMEA,Paid Search,Consumer,Wearables,Pulse Band,1,105,0.10518248175182482,93.96,56.39,37.57,18.11,2024-02-13
2026-07-17,ORD-106019,C-4439,North America,Email,Enterprise,Home,Beacon Lamp,6,192,0,1152,865.98,286.02,110.25,2023-07-30
2026-07-17,ORD-106020,C-4761,LATAM,Email,Consumer,Accessories,Orbit Dock,1,208,0,208,119.97,88.03,18.6,2024-05-31
2026-07-18,ORD-106021,C-4776,EMEA,Organic,Consumer,Accessories,Orbit Dock,2,208,0,416,239.93,176.07,0,2025-02-17
2026-07-18,ORD-106022,C-4566,LATAM,Email,Enterprise,Accessories,Orbit Dock,2,208,0.07,386.88,239.93,146.95,39.41,2023-09-19
2026-07-18,ORD-106023,C-4580,EMEA,Email,SMB,Wearables,Nimbus Ring,1,245,0.05,232.75,178.82,53.93,22.98,2025-07-20
2026-07-18,ORD-106024,C-4164,EMEA,Social,Consumer,Wearables,Nimbus Ring,3,245,0,735,536.46,198.54,44.59,2024-08-19
2026-07-18,ORD-106025,C-4338,LATAM,Email,Consumer,Accessories,Flux Cable,3,93,0,279,171.28,107.72,18.66,2024-04-16
2026-07-18,ORD-106026,C-4689,North America,Social,SMB,Audio,Echo Buds,3,79,0,237,170.65,66.35,19.26,2025-07-27
2026-07-18,ORD-106027,C-4838,LATAM,Email,Enterprise,Audio,Halo Headset,9,125,0,1125,653.6,471.4,112.63,2025-04-19
2026-07-18,ORD-106028,C-4850,LATAM,Paid Search,SMB,Wearables,Aura Watch,1,329,0.27802919708029195,237.53,201.89,35.64,45.83,2024-04-09
2026-07-18,ORD-106029,C-4163,LATAM,Email,Enterprise,Audio,Halo Headset,1,125,0,125,72.62,52.38,8.58,2024-07-14
2026-07-18,ORD-106030,C-4195,North America,Paid Search,Consumer,Home,Vista Hub,2,214,0.0752919708029197,395.78,303.03,92.75,76.36,2024-06-13
2026-07-18,ORD-106031,C-4626,North America,Organic,SMB,Wearables,Nimbus Ring,3,245,0.15,624.75,536.46,88.29,0,2024-06-09
2026-07-18,ORD-106032,C-4452,LATAM,Social,Consumer,Home,Vista Hub,2,214,0,428,303.03,124.97,41.16,2024-09-07
2026-07-18,ORD-106033,C-4988,EMEA,Paid Search,SMB,Audio,Halo Headset,3,125,0.055291970802919706,354.27,217.87,136.4,68.35,2023-03-12
2026-07-19,ORD-106034,C-4887,North America,Organic,Enterprise,Wearables,Aura Watch,8,329,0.20313868613138686,2097.34,1615.44,481.9,0,2024-07-09
2026-07-19,ORD-106035,C-4184,North America,Organic,SMB,Wearables,Nimbus Ring,3,245,0.14,632.1,536.46,95.64,0,2023-08-20
2026-07-19,ORD-106036,C-4271,EMEA,Social,SMB,Wearables,Pulse Band,3,105,0,315,169.17,145.83,27,2024-06-21
2026-07-19,ORD-106037,C-4298,EMEA,Paid Search,SMB,Wearables,Nimbus Ring,1,245,0.0554014598540146,231.43,178.82,52.61,44.69,2025-03-25
2026-07-19,ORD-106038,C-4733,EMEA,Affiliate,SMB,Wearables,Aura Watch,3,329,0.20313868613138686,786.5,605.8,180.7,71.26,2025-02-14
2026-07-19,ORD-106039,C-4337,APAC,Paid Search,SMB,Audio,Halo Headset,3,125,0.1454014598540146,320.47,217.87,102.6,61.88,2024-11-12
2026-07-19,ORD-106040,C-4211,EMEA,Organic,Enterprise,Home,Vista Hub,7,214,0,1498,1060.62,437.38,0,2024-08-18
2026-07-19,ORD-106041,C-4584,EMEA,Email,SMB,Accessories,Flux Cable,1,93,0.11,82.77,57.09,25.68,7.47,2024-06-24
2026-07-19,ORD-106042,C-4794,APAC,Email,Enterprise,Audio,Halo Headset,7,125,0,875,508.35,366.65,70.5,2024-08-26
2026-07-19,ORD-106043,C-4605,LATAM,Affiliate,Enterprise,Audio,Echo Buds,1,79,0,79,56.88,22.12,8.57,2023-10-05
2026-07-19,ORD-106044,C-4723,EMEA,Paid Search,Consumer,Accessories,Flux Cable,1,93,0.1554014598540146,78.55,57.09,21.46,15.17,2025-06-22
2026-07-19,ORD-106045,C-4241,EMEA,Email,SMB,Home,Beacon Lamp,1,192,0,192,144.33,47.67,14.38,2023-03-10
2026-07-19,ORD-106046,C-4659,LATAM,Organic,SMB,Audio,Halo Headset,1,125,0,125,72.62,52.38,0,2023-11-05
2026-07-19,ORD-106047,C-4662,EMEA,Email,Enterprise,Audio,Halo Headset,6,125,0,750,435.73,314.27,82.35,2023-03-23
2026-07-19,ORD-106048,C-4989,APAC,Email,SMB,Home,Vista Hub,2,214,0.09,389.48,303.03,86.45,34.52,2024-08-05
2026-07-19,ORD-106049,C-4696,LATAM,Email,SMB,Wearables,Nimbus Ring,3,245,0,735,536.46,198.54,71.53,2024-01-18
2026-07-19,ORD-106050,C-4211,North America,Email,SMB,Accessories,Orbit Dock,1,208,0,208,119.97,88.03,17.86,2024-09-24
2026-07-19,ORD-106051,C-4509,EMEA,Organic,Enterprise,Wearables,Pulse Band,6,105,0.08,579.6,338.34,241.26,0,2023-02-21
2026-07-19,ORD-106052,C-4804,EMEA,Email,Consumer,Accessories,Flux Cable,2,93,0.11,165.54,114.19,51.35,11.22,2023-03-01
2026-07-19,ORD-106053,C-4549,LATAM,Affiliate,SMB,Accessories,Orbit Dock,2,208,0.11,370.24,239.93,130.31,23.47,2024-03-08
2026-07-19,ORD-106054,C-4635,North America,Paid Search,SMB,Home,Beacon Lamp,1,192,0.11540145985401459,169.84,144.33,25.51,32.8,2023-08-05
2026-07-19,ORD-106055,C-4693,LATAM,Paid Search,Enterprise,Accessories,Orbit Dock,7,208,0.1554014598540146,1229.74,839.77,389.97,237.47,2023-07-27
2026-07-19,ORD-106056,C-4377,LATAM,Social,SMB,Wearables,Aura Watch,2,329,0.25313868613138685,491.43,403.86,87.57,31.42,2023-10-17
2026-07-20,ORD-106057,C-4561,EMEA,Organic,Consumer,Accessories,Flux Cable,1,93,0,93,57.09,35.91,0,2023-12-24
2026-07-20,ORD-106058,C-4131,North America,Social,Enterprise,Accessories,Shield Case,2,204,0.02,399.84,275.78,124.06,31.7,2023-02-10
2026-07-20,ORD-106059,C-4805,North America,Social,SMB,Wearables,Aura Watch,2,329,0.3235401459854015,445.11,403.95,41.16,42.18,2024-09-27
2026-07-20,ORD-106060,C-4894,APAC,Affiliate,Enterprise,Home,Nest Sensor,8,64,0,512,274.22,237.78,36.9,2023-07-27
2026-07-20,ORD-106061,C-4780,EMEA,Paid Search,SMB,Home,Vista Hub,3,214,0.09551094890510949,580.68,454.55,126.13,112.23,2023-10-01
2026-07-20,ORD-106062,C-4624,APAC,Email,Consumer,Audio,Halo Headset,2,125,0,250,145.24,104.76,25.62,2025-02-28
2026-07-20,ORD-106063,C-4792,APAC,Affiliate,Enterprise,Accessories,Orbit Dock,6,208,0.02,1223.04,719.8,503.24,94.51,2024-05-25
2026-07-20,ORD-106064,C-4527,LATAM,Affiliate,SMB,Wearables,Pulse Band,2,105,0,210,112.78,97.22,21.71,2025-04-11
2026-07-20,ORD-106065,C-4919,LATAM,Paid Search,Enterprise,Home,Beacon Lamp,6,192,0.16551094890510948,961.33,865.98,95.35,185.79,2023-01-08
2026-07-20,ORD-106066,C-4454,EMEA,Organic,Consumer,Accessories,Orbit Dock,2,208,0,416,239.93,176.07,0,2023-06-16
2026-07-20,ORD-106067,C-4533,North America,Paid Search,Consumer,Audio,Echo Buds,3,79,0.055510948905109485,223.84,170.65,53.19,43.26,2025-09-08
2026-07-20,ORD-106068,C-4549,EMEA,Paid Search,SMB,Accessories,Orbit Dock,3,208,0.055510948905109485,589.36,359.9,229.46,113.9,2023-07-03
2026-07-20,ORD-106069,C-4256,LATAM,Paid Search,Consumer,Audio,Echo Buds,2,79,0.055510948905109485,149.23,113.76,35.47,28.84,2025-08-30
2026-07-20,ORD-106070,C-4658,LATAM,Social,Consumer,Wearables,Pulse Band,1,105,0,105,56.39,48.61,6.33,2023-11-26
2026-07-20,ORD-106071,C-4521,EMEA,Email,Consumer,Accessories,Shield Case,3,204,0,612,413.67,198.33,48.31,2025-05-28
2026-07-20,ORD-106072,C-4474,EMEA,Organic,Consumer,Wearables,Aura Watch,3,329,0.3435401459854015,647.93,605.93,42,0,2024-11-16
2026-07-20,ORD-106073,C-4454,EMEA,Affiliate,Enterprise,Audio,Echo Buds,4,79,0,316,227.53,88.47,29.65,2025-09-23
2026-07-20,ORD-106074,C-4963,North America,Paid Search,SMB,Audio,Echo Buds,3,79,0.055510948905109485,223.84,170.65,53.19,43.26,2024-07-14
2026-07-20,ORD-106075,C-4424,EMEA,Email,Consumer,Accessories,Shield Case,1,204,0.08,187.68,137.89,49.79,16.7,2023-08-28
2026-07-21,ORD-106076,C-4173,LATAM,Organic,Enterprise,Home,Nest Sensor,5,64,0.08,294.4,171.39,123.01,0,2024-02-08
2026-07-21,ORD-106077,C-4584,EMEA,Social,SMB,Wearables,Aura Watch,2,329,0.32394160583941606,444.85,404.04,40.81,38.5,2023-09-28
2026-07-21,ORD-106078,C-4153,APAC,Email,SMB,Wearables,Pulse Band,3,105,0,315,169.17,145.83,28.51,2024-09-27
2026-07-21,ORD-106079,C-4972,LATAM,Affiliate,Enterprise,Home,Vista Hub,2,214,0.09,389.48,303.03,86.45,35.8,2023-01-27
2026-07-21,ORD-106080,C-4684,EMEA,Paid Search,Consumer,Wearables,Aura Watch,2,329,0.2595620437956204,487.21,404.04,83.17,94.24,2025-08-03
2026-07-21,ORD-106081,C-4332,APAC,Organic,Consumer,Accessories,Flux Cable,3,93,0.13,242.73,171.28,71.45,0,2025-03-07
2026-07-21,ORD-106082,C-4870,APAC,Organic,Enterprise,Audio,Halo Headset,9,125,0.12,990,653.6,336.4,0,2023-03-17
2026-07-21,ORD-106083,C-4188,APAC,Affiliate,Enterprise,Accessories,Orbit Dock,8,208,0,1664,959.73,704.27,141.18,2025-03-08
2026-07-21,ORD-106084,C-4992,EMEA,Affiliate,Enterprise,Accessories,Shield Case,7,204,0.07,1328.04,965.23,362.81,132.61,2025-03-22
2026-07-21,ORD-106085,C-4514,LATAM,Social,SMB,Home,Vista Hub,3,214,0,642,454.55,187.45,70.44,2025-07-06
2026-07-21,ORD-106086,C-4853,North America,Organic,SMB,Audio,Echo Buds,3,79,0.05,225.15,170.65,54.5,0,2024-12-21
2026-07-21,ORD-106087,C-4456,LATAM,Social,Consumer,Home,Nest Sensor,3,64,0.08,176.64,102.83,73.81,19.35,2023-06-29
2026-07-21,ORD-106088,C-4959,EMEA,Organic,SMB,Accessories,Shield Case,2,204,0,408,275.78,132.22,0,2023-12-27
2026-07-21,ORD-106089,C-4923,LATAM,Email,SMB,Wearables,Aura Watch,2,329,0.20394160583941606,523.81,404.04,119.77,53.98,2023-11-10
2026-07-21,ORD-106090,C-4637,EMEA,Social,Consumer,Wearables,Nimbus Ring,2,245,0,490,357.64,132.36,41.05,2023-08-03
2026-07-21,ORD-106091,C-4633,North America,Social,Consumer,Wearables,Aura Watch,1,329,0.20394160583941606,261.9,202.03,59.87,17.29,2024-07-21
2026-07-21,ORD-106092,C-4908,LATAM,Organic,Enterprise,Accessories,Shield Case,3,204,0.01,605.88,413.67,192.21,0,2024-07-03
2026-07-21,ORD-106093,C-4766,North America,Social,Consumer,Wearables,Aura Watch,3,329,0.21394160583941607,775.84,606.07,169.77,48.32,2024-11-17
2026-07-22,ORD-106094,C-4191,LATAM,Affiliate,SMB,Home,Nest Sensor,3,64,0.09,174.72,102.83,71.89,17.53,2023-08-14
2026-07-22,ORD-106095,C-4370,APAC,Organic,SMB,Accessories,Shield Case,3,204,0,612,413.67,198.33,0,2025-05-19
2026-07-22,ORD-106096,C-4225,EMEA,Organic,Enterprise,Accessories,Shield Case,7,204,0.12,1256.64,965.23,291.41,0,2024-10-13
2026-07-22,ORD-106097,C-4975,APAC,Affiliate,Enterprise,Accessories,Orbit Dock,6,208,0,1248,719.8,528.2,85.01,2024-04-08
2026-07-22,ORD-106098,C-4863,EMEA,Paid Search,Enterprise,Wearables,Aura Watch,6,329,0.3800729927007299,1223.74,1212.4,11.34,236.91,2024-07-22
2026-07-22,ORD-106099,C-4254,North America,Paid Search,SMB,Audio,Halo Headset,2,125,0.09572992700729926,226.07,145.24,80.83,43.77,2023-05-28
2026-07-22,ORD-106100,C-4153,EMEA,Email,Consumer,Accessories,Shield Case,1,204,0,204,137.89,66.11,14.28,2024-01-17
2026-07-22,ORD-106101,C-4135,LATAM,Paid Search,Enterprise,Accessories,Orbit Dock,8,208,0.15572992700729926,1404.87,959.73,445.14,271.98,2023-08-24
2026-07-22,ORD-106102,C-4921,APAC,Social,SMB,Accessories,Flux Cable,1,93,0.03,90.21,57.09,33.12,8.08,2023-07-27
2026-07-22,ORD-106103,C-4381,APAC,Paid Search,Consumer,Wearables,Aura Watch,3,329,0.3200729927007299,671.09,606.21,64.88,129.92,2023-06-13
2026-07-22,ORD-106104,C-4511,LATAM,Paid Search,Consumer,Wearables,Aura Watch,2,329,0.3000729927007299,460.55,404.13,56.42,89.16,2025-08-07
2026-07-22,ORD-106105,C-4325,EMEA,Paid Search,Consumer,Audio,Halo Headset,3,125,0.11572992700729925,331.6,217.87,113.73,64.2,2023-09-30
2026-07-22,ORD-106106,C-4706,APAC,Organic,SMB,Accessories,Orbit Dock,3,208,0.03,605.28,359.9,245.38,0,2025-03-04
2026-07-22,ORD-106107,C-4911,APAC,Social,SMB,Accessories,Shield Case,2,204,0,408,275.78,132.22,30.16,2024-01-20
2026-07-22,ORD-106108,C-4654,EMEA,Affiliate,Consumer,Wearables,Nimbus Ring,3,245,0,735,536.46,198.54,48.6,2024-09-27
2026-07-22,ORD-106109,C-4322,EMEA,Social,SMB,Wearables,Aura Watch,1,329,0.20434306569343064,261.77,202.07,59.7,20.01,2023-01-19
2026-07-22,ORD-106110,C-4402,LATAM,Affiliate,Enterprise,Wearables,Nimbus Ring,9,245,0,2205,1609.39,595.61,191.03,2025-03-23
2026-07-22,ORD-106111,C-4947,APAC,Paid Search,Consumer,Accessories,Shield Case,1,204,0.055729927007299264,192.63,137.89,54.74,37.29,2024-05-08
2026-07-22,ORD-106112,C-4352,LATAM,Affiliate,Enterprise,Wearables,Aura Watch,6,329,0.22434306569343063,1531.15,1212.4,318.75,163.15,2024-12-01
2026-07-22,ORD-106113,C-4107,LATAM,Affiliate,Enterprise,Wearables,Nimbus Ring,5,245,0.08,1127,894.1,232.9,115.36,2024-06-19
2026-07-23,ORD-106114,C-4108,LATAM,Organic,SMB,Home,Nest Sensor,1,64,0,64,34.28,29.72,0,2025-06-15
2026-07-23,ORD-106115,C-4389,LATAM,Paid Search,Consumer,Wearables,Nimbus Ring,2,245,0.05583941605839416,462.64,357.64,105,89.64,2024-10-24
2026-07-23,ORD-106116,C-4507,North America,Paid Search,Consumer,Wearables,Nimbus Ring,1,245,0.05583941605839416,231.32,178.82,52.5,44.82,2024-06-28
2026-07-23,ORD-106117,C-4717,North America,Affiliate,SMB,Accessories,Flux Cable,2,93,0.07,172.98,114.19,58.79,16.2,2025-07-27
2026-07-23,ORD-106118,C-4695,LATAM,Organic,Consumer,Home,Vista Hub,3,214,0,642,454.55,187.45,0,2023-01-01
2026-07-23,ORD-106119,C-4498,EMEA,Affiliate,SMB,Wearables,Nimbus Ring,3,245,0.01,727.65,536.46,191.19,50,2024-06-10
2026-07-23,ORD-106120,C-4829,North America,Paid Search,Consumer,Wearables,Pulse Band,1,105,0.05583941605839416,99.14,56.39,42.75,19.21,2023-07-13
2026-07-23,ORD-106121,C-4390,North America,Affiliate,SMB,Accessories,Orbit Dock,2,208,0.1,374.4,239.93,134.47,31.8,2024-10-19
2026-07-23,ORD-106122,C-4553,LATAM,Email,SMB,Accessories,Orbit Dock,3,208,0.13,542.88,359.9,182.98,47.46,2023-03-13
2026-07-23,ORD-106123,C-4375,APAC,Affiliate,SMB,Home,Nest Sensor,3,64,0.07,178.56,102.83,75.73,15.52,2023-10-06
2026-07-23,ORD-106124,C-4727,EMEA,Social,Consumer,Home,Beacon Lamp,1,192,0.09,174.72,144.33,30.39,16.46,2024-12-15
2026-07-23,ORD-106125,C-4104,EMEA,Paid Search,Consumer,Home,Beacon Lamp,1,192,0.05583941605839416,181.28,144.33,36.95,35.12,2023-03-08
2026-07-23,ORD-106126,C-4813,LATAM,Email,Enterprise,Wearables,Nimbus Ring,4,245,0.06,921.2,715.28,205.92,58.86,2024-09-10
2026-07-23,ORD-106127,C-4672,North America,Paid Search,SMB,Accessories,Orbit Dock,3,208,0.10583941605839417,557.96,359.9,198.06,108.11,2023-10-31
2026-07-23,ORD-106128,C-4793,EMEA,Paid Search,Enterprise,Home,Vista Hub,4,214,0.05583941605839416,808.2,606.07,202.13,156.6,2023-10-19
2026-07-24,ORD-106129,C-4585,EMEA,Paid Search,SMB,Wearables,Aura Watch,1,329,0.31109489051094896,226.65,202.16,24.49,43.95,2023-08-18
2026-07-24,ORD-106130,C-4998,North America,Affiliate,SMB,Home,Vista Hub,3,214,0.02,629.16,454.55,174.61,62.46,2023-12-03
2026-07-24,ORD-106131,C-4588,APAC,Organic,SMB,Wearables,Aura Watch,3,329,0.20514598540145987,784.52,606.48,178.04,0,2023-01-15
2026-07-24,ORD-106132,C-4845,APAC,Paid Search,Consumer,Wearables,Nimbus Ring,2,245,0.17594890510948905,403.79,357.64,46.15,78.3,2023-11-20
2026-07-24,ORD-106133,C-4941,APAC,Email,SMB,Home,Beacon Lamp,2,192,0,384,288.66,95.34,33.48,2023-01-04
2026-07-24,ORD-106134,C-4420,North America,Organic,SMB,Wearables,Aura Watch,2,329,0.3151459854014599,450.63,404.32,46.31,0,2025-08-09
2026-07-24,ORD-106135,C-4588,LATAM,Social,Enterprise,Accessories,Orbit Dock,6,208,0,1248,719.8,528.2,101.17,2024-05-03
2026-07-24,ORD-106136,C-4198,APAC,Email,Enterprise,Accessories,Orbit Dock,7,208,0,1456,839.77,616.23,106.47,2025-03-27
2026-07-24,ORD-106137,C-4843,North America,Affiliate,SMB,Wearables,Nimbus Ring,2,245,0,490,357.64,132.36,52.68,2024-09-12
2026-07-24,ORD-106138,C-4152,LATAM,Organic,Consumer,Accessories,Shield Case,1,204,0.01,201.96,137.89,64.07,0,2024-10-17
2026-07-25,ORD-106139,C-4428,North America,Organic,Enterprise,Accessories,Flux Cable,1,93,0.05,88.35,57.09,31.26,0,2024-08-09
2026-07-25,ORD-106140,C-4812,APAC,Organic,Consumer,Accessories,Flux Cable,1,93,0,93,57.09,35.91,0,2023-12-06
2026-07-25,ORD-106141,C-4164,North America,Affiliate,Consumer,Wearables,Pulse Band,3,105,0,315,169.17,145.83,20.85,2024-05-22
2026-07-25,ORD-106142,C-4879,APAC,Social,SMB,Home,Vista Hub,1,214,0.06,201.16,151.52,49.64,22.11,2023-11-23
2026-07-25,ORD-106143,C-4156,LATAM,Affiliate,Consumer,Wearables,Nimbus Ring,1,245,0,245,178.82,66.18,17.32,2024-11-20
2026-07-25,ORD-106144,C-4524,EMEA,Social,Consumer,Accessories,Shield Case,3,204,0,612,413.67,198.33,46.53,2024-01-03
2026-07-25,ORD-106145,C-4814,APAC,Paid Search,,Home,Vista Hub,3,214,0.05605839416058394,606.01,454.55,151.46,117.62,2025-01-18
2026-07-25,ORD-106146,C-4898,North America,Paid Search,Enterprise,Wearables,Nimbus Ring,3,245,0.05605839416058394,693.8,536.46,157.34,134.66,2023-09-14
2026-07-25,ORD-106147,C-4786,North America,Email,Enterprise,Home,Nest Sensor,1,64,0.11,56.96,34.28,22.68,6.14,2025-01-17
2026-07-25,ORD-106148,C-4979,North America,Organic,SMB,Home,Beacon Lamp,1,192,0.12,168.96,144.33,24.63,0,2024-06-30
2026-07-25,ORD-106149,C-4634,APAC,Email,SMB,Accessories,Flux Cable,3,93,0.06,262.26,171.28,90.98,20.44,2023-11-01
2026-07-25,ORD-106150,C-4503,North America,Email,SMB,Home,Nest Sensor,2,64,0,128,68.56,59.44,9.07,2025-06-03
2026-07-25,ORD-106151,C-4229,EMEA,Affiliate,Consumer,Home,Beacon Lamp,3,192,0,576,432.99,143.01,61.19,2024-09-26
2026-07-26,ORD-106152,C-4824,LATAM,Email,SMB,Accessories,Flux Cable,1,93,0,93,57.09,35.91,8.3,2024-07-29
2026-07-26,ORD-106153,C-4666,APAC,Organic,Enterprise,Wearables,Aura Watch,3,329,0.34594890510948906,645.55,606.76,38.79,0,2024-06-01
2026-07-26,ORD-106154,C-4655,North America,Organic,Consumer,Accessories,Orbit Dock,2,208,0.13,361.92,239.93,121.99,0,2023-12-12
2026-07-26,ORD-106155,C-4898,LATAM,Affiliate,SMB,Accessories,Flux Cable,2,93,0,186,114.19,71.81,14.46,2025-01-16
2026-07-26,ORD-106156,C-4555,North America,Paid Search,Enterprise,Wearables,Nimbus Ring,4,245,0.056167883211678836,924.96,715.28,209.68,179.68,2025-05-19
2026-07-26,ORD-106157,C-4798,EMEA,Social,SMB,Wearables,Pulse Band,2,105,0,210,112.78,97.22,20.45,2025-02-01
2026-07-26,ORD-106158,C-4868,APAC,Social,Enterprise,Accessories,Orbit Dock,6,208,0.05,1185.6,719.8,465.8,121.39,2023-10-01
2026-07-26,ORD-106159,C-4208,North America,Email,SMB,Home,Nest Sensor,1,64,0.14,55.04,34.28,20.76,4.29,2025-03-01
2026-07-26,ORD-106160,C-4944,North America,Paid Search,Consumer,Wearables,Pulse Band,1,105,0.12616788321167885,91.75,56.39,35.36,17.82,2024-05-12
2026-07-26,ORD-106161,C-4988,EMEA,Paid Search,Consumer,Home,Vista Hub,3,214,0.056167883211678836,605.94,454.55,151.39,117.7,2023-12-14
2026-07-26,ORD-106162,C-4597,EMEA,Paid Search,Consumer,Accessories,Flux Cable,3,93,0.056167883211678836,263.33,171.28,92.05,51.15,2025-02-15
2026-07-26,ORD-106163,C-4476,EMEA,Email,Consumer,Home,Vista Hub,2,214,0,428,303.03,124.97,38.26,2025-04-27
2026-07-26,ORD-106164,C-4953,APAC,Affiliate,SMB,Audio,Echo Buds,1,79,0.07,73.47,56.88,16.59,5.7,2024-04-27
2026-07-26,ORD-106165,C-4147,EMEA,,Consumer,Home,Nest Sensor,2,64,0.12,112.64,68.56,44.08,8.01,2023-06-23
2026-07-26,ORD-106166,C-4129,LATAM,Social,Enterprise,Accessories,Shield Case,3,204,0,612,413.67,198.33,43.52,2024-01-20
2026-07-26,ORD-106167,C-4216,EMEA,Email,Consumer,Home,Nest Sensor,3,64,0.02,188.16,102.83,85.33,14.8,2023-02-02
2026-07-26,ORD-106168,C-4687,North America,Social,Enterprise,Home,Vista Hub,8,214,0,1712,1212.14,499.86,134.78,2023-02-24
2026-07-26,ORD-106169,C-4800,LATAM,Affiliate,Consumer,Wearables,Aura Watch,3,329,0.20594890510948907,783.73,606.76,176.97,54.49,2025-03-05
2026-07-27,ORD-106170,C-4388,LATAM,Social,Consumer,Audio,Halo Headset,3,125,0,375,217.87,157.13,36.51,2023-03-23
2026-07-27,ORD-106171,C-4519,EMEA,Affiliate,Consumer,Home,Nest Sensor,1,64,0,64,34.28,29.72,5.59,2025-04-28
2026-07-27,ORD-106172,C-4466,LATAM,Paid Search,Enterprise,Wearables,Aura Watch,9,329,0.26262773722627736,2183.36,1820.67,362.69,424.48,2025-07-21
2026-07-27,ORD-106173,C-4627,LATAM,Email,Enterprise,Wearables,Aura Watch,9,329,0.20635036496350365,2350,1820.67,529.33,150.08,2023-08-30
2026-07-27,ORD-106174,C-4398,LATAM,Organic,Consumer,Accessories,Flux Cable,1,93,0,93,57.09,35.91,0,2025-08-10
2026-07-27,ORD-106175,C-4184,APAC,Affiliate,Enterprise,Wearables,Pulse Band,1,105,0,105,56.39,48.61,7.51,2024-01-29
2026-07-27,ORD-106176,C-4115,APAC,Affiliate,Enterprise,Audio,Echo Buds,7,79,0.11,492.17,398.17,94,43.19,2025-08-18
2026-07-27,ORD-106177,C-4100,North America,Organic,SMB,Accessories,Shield Case,3,204,0,612,413.67,198.33,0,2023-11-26
2026-07-27,ORD-106178,C-4267,LATAM,Organic,SMB,Wearables,Aura Watch,3,329,0.20635036496350365,783.33,606.89,176.44,0,2025-03-06
2026-07-27,ORD-106179,C-4750,APAC,Organic,Consumer,Accessories,Flux Cable,1,93,0,93,57.09,35.91,0,2024-03-29
2026-07-27,ORD-106180,C-4414,LATAM,Organic,SMB,Wearables,Aura Watch,1,329,0.20635036496350365,261.11,202.3,58.81,0,2025-08-17
2026-07-27,ORD-106181,C-4924,APAC,Email,Enterprise,Wearables,Aura Watch,3,329,0.35635036496350364,635.28,606.89,28.39,66.73,2024-06-12
2026-07-27,ORD-106182,C-4250,EMEA,Organic,SMB,Audio,Halo Headset,1,125,0,125,72.62,52.38,0,2025-04-06
2026-07-27,ORD-106183,C-4807,APAC,Organic,SMB,Wearables,Aura Watch,3,329,0.28635036496350363,704.37,606.89,97.48,0,2024-07-05
2026-07-27,ORD-106184,C-4983,North America,Affiliate,Consumer,Home,Beacon Lamp,1,192,0.08,176.64,144.33,32.31,16.59,2024-08-07
2026-07-27,ORD-106185,C-4181,North America,Paid Search,SMB,Audio,Halo Headset,3,125,0.07627737226277372,346.4,217.87,128.53,67.35,2023-03-13
2026-07-27,ORD-106186,C-4600,LATAM,Affiliate,Consumer,Audio,Halo Headset,3,125,0,375,217.87,157.13,30.59,2023-09-08
2026-07-27,ORD-106187,C-4456,LATAM,Affiliate,Enterprise,Wearables,Aura Watch,7,329,0.20635036496350365,1827.78,1416.08,411.7,112.79,2023-08-18
2026-07-27,ORD-106188,C-4984,APAC,Organic,Enterprise,Home,Beacon Lamp,6,192,0,1152,865.98,286.02,0,2024-04-20
2026-07-27,ORD-106189,C-4395,EMEA,Organic,Enterprise,Audio,Echo Buds,3,79,0.03,229.89,170.65,59.24,0,2024-03-22
2026-07-27,ORD-106190,C-4724,LATAM,Paid Search,SMB,Home,Vista Hub,2,214,0.08627737226277371,391.07,303.03,88.04,76.03,2023-04-28
2026-07-27,ORD-106191,C-4611,North America,Organic,Enterprise,Home,Nest Sensor,9,64,0,576,308.5,267.5,0,2024-03-29
2026-07-28,ORD-106192,C-4370,EMEA,Email,Consumer,Accessories,Orbit Dock,2,208,0.09,378.56,239.93,138.63,33.03,2023-07-29
2026-07-28,ORD-106193,C-4968,APAC,Organic,Consumer,Wearables,Aura Watch,3,329,0.28675182481751826,703.98,607.03,96.95,0,2025-03-05
2026-07-28,ORD-106194,C-4741,APAC,Paid Search,Consumer,Accessories,Orbit Dock,1,208,0.05638686131386861,196.27,119.97,76.3,38.19,2023-07-10
2026-07-28,ORD-106195,C-4710,APAC,Paid Search,SMB,Wearables,Aura Watch,2,329,0.26313868613138686,484.85,404.68,80.17,94.34,2024-05-28
2026-07-28,ORD-106196,C-4170,EMEA,Social,Enterprise,Home,Vista Hub,1,214,0.12,188.32,151.52,36.8,12.18,2025-04-21
2026-07-28,ORD-106197,C-4415,LATAM,Affiliate,Consumer,Accessories,Flux Cable,3,93,0,279,171.28,107.72,21.03,2024-04-24
2026-07-28,ORD-106198,C-4292,LATAM,Email,SMB,Home,Nest Sensor,3,64,0.14,165.12,102.83,62.29,16.9,2025-01-02
2026-07-28,ORD-106199,C-4200,LATAM,Social,Consumer,Wearables,Pulse Band,3,105,0,315,169.17,145.83,20.24,2024-11-04
2026-07-28,ORD-106200,C-4276,LATAM,Paid Search,SMB,Wearables,Nimbus Ring,1,245,0.1663868613138686,204.24,178.82,25.42,39.74,2024-09-18
2026-07-28,ORD-106201,C-4340,APAC,Social,Enterprise,Home,Nest Sensor,6,64,0.1,345.6,205.67,139.93,23.56,2025-06-05
2026-07-28,ORD-106202,C-4678,North America,Affiliate,Enterprise,Home,Vista Hub,7,214,0,1498,1060.62,437.38,152.77,2024-10-19
2026-07-28,ORD-106203,C-4348,EMEA,Affiliate,Consumer,Wearables,Pulse Band,2,105,0,210,112.78,97.22,13.92,2025-01-04
2026-07-28,ORD-106204,C-4202,LATAM,Organic,SMB,Home,Beacon Lamp,2,192,0.14,330.24,288.66,41.58,0,2025-02-16
2026-07-28,ORD-106205,C-4149,EMEA,Paid Search,Enterprise,Accessories,Orbit Dock,9,208,0.05638686131386861,1766.44,1079.7,686.74,343.71,2023-04-26
2026-07-28,ORD-106206,C-4693,EMEA,Social,SMB,Home,Nest Sensor,1,64,0.1,57.6,34.28,23.32,4.82,2023-03-27
2026-07-28,ORD-106207,C-4883,North America,Paid Search,Enterprise,Home,Vista Hub,7,214,0.05638686131386861,1413.53,1060.62,352.91,275.05,2024-07-27
2026-07-28,ORD-106208,C-4571,LATAM,Affiliate,SMB,Wearables,Pulse Band,1,105,0,105,56.39,48.61,11.52,2023-04-14
2026-07-28,ORD-106209,C-4393,APAC,Social,Enterprise,Audio,Echo Buds,5,79,0,395,284.41,110.59,43.42,2025-08-24
2026-07-29,ORD-106210,C-4983,EMEA,Organic,SMB,Home,Nest Sensor,3,64,0,192,102.83,89.17,0,2024-03-19
2026-07-29,ORD-106211,C-4447,North America,Organic,SMB,Accessories,Orbit Dock,2,208,0.1,374.4,239.93,134.47,0,2023-01-17
2026-07-29,ORD-106212,C-4211,APAC,Email,SMB,Accessories,Shield Case,2,204,0.08,375.36,275.78,99.58,29.88,2023-09-28
2026-07-29,ORD-106213,C-4448,LATAM,Email,SMB,Audio,Halo Headset,1,125,0.03,121.25,72.62,48.63,11.72,2023-01-12
2026-07-29,ORD-106214,C-4634,North America,Affiliate,SMB,Wearables,Pulse Band,1,105,0,105,56.39,48.61,9.83,2025-07-13
2026-07-29,ORD-106215,C-4948,North America,Social,Consumer,Accessories,Shield Case,3,204,0.1,550.8,413.67,137.13,37.57,2024-05-12
2026-07-29,ORD-106216,C-4335,North America,Social,SMB,Home,Nest Sensor,3,64,0.15,163.2,102.83,60.37,10.05,2024-05-29
2026-07-29,ORD-106217,C-4668,APAC,Affiliate,Consumer,Accessories,Orbit Dock,2,208,0,416,239.93,176.07,37.8,2023-04-14
2026-07-29,ORD-106218,C-4801,EMEA,Paid Search,Consumer,Accessories,Orbit Dock,2,208,0.19649635036496352,334.26,239.93,94.33,65.1,2024-03-30
2026-07-29,ORD-106219,C-4200,LATAM,Organic,Enterprise,Accessories,Flux Cable,3,93,0,279,171.28,107.72,0,2024-05-13
2026-07-29,ORD-106220,C-4276,EMEA,Social,SMB,Home,Vista Hub,1,214,0,214,151.52,62.48,19.33,2023-04-11
2026-07-29,ORD-106221,C-4825,North America,Paid Search,Consumer,Accessories,Orbit Dock,3,208,0.1864963503649635,507.63,359.9,147.73,98.86,2024-07-15
2026-07-29,ORD-106222,C-4607,North America,Affiliate,Consumer,Accessories,Orbit Dock,3,208,0,624,359.9,264.1,53.45,2025-01-25
2026-07-29,ORD-106223,C-4535,EMEA,Paid Search,Enterprise,Home,Vista Hub,6,214,0.0564963503649635,1211.46,909.1,302.36,235.93,2024-05-11
2026-07-29,ORD-106224,C-4288,North America,Affiliate,SMB,Accessories,Flux Cable,3,93,0,279,171.28,107.72,17.8,2024-10-03
2026-07-29,ORD-106225,C-4325,APAC,Social,SMB,Accessories,Orbit Dock,1,208,0,208,119.97,88.03,16.06,2023-02-05
2026-07-29,ORD-106226,C-4421,EMEA,Social,SMB,Wearables,Nimbus Ring,2,245,0,490,357.64,132.36,43.51,2023-10-31
2026-07-29,ORD-106227,C-4456,LATAM,Affiliate,SMB,Accessories,Orbit Dock,1,208,0.15,176.8,119.97,56.83,11.04,2024-08-29
2026-07-29,ORD-106228,C-4444,LATAM,Affiliate,Consumer,Home,Vista Hub,2,214,0,428,303.03,124.97,46.99,2025-02-13
2026-07-29,ORD-106229,C-4412,North America,Affiliate,Enterprise,Accessories,Flux Cable,2,93,0,186,114.19,71.81,16.43,2023-11-06
2026-07-29,ORD-106230,C-4196,LATAM,Social,SMB,Wearables,Aura Watch,1,329,0.29715328467153285,231.24,202.39,28.85,19.41,2023-02-21
2026-07-29,ORD-106231,C-4315,LATAM,Organic,Enterprise,Audio,Echo Buds,2,79,0.07,146.94,113.76,33.18,0,2024-05-28
2026-07-30,ORD-106232,C-4528,EMEA,Email,SMB,Home,Vista Hub,2,214,0,428,303.03,124.97,44.19,2024-02-19
2026-07-30,ORD-106233,C-4336,EMEA,Organic,SMB,Home,Vista Hub,2,214,0.03,415.16,303.03,112.13,0,2023-07-28
2026-07-30,ORD-106234,C-4814,North America,Organic,Enterprise,Audio,Echo Buds,7,79,0,553,398.17,154.83,0,2024-11-05
2026-07-30,ORD-106235,C-4446,North America,Social,SMB,Wearables,Aura Watch,1,329,0.31755474452554744,224.52,202.44,22.08,19.37,2024-03-08
2026-07-30,ORD-106236,C-4331,APAC,Paid Search,SMB,Wearables,Pulse Band,1,105,0.056605839416058394,99.06,56.39,42.67,19.31,2024-09-05
2026-07-30,ORD-106237,C-4274,North America,Organic,Consumer,Home,Beacon Lamp,2,192,0,384,288.66,95.34,0,2024-08-27
2026-07-30,ORD-106238,C-4446,North America,Organic,SMB,Home,Nest Sensor,1,64,0.04,61.44,34.28,27.16,0,2025-04-29
2026-07-30,ORD-106239,C-4571,APAC,Affiliate,Consumer,Home,Vista Hub,1,214,0,214,151.52,62.48,20.72,2023-04-03
2026-07-30,ORD-106240,C-4713,LATAM,Affiliate,Enterprise,Home,Beacon Lamp,5,192,0.04,921.6,721.65,199.95,95.69,2024-12-27
2026-07-30,ORD-106241,C-4111,EMEA,Email,Enterprise,Wearables,Aura Watch,5,329,0.20755474452554745,1303.57,1012.17,291.4,141.45,2023-06-27
2026-07-30,ORD-106242,C-4622,LATAM,Organic,SMB,Wearables,Pulse Band,2,105,0,210,112.78,97.22,0,2024-03-27
2026-07-30,ORD-106243,C-4353,North America,Email,Consumer,Wearables,Aura Watch,2,329,0.20755474452554745,521.43,404.87,116.56,32.42,2024-06-22
2026-07-30,ORD-106244,C-4964,EMEA,Affiliate,SMB,Home,Beacon Lamp,2,192,0.12,337.92,288.66,49.26,36.35,2023-05-21
2026-07-30,ORD-106245,C-4812,LATAM,Social,Enterprise,Accessories,Shield Case,1,204,0,204,137.89,66.11,17.4,2025-01-26
2026-07-30,ORD-106246,C-4686,EMEA,Organic,Consumer,Home,Beacon Lamp,3,192,0,576,432.99,143.01,0,2023-09-26
2026-07-30,ORD-106247,C-4208,North America,Affiliate,Enterprise,Accessories,Orbit Dock,6,208,0.12,1098.24,719.8,378.44,93.59,2024-10-18
2026-07-30,ORD-106248,C-4760,APAC,Social,Enterprise,Home,Beacon Lamp,9,192,0,1728,1298.98,429.02,156.97,2025-03-02
2026-07-30,ORD-106249,C-4138,EMEA,Affiliate,Enterprise,Accessories,Flux Cable,7,93,0.07,605.43,399.66,205.77,65.65,2023-09-08
2026-07-30,ORD-106250,C-4872,North America,Social,Enterprise,Audio,Echo Buds,8,79,0,632,455.05,176.95,57.55,2025-02-12
2026-07-30,ORD-106251,C-4102,North America,Email,Enterprise,Audio,Halo Headset,2,125,0.09,227.5,145.24,82.26,20.51,2025-06-14
2026-07-31,ORD-106252,C-4856,EMEA,Paid Search,SMB,Audio,Echo Buds,1,79,0.056715328467153284,74.52,56.88,17.64,14.54,2024-10-14
2026-07-31,ORD-106253,C-4256,North America,Social,Enterprise,Accessories,Orbit Dock,1,208,0,208,119.97,88.03,18.07,2023-05-15
2026-07-31,ORD-106254,C-4965,LATAM,Organic,Consumer,Wearables,Pulse Band,3,105,0,315,169.17,145.83,0,2023-07-29
2026-07-31,ORD-106255,C-4421,North America,Paid Search,Enterprise,Accessories,Flux Cable,1,93,0.07671532846715329,85.87,57.09,28.78,16.75,2025-04-08
2026-07-31,ORD-106256,C-4143,APAC,Affiliate,Consumer,Accessories,Flux Cable,1,93,0.02,91.14,57.09,34.05,6.94,2023-05-12
2026-07-31,ORD-106257,C-4661,APAC,Organic,Enterprise,Home,Vista Hub,3,214,0.03,622.74,454.55,168.19,0,2024-07-18
2026-07-31,ORD-106258,C-4224,APAC,Email,SMB,Wearables,Pulse Band,3,105,0.12,277.2,169.17,108.03,25.24,2023-09-18
2026-07-31,ORD-106259,C-4325,LATAM,Paid Search,SMB,Wearables,Pulse Band,2,105,0.08671532846715328,191.79,112.78,79.01,37.41,2023-09-29
2026-07-31,ORD-106260,C-4590,APAC,Affiliate,Consumer,Home,Nest Sensor,3,64,0,192,102.83,89.17,14.68,2025-09-02
2026-07-31,ORD-106261,C-4128,North America,Affiliate,SMB,Audio,Halo Headset,2,125,0,250,145.24,104.76,17.23,2024-11-27
2026-07-31,ORD-106262,C-4212,APAC,Affiliate,Enterprise,Home,Vista Hub,7,214,0,1498,1060.62,437.38,115.77,2024-10-29
2026-07-31,ORD-106263,C-4914,North America,Organic,SMB,Home,Beacon Lamp,3,192,0,576,432.99,143.01,0,2023-01-10
2026-07-31,ORD-106264,C-4120,North America,Email,SMB,Audio,Echo Buds,3,79,0,237,170.65,66.35,19.46,2023-10-03
2026-07-31,ORD-106265,C-4509,EMEA,Affiliate,Consumer,Wearables,Nimbus Ring,3,245,0.14,632.1,536.46,95.64,56.15,2023-02-01
2026-08-01,ORD-106266,C-4785,APAC,Email,SMB,Wearables,Nimbus Ring,3,245,0,735,536.46,198.54,70.61,2025-06-09
2026-08-01,ORD-106267,C-4102,LATAM,Affiliate,SMB,Wearables,Aura Watch,3,329,0.20835766423357663,781.35,607.58,173.77,63.31,2023-03-05
2026-08-01,ORD-106268,C-4790,North America,Social,Consumer,Accessories,Orbit Dock,2,208,0,416,239.93,176.07,38.88,2024-09-17
2026-08-01,ORD-106269,C-4911,APAC,Affiliate,Consumer,Wearables,Nimbus Ring,1,245,0.02,240.1,178.82,61.28,23.94,2025-02-12
2026-08-01,ORD-106270,C-4412,LATAM,Email,SMB,Accessories,Shield Case,3,204,0.09,556.92,413.67,143.25,55.51,2025-06-07
2026-08-01,ORD-106271,C-4465,EMEA,Social,SMB,Home,Vista Hub,3,214,0,642,454.55,187.45,39.62,2025-01-24
2026-08-01,ORD-106272,C-4516,LATAM,Organic,Consumer,Accessories,Orbit Dock,3,208,0,624,359.9,264.1,0,2023-02-27
2026-08-01,ORD-106273,C-4943,APAC,Social,SMB,Accessories,Flux Cable,1,93,0.14,79.98,57.09,22.89,6.62,2023-05-01
2026-08-01,ORD-106274,C-4386,EMEA,Email,SMB,Audio,Halo Headset,3,125,0,375,217.87,157.13,35.06,2025-08-06
2026-08-01,ORD-106275,C-4803,APAC,Email,Enterprise,Wearables,Aura Watch,5,329,0.20835766423357663,1302.25,1012.63,289.62,125.66,2023-07-17
2026-08-01,ORD-106276,C-4806,EMEA,Email,SMB,Audio,Halo Headset,3,125,0,375,217.87,157.13,35.35,2024-08-21
2026-08-01,ORD-106277,C-4642,North America,Social,Consumer,Accessories,Flux Cable,1,93,0,93,57.09,35.91,6.89,2025-01-20
2026-08-02,ORD-106278,C-4200,EMEA,Social,SMB,Accessories,Flux Cable,1,93,0,93,57.09,35.91,10.12,2024-09-14
2026-08-02,ORD-106279,C-4787,EMEA,Organic,Enterprise,Audio,Echo Buds,7,79,0,553,398.17,154.83,0,2025-03-14
2026-08-02,ORD-106280,C-4131,APAC,Email,SMB,Audio,Halo Headset,1,125,0,125,72.62,52.38,8.06,2024-09-15
2026-08-02,ORD-106281,C-4558,LATAM,Organic,SMB,Wearables,Nimbus Ring,1,245,0,245,178.82,66.18,0,2024-03-19
2026-08-02,ORD-106282,C-4726,North America,Organic,Enterprise,Wearables,Nimbus Ring,7,245,0.05,1629.25,1251.74,377.51,0,2025-05-14
2026-08-02,ORD-106283,C-4613,LATAM,Email,Enterprise,Home,Nest Sensor,1,64,0,64,34.28,29.72,6.37,2024-11-14
2026-08-02,ORD-106284,C-4647,North America,Email,SMB,Home,Nest Sensor,2,64,0.03,124.16,68.56,55.6,8.27,2024-11-02
2026-08-02,ORD-106285,C-4996,North America,Organic,SMB,Wearables,Pulse Band,2,105,0.08,193.2,112.78,80.42,0,2023-03-16
2026-08-02,ORD-106286,C-4742,EMEA,Social,Consumer,Audio,Halo Headset,1,125,0,125,72.62,52.38,11.32,2025-01-29
2026-08-02,ORD-106287,C-4345,LATAM,Affiliate,Enterprise,Accessories,Flux Cable,5,93,0,465,285.47,179.53,50.81,2025-01-31
2026-08-02,ORD-106288,C-4743,LATAM,Social,Consumer,Audio,Halo Headset,3,125,0,375,217.87,157.13,39.57,2024-06-11
2026-08-02,ORD-106289,C-4733,EMEA,Social,Enterprise,Home,Nest Sensor,8,64,0,512,274.22,237.78,32.38,2025-06-28
2026-08-02,ORD-106290,C-4397,EMEA,Email,Consumer,Accessories,Shield Case,3,204,0.12,538.56,413.67,124.89,48.95,2024-09-18
2026-08-02,ORD-106291,C-4268,APAC,Social,SMB,Wearables,Aura Watch,2,329,0.21875912408759124,514.06,405.14,108.92,41.23,2024-04-15
2026-08-02,ORD-106292,C-4517,North America,Social,Consumer,Accessories,Flux Cable,1,93,0.1,83.7,57.09,26.61,7.95,2024-05-05
2026-08-02,ORD-106293,C-4751,EMEA,Organic,Consumer,Audio,Halo Headset,3,125,0.01,371.25,217.87,153.38,0,2025-02-04
2026-08-02,ORD-106294,C-4567,EMEA,Email,Consumer,Accessories,Orbit Dock,1,208,0.11,185.12,119.97,65.15,15.19,2025-05-07
2026-08-02,ORD-106295,C-4344,LATAM,Email,SMB,Accessories,Shield Case,1,204,0.1,183.6,137.89,45.71,13.5,2025-03-05
2026-08-02,ORD-106296,C-4439,EMEA,Email,Consumer,Audio,Echo Buds,2,79,0.04,151.68,113.76,37.92,15.72,2023-08-14
2026-08-02,ORD-106297,C-4201,EMEA,Paid Search,Consumer,Accessories,Flux Cable,2,93,0.16693430656934305,154.95,114.19,40.76,30.28,2025-01-15
2026-08-03,ORD-106298,C-4963,North America,Paid Search,SMB,Audio,Halo Headset,1,125,0.14704379562043796,106.62,72.62,34,20.85,2024-01-27
2026-08-03,ORD-106299,C-4876,EMEA,Email,SMB,Wearables,Pulse Band,1,105,0.01,103.95,56.39,47.56,8.29,2023-09-17
2026-08-03,ORD-106300,C-4618,APAC,Organic,SMB,Accessories,Shield Case,3,204,0,612,413.67,198.33,0,2023-05-03
2026-08-03,ORD-106301,C-4387,EMEA,Social,Consumer,Wearables,Nimbus Ring,3,245,0,735,536.46,198.54,55.65,2024-11-19
2026-08-03,ORD-106302,C-4411,APAC,Paid Search,Consumer,Accessories,Flux Cable,3,93,0.17704379562043795,229.6,171.28,58.32,44.9,2025-02-03
2026-08-03,ORD-106303,C-4568,LATAM,Organic,Enterprise,Home,Vista Hub,7,214,0.09,1363.18,1060.62,302.56,0,2023-01-23
2026-08-03,ORD-106304,C-4192,LATAM,Paid Search,SMB,Audio,Echo Buds,3,79,0.05704379562043796,223.48,170.65,52.83,43.71,2023-07-04
2026-08-03,ORD-106305,C-4714,EMEA,Email,Enterprise,Accessories,Flux Cable,5,93,0,465,285.47,179.53,45.69,2023-09-07
2026-08-03,ORD-106306,C-4479,EMEA,Paid Search,Enterprise,Wearables,Nimbus Ring,3,245,0.05704379562043796,693.07,536.46,156.61,135.54,2024-11-21
2026-08-03,ORD-106307,,North America,Affiliate,Consumer,Wearables,Nimbus Ring,2,245,0,490,357.64,132.36,49.51,2023-08-18
2026-08-03,ORD-106308,C-4977,APAC,Social,SMB,Accessories,Shield Case,1,204,0.13,177.48,137.89,39.59,13.44,2023-04-27
2026-08-03,ORD-106309,C-4621,North America,Affiliate,Consumer,Home,Nest Sensor,3,64,0.12,168.96,102.83,66.13,15.19,2024-02-20
2026-08-03,ORD-106310,C-4665,EMEA,Social,Consumer,Audio,Halo Headset,2,125,0.07,232.5,145.24,87.26,24.55,2025-06-11
2026-08-03,ORD-106311,C-4895,APAC,Affiliate,SMB,Home,Vista Hub,2,214,0,428,303.03,124.97,39.94,2024-01-30
2026-08-03,ORD-106312,C-4838,LATAM,Paid Search,Consumer,Wearables,Aura Watch,1,329,0.2662043795620438,241.42,202.62,38.8,47.21,2023-07-24
2026-08-03,ORD-106313,C-4971,North America,Organic,SMB,Wearables,Nimbus Ring,1,245,0.13,213.15,178.82,34.33,0,2023-04-08
2026-08-04,ORD-106314,C-4201,LATAM,Affiliate,Consumer,Wearables,Nimbus Ring,3,245,0.08,676.2,536.46,139.74,59.89,2025-05-28
2026-08-04,ORD-106315,C-4743,LATAM,Social,Enterprise,Home,Nest Sensor,4,64,0,256,137.11,118.89,23.58,2024-03-01
2026-08-04,ORD-106316,C-4756,EMEA,Social,Consumer,Accessories,Orbit Dock,1,208,0.12,183.04,119.97,63.07,11.89,2023-11-11
2026-08-04,ORD-106317,C-4700,EMEA,Affiliate,Enterprise,Wearables,Nimbus Ring,6,245,0.1,1323,1072.92,250.08,90.39,2024-05-13
2026-08-04,ORD-106318,C-4756,North America,Email,Enterprise,Accessories,Shield Case,4,204,0,816,551.56,264.44,53.47,2023-09-18
2026-08-04,ORD-106319,C-4897,APAC,Organic,Enterprise,Audio,Echo Buds,2,79,0.12,139.04,113.76,25.28,0,2023-01-24
2026-08-04,ORD-106320,C-4605,LATAM,Email,Enterprise,Wearables,Pulse Band,2,105,0,210,112.78,97.22,17.72,2024-12-27
2026-08-04,ORD-106321,C-4768,LATAM,Organic,Consumer,Wearables,Pulse Band,1,105,0.09,95.55,56.39,39.16,0,2024-03-25
2026-08-04,ORD-106322,C-4242,APAC,Social,Consumer,Accessories,Orbit Dock,2,208,0,416,239.93,176.07,37.01,2023-10-11
2026-08-04,ORD-106323,C-4667,EMEA,Social,Enterprise,Audio,Echo Buds,6,79,0,474,341.29,132.71,48.66,2024-04-02
2026-08-04,ORD-106324,C-4205,North America,Email,SMB,Audio,Echo Buds,3,79,0.04,227.52,170.65,56.87,17.09,2023-11-25
2026-08-04,ORD-106325,C-4504,LATAM,Organic,Consumer,Home,Vista Hub,2,214,0.11,380.92,303.03,77.89,0,2024-08-18
2026-08-05,ORD-106326,C-4385,APAC,Social,Consumer,Accessories,Flux Cable,1,93,0.03,90.21,57.09,33.12,8.27,2023-12-20
2026-08-05,ORD-106327,C-4580,EMEA,Paid Search,Enterprise,Accessories,Orbit Dock,6,208,0.05726277372262773,1176.54,719.8,456.74,230.48,2024-11-22
2026-08-05,ORD-106328,C-4271,EMEA,Email,SMB,Audio,Echo Buds,3,79,0.01,234.63,170.65,63.98,22.47,2024-10-23
2026-08-05,ORD-106329,C-4336,LATAM,Paid Search,Consumer,Wearables,Aura Watch,1,329,0.2672262773722628,241.08,202.71,38.37,47.23,2024-01-11
2026-08-05,ORD-106330,C-4265,LATAM,Affiliate,SMB,Accessories,Shield Case,3,204,0,612,413.67,198.33,55.12,2025-03-24
2026-08-05,ORD-106331,C-4328,APAC,Paid Search,Consumer,Accessories,Shield Case,2,204,0.05726277372262773,384.64,275.78,108.86,75.35,2025-02-15
2026-08-05,ORD-106332,C-4566,LATAM,Email,Enterprise,Accessories,Orbit Dock,9,208,0,1872,1079.7,792.3,124.61,2024-03-31
2026-08-05,ORD-106333,C-4123,EMEA,Social,Enterprise,Audio,Echo Buds,1,79,0.01,78.21,56.88,21.33,7.89,2023-02-16
2026-08-05,ORD-106334,C-4478,LATAM,Social,Enterprise,Audio,Echo Buds,8,79,0.11,562.48,455.05,107.43,40.91,2023-02-16
2026-08-05,ORD-106335,C-4566,North America,Email,Consumer,Accessories,Orbit Dock,1,208,0,208,119.97,88.03,22.25,2024-02-15
2026-08-05,ORD-106336,C-4286,EMEA,Email,Enterprise,Wearables,Nimbus Ring,5,245,0,1225,894.1,330.9,78.31,2025-09-13
2026-08-05,ORD-106337,C-4317,LATAM,Affiliate,Enterprise,Accessories,Orbit Dock,7,208,0,1456,839.77,616.23,137.91,2025-03-02
2026-08-05,ORD-106338,C-4547,APAC,Paid Search,Enterprise,Wearables,Aura Watch,8,329,0.2672262773722628,1928.66,1621.66,307,377.81,2023-07-18
2026-08-05,ORD-106339,C-4265,North America,Affiliate,SMB,Home,Nest Sensor,3,64,0,192,102.83,89.17,12.93,2025-06-19
2026-08-05,ORD-106340,C-4335,LATAM,Email,Consumer,Home,Nest Sensor,3,64,0,192,102.83,89.17,12.19,2023-03-29
2026-08-05,ORD-106341,C-4435,LATAM,Organic,SMB,Home,Beacon Lamp,3,192,0,576,432.99,143.01,0,2024-05-06
2026-08-05,ORD-106342,C-4461,LATAM,Email,Consumer,Audio,Halo Headset,1,125,0.11,111.25,72.62,38.63,12.07,2024-12-21
2026-08-05,ORD-106343,C-4807,LATAM,Affiliate,Enterprise,Accessories,Flux Cable,4,93,0.04,357.12,228.38,128.74,38.8,2025-04-30
2026-08-06,ORD-106344,C-4501,LATAM,Email,SMB,Home,Vista Hub,1,214,0,214,151.52,62.48,13.8,2024-02-23
2026-08-06,ORD-106345,C-4755,North America,Social,Enterprise,Accessories,Flux Cable,8,93,0,744,456.76,287.24,62.61,2025-04-15
2026-08-06,ORD-106346,C-4345,North America,Organic,Enterprise,Wearables,Nimbus Ring,4,245,0.1,882,715.28,166.72,0,2023-12-29
2026-08-06,ORD-106347,C-4674,APAC,Organic,Consumer,Audio,Echo Buds,1,79,0,79,56.88,22.12,0,2025-07-07
2026-08-06,ORD-106348,C-4369,LATAM,Email,Enterprise,Wearables,Nimbus Ring,5,245,0,1225,894.1,330.9,89.25,2025-03-03
2026-08-06,ORD-106349,C-4910,APAC,Social,SMB,Wearables,Pulse Band,2,105,0,210,112.78,97.22,18.63,2023-06-06
2026-08-06,ORD-106350,C-4315,North America,Affiliate,Consumer,Accessories,Orbit Dock,3,208,0.11,555.36,359.9,195.46,58.87,2023-03-10
2026-08-06,ORD-106351,C-4292,LATAM,Affiliate,Consumer,Accessories,Shield Case,1,204,0,204,137.89,66.11,15.9,2024-05-11
2026-08-06,ORD-106352,C-4605,LATAM,Social,SMB,Accessories,Orbit Dock,1,208,0.02,203.84,119.97,83.87,20.93,2025-06-10
2026-08-06,ORD-106353,C-4278,EMEA,Affiliate,SMB,Home,Nest Sensor,3,64,0.01,190.08,102.83,87.25,16.19,2023-12-27
2026-08-06,ORD-106354,C-4826,APAC,Affiliate,Enterprise,Audio,Halo Headset,2,125,0.03,242.5,145.24,97.26,24.55,2023-04-11
2026-08-06,ORD-106355,C-4259,North America,Organic,SMB,Audio,Echo Buds,1,79,0.03,76.63,56.88,19.75,0,2025-08-02
2026-08-06,ORD-106356,C-4853,LATAM,Email,SMB,Wearables,Aura Watch,3,329,0.21036496350364964,779.37,608.26,171.11,58.66,2025-01-29
2026-08-06,ORD-106357,C-4256,EMEA,Email,Consumer,Audio,Echo Buds,3,79,0,237,170.65,66.35,15.27,2024-03-08
2026-08-06,ORD-106358,C-4592,APAC,Email,Enterprise,Accessories,Flux Cable,4,93,0,372,228.38,143.62,32.31,2024-08-12
2026-08-06,ORD-106359,C-4105,APAC,Paid Search,SMB,Audio,Echo Buds,3,79,0.05737226277372263,223.4,170.65,52.75,43.8,2024-02-25
2026-08-06,ORD-106360,C-4502,APAC,Social,Enterprise,Home,Nest Sensor,8,64,0.1,460.8,274.22,186.58,49.99,2025-08-11
2026-08-06,ORD-106361,C-4932,EMEA,Affiliate,Enterprise,Home,Beacon Lamp,1,192,0.08,176.64,144.33,32.31,11.79,2025-05-27
2026-08-06,ORD-106362,C-4296,APAC,Affiliate,Consumer,Accessories,Orbit Dock,1,208,0.1,187.2,119.97,67.23,18.6,2024-11-04
2026-08-06,ORD-106363,C-4870,APAC,Paid Search,Enterprise,Accessories,Orbit Dock,3,208,0.05737226277372263,588.2,359.9,228.3,115.32,2023-10-06
2026-08-07,ORD-106364,C-4792,North America,Email,Consumer,Accessories,Orbit Dock,2,208,0.05,395.2,239.93,155.27,29.48,2023-10-27
2026-08-07,ORD-106365,C-4128,North America,Social,Consumer,Home,Nest Sensor,1,64,0,64,34.28,29.72,6.9,2024-02-08
2026-08-07,ORD-106366,C-4471,North America,Social,Consumer,Home,Vista Hub,2,214,0,428,303.03,124.97,45.02,2023-01-06
2026-08-07,ORD-106367,C-4547,EMEA,Organic,Consumer,Accessories,Shield Case,3,204,0,612,413.67,198.33,0,2023-11-08
2026-08-07,ORD-106368,C-4657,APAC,Paid Search,Enterprise,Accessories,Orbit Dock,9,208,0.1674817518248175,1558.47,1079.7,478.77,305.81,2023-05-02
2026-08-07,ORD-106369,C-4544,North America,Affiliate,SMB,Wearables,Nimbus Ring,3,245,0.14,632.1,536.46,95.64,44.95,2025-02-06
2026-08-07,ORD-106370,C-4889,LATAM,Email,Consumer,Wearables,Nimbus Ring,3,245,0.08,676.2,536.46,139.74,57.04,2025-09-13
2026-08-07,ORD-106371,C-4735,LATAM,Affiliate,Consumer,Wearables,Pulse Band,1,105,0,105,56.39,48.61,8.2,2023-03-12
2026-08-07,ORD-106372,C-4848,LATAM,Email,SMB,Wearables,Pulse Band,1,105,0,105,56.39,48.61,7.11,2024-09-25
2026-08-07,ORD-106373,C-4968,LATAM,Paid Search,Enterprise,Home,Beacon Lamp,3,192,0.05748175182481752,542.89,432.99,109.9,106.53,2025-03-28
2026-08-07,ORD-106374,C-4807,EMEA,Social,Enterprise,Accessories,Orbit Dock,3,208,0,624,359.9,264.1,41.17,2024-03-06
2026-08-07,ORD-106375,C-4891,EMEA,Paid Search,Consumer,Accessories,Flux Cable,2,93,0.15748175182481752,156.71,114.19,42.52,30.75,2023-12-28
2026-08-07,ORD-106376,C-4789,North America,Affiliate,Enterprise,Home,Beacon Lamp,4,192,0.13,668.16,577.32,90.84,46.96,2025-03-25
2026-08-08,ORD-106377,C-4334,EMEA,Organic,Enterprise,Accessories,Shield Case,9,204,0,1836,1241.01,594.99,0,2024-08-15
2026-08-08,ORD-106378,C-4156,EMEA,Social,SMB,Audio,Halo Headset,3,125,0,375,217.87,157.13,26.33,2023-02-08
2026-08-08,ORD-106379,C-4490,North America,Social,Enterprise,Wearables,Aura Watch,1,329,0.28116788321167885,236.5,202.85,33.65,15.22,2023-01-17
2026-08-08,ORD-106380,C-4133,APAC,Affiliate,Consumer,Home,Vista Hub,3,214,0.07,597.06,454.55,142.51,37.39,2023-04-09
2026-08-08,ORD-106381,C-4884,North America,Paid Search,Consumer,Accessories,Shield Case,2,204,0.0775912408759124,376.34,275.78,100.56,73.91,2024-11-29
2026-08-08,ORD-106382,C-4740,APAC,Social,SMB,Wearables,Pulse Band,2,105,0,210,112.78,97.22,17.79,2023-12-06
2026-08-08,ORD-106383,C-4193,APAC,Affiliate,SMB,Home,Nest Sensor,2,64,0.06,120.32,68.56,51.76,11.38,2023-04-22
2026-08-08,ORD-106384,C-4171,LATAM,Email,Enterprise,Wearables,Aura Watch,9,329,0.21116788321167884,2335.73,1825.6,510.13,200.91,2025-09-14
2026-08-08,ORD-106385,C-4989,North America,Email,SMB,Audio,Echo Buds,3,79,0,237,170.65,66.35,16.03,2025-02-27
2026-08-08,ORD-106386,C-4956,APAC,Organic,SMB,Wearables,Nimbus Ring,2,245,0.09,445.9,357.64,88.26,0,2025-04-12
2026-08-08,ORD-106387,C-4219,EMEA,Affiliate,Consumer,Accessories,Orbit Dock,2,208,0.05,395.2,239.93,155.27,24.68,2023-03-02
2026-08-08,ORD-106388,C-4747,North America,Organic,Enterprise,Wearables,Aura Watch,5,329,0.29116788321167886,1166.03,1014.23,151.8,0,2023-12-25
2026-08-08,ORD-106389,C-4682,LATAM,Organic,Enterprise,Home,Nest Sensor,3,64,0,192,102.83,89.17,,2025-06-20
2026-08-08,ORD-106390,C-4460,APAC,Social,SMB,Home,Vista Hub,3,214,0.08,590.64,454.55,136.09,54,2024-08-08
2026-08-08,ORD-106391,C-4394,APAC,Social,Enterprise,Wearables,Nimbus Ring,3,245,0,735,536.46,198.54,64.12,2023-11-14
2026-08-09,ORD-106392,C-4737,North America,Email,Enterprise,Home,Nest Sensor,8,64,0.02,501.76,274.22,227.54,52.79,2024-12-21
2026-08-09,ORD-106393,C-4968,North America,Email,Enterprise,Home,Nest Sensor,7,64,0.01,443.52,239.95,203.57,48.27,2023-09-02
2026-08-09,ORD-106394,C-4567,EMEA,Organic,SMB,Accessories,Orbit Dock,3,208,0.05,592.8,359.9,232.9,0,2023-01-15
2026-08-09,ORD-106395,C-4375,EMEA,Social,Consumer,Wearables,Pulse Band,1,105,0,105,56.39,48.61,9.45,2024-02-12
2026-08-09,ORD-106396,C-4351,APAC,Affiliate,Enterprise,Audio,Echo Buds,9,79,0.05,675.45,511.94,163.51,63.77,2024-05-09
2026-08-09,ORD-106397,C-4781,North America,Affiliate,Consumer,Audio,Halo Headset,1,125,0.07,116.25,72.62,43.63,8.09,2025-07-10
2026-08-09,ORD-106398,C-4591,APAC,Email,SMB,Accessories,Shield Case,1,204,0.09,185.64,137.89,47.75,14.72,2023-04-15
2026-08-09,ORD-106399,C-4780,EMEA,Email,SMB,Accessories,Orbit Dock,1,208,0,208,119.97,88.03,16.58,2024-09-30
2026-08-09,ORD-106400,C-4562,EMEA,Affiliate,Enterprise,Accessories,Flux Cable,7,93,0.07,605.43,399.66,205.77,65.27,2024-12-03
2026-08-09,ORD-106401,C-4791,LATAM,Organic,Enterprise,Accessories,Shield Case,4,204,0,816,551.56,264.44,0,2025-07-11
2026-08-09,ORD-106402,C-4608,EMEA,Social,Enterprise,Wearables,Pulse Band,9,105,0.05,897.75,507.51,390.24,76.19,2025-09-25
2026-08-09,ORD-106403,C-4147,APAC,Organic,Consumer,Home,Beacon Lamp,1,192,0,192,144.33,47.67,0,2024-04-07
2026-08-09,ORD-106404,C-4169,North America,Affiliate,SMB,Home,Nest Sensor,1,64,0,64,34.28,29.72,5.12,2024-08-23
2026-08-09,ORD-106405,C-4282,APAC,Paid Search,Consumer,Wearables,Nimbus Ring,3,245,0.057700729927007297,692.59,536.46,156.13,136.13,2025-03-03
2026-08-09,ORD-106406,C-4552,EMEA,Social,Enterprise,Home,Vista Hub,5,214,0.14,920.2,757.59,162.61,78.95,2025-08-10
2026-08-10,ORD-106407,C-4781,LATAM,Email,Consumer,Wearables,Pulse Band,3,105,0.02,308.7,169.17,139.53,31.29,2023-09-27
2026-08-10,ORD-106408,C-4266,EMEA,Paid Search,Consumer,Home,Beacon Lamp,3,192,0.05781021897810219,542.7,432.99,109.71,106.76,2023-01-26
2026-08-10,ORD-106409,C-4917,LATAM,Affiliate,Enterprise,Wearables,Nimbus Ring,9,245,0,2205,1609.39,595.61,144.89,2023-07-28
2026-08-10,ORD-106410,C-4217,North America,Email,Consumer,Accessories,Shield Case,2,204,0,408,275.78,132.22,25.53,2025-07-21
2026-08-10,ORD-106411,C-4666,EMEA,Social,Consumer,Home,Beacon Lamp,2,192,0,384,288.66,95.34,33.11,2025-08-24
2026-08-10,ORD-106412,C-4659,EMEA,Email,Consumer,Audio,Halo Headset,2,125,0.11,222.5,145.24,77.26,14.24,2025-09-22
2026-08-10,ORD-106413,C-4149,EMEA,Email,Consumer,Wearables,Aura Watch,3,329,0.21197080291970805,777.78,608.81,168.97,51.11,2023-04-22
2026-08-10,ORD-106414,C-4328,APAC,Paid Search,Enterprise,Audio,Echo Buds,9,79,0.11781021897810219,627.24,511.94,115.3,123.39,2024-05-06
2026-08-10,ORD-106415,C-4358,APAC,Affiliate,Enterprise,Home,Nest Sensor,8,64,0,512,274.22,237.78,52.89,2024-03-15
2026-08-10,ORD-106416,C-4676,LATAM,Social,Consumer,Accessories,Flux Cable,2,93,0,186,114.19,71.81,11.9,2025-09-06
2026-08-10,ORD-106417,C-4411,EMEA,Organic,Enterprise,Wearables,Nimbus Ring,8,245,0.14,1685.6,1430.56,255.04,0,2025-02-26
2026-08-10,ORD-106418,C-4289,EMEA,Paid Search,Consumer,Accessories,Shield Case,2,204,0.05781021897810219,384.41,275.78,108.63,75.62,2023-03-28
2026-08-10,ORD-106419,C-4932,LATAM,Organic,Consumer,Accessories,Shield Case,3,204,0.12,538.56,413.67,124.89,0,2023-02-06
2026-08-10,ORD-106420,C-4862,APAC,Paid Search,Consumer,Audio,Echo Buds,3,79,0.11781021897810219,209.08,170.65,38.43,41.13,2024-05-02
2026-08-10,ORD-106421,C-4417,EMEA,Social,Consumer,Audio,Halo Headset,2,125,0.02,245,145.24,99.76,18.22,2023-08-03
2026-08-10,ORD-106422,C-4391,EMEA,Affiliate,SMB,Audio,Echo Buds,2,79,0.13,137.46,113.76,23.7,11.1,2024-08-16
2026-08-10,ORD-106423,C-4117,APAC,Affiliate,SMB,Accessories,Orbit Dock,1,208,0.01,205.92,119.97,85.95,22.47,2025-01-02
2026-08-11,ORD-106424,C-4492,LATAM,Affiliate,SMB,Audio,Halo Headset,3,125,0.08,345,217.87,127.13,27.51,2025-03-15
2026-08-11,ORD-106425,C-4948,EMEA,Affiliate,Consumer,Accessories,Shield Case,3,204,0.04,587.52,413.67,173.85,50.01,2023-05-19
2026-08-11,ORD-106426,C-4906,EMEA,Affiliate,Consumer,Accessories,Shield Case,2,204,0.12,359.04,275.78,83.26,33.99,2025-07-09
2026-08-11,ORD-106427,C-4653,LATAM,Email,SMB,Wearables,Aura Watch,3,329,0.35237226277372263,639.21,608.95,30.26,44.58,2025-06-05
2026-08-11,ORD-106428,C-4459,North America,Affiliate,SMB,Home,Vista Hub,1,214,0.06,201.16,151.52,49.64,18.89,2024-06-27
2026-08-11,ORD-106429,C-4226,North America,Paid Search,SMB,Audio,Halo Headset,1,125,0.057919708029197076,117.76,72.62,45.14,23.18,2025-05-03
2026-08-11,ORD-106430,C-4812,EMEA,Affiliate,SMB,Wearables,Pulse Band,2,105,0,210,112.78,97.22,15.9,2025-05-05
2026-08-11,ORD-106431,C-4675,APAC,Organic,SMB,Accessories,Orbit Dock,3,208,0,624,359.9,264.1,0,2024-04-01
2026-08-11,ORD-106432,C-4596,North America,Social,Enterprise,Accessories,Shield Case,3,204,0.05,581.4,413.67,167.73,41.25,2024-03-13
2026-08-11,ORD-106433,C-4631,North America,Paid Search,Consumer,Home,Vista Hub,1,214,0.10791970802919708,190.91,151.52,39.39,37.59,2023-05-17
2026-08-11,ORD-106434,C-4501,EMEA,Paid Search,Consumer,Accessories,Flux Cable,2,93,0.057919708029197076,175.23,114.19,61.04,34.5,2024-04-23
2026-08-11,ORD-106435,C-4911,North America,Social,Enterprise,Home,Beacon Lamp,9,192,0,1728,1298.98,429.02,180.6,2023-12-16
2026-08-11,ORD-106436,C-4593,North America,Email,SMB,Accessories,Shield Case,3,204,0.05,581.4,413.67,167.73,59.09,2025-04-13
2026-08-11,ORD-106437,C-4100,EMEA,Paid Search,Enterprise,Wearables,Aura Watch,7,329,0.27029197080291967,1680.52,1420.87,259.65,330.86,2023-08-11
2026-08-11,ORD-106438,C-4860,APAC,Email,SMB,Accessories,Shield Case,2,204,0.07,379.44,275.78,103.66,39.58,2023-03-02
2026-08-12,ORD-106439,C-4756,EMEA,Social,Consumer,Home,Nest Sensor,2,64,0.01,126.72,68.56,58.16,13.73,2023-07-08
2026-08-12,ORD-106440,C-4558,LATAM,Paid Search,Consumer,Audio,Echo Buds,3,79,0.14802919708029197,201.92,170.65,31.27,39.79,2024-11-05
2026-08-12,ORD-106441,C-4885,North America,Email,Consumer,Home,Nest Sensor,2,64,0.09,116.48,68.56,47.92,8.39,2025-02-08
2026-08-12,ORD-106442,C-4775,APAC,Email,SMB,Home,Nest Sensor,3,64,0,192,102.83,89.17,13.38,2023-06-02
2026-08-12,ORD-106443,C-4767,LATAM,Organic,SMB,Wearables,Aura Watch,1,329,0.21277372262773722,259,203.03,55.97,0,2024-09-04
2026-08-12,ORD-106444,C-4497,LATAM,Organic,SMB,Wearables,Aura Watch,3,329,0.21277372262773722,776.99,609.09,167.9,0,2025-04-06
2026-08-12,ORD-106445,C-4674,North America,Social,Consumer,Wearables,Pulse Band,2,105,0.02,205.8,112.78,93.02,14.85,2023-11-05
2026-08-12,ORD-106446,C-4629,LATAM,Social,Consumer,Home,Beacon Lamp,1,192,0.12,168.96,144.33,24.63,15.28,2024-02-09
2026-08-12,ORD-106447,C-4593,EMEA,Social,Enterprise,Wearables,Nimbus Ring,7,245,0.05,1629.25,1251.74,377.51,124.32,2024-04-15
2026-08-12,ORD-106448,C-4565,EMEA,Organic,SMB,Wearables,Aura Watch,1,329,0.3327737226277372,219.52,203.03,16.49,0,2024-09-22
2026-08-12,ORD-106449,C-4215,North America,Email,SMB,Home,Beacon Lamp,2,192,0.12,337.92,288.66,49.26,30.97,2023-10-29
2026-08-12,ORD-106450,C-4931,APAC,Email,Consumer,Audio,Echo Buds,2,79,0,158,113.76,44.24,15.25,2023-04-07
2026-08-12,ORD-106451,C-4385,North America,Organic,Enterprise,Audio,Halo Headset,1,125,0,125,72.62,52.38,0,2023-07-23
2026-08-12,ORD-106452,C-4896,EMEA,Paid Search,Consumer,Audio,Halo Headset,1,125,0.058029197080291965,117.75,72.62,45.13,23.2,2025-07-03
2026-08-12,ORD-106453,C-4135,North America,Email,Consumer,Audio,Echo Buds,3,79,0,237,170.65,66.35,22.68,2025-05-29
2026-08-12,ORD-106454,C-4263,North America,Social,Enterprise,Wearables,Nimbus Ring,1,245,0.08,225.4,178.82,46.58,19.33,2023-08-16
2026-08-12,ORD-106455,C-4342,North America,Affiliate,Enterprise,Home,Vista Hub,5,214,0.05,1016.5,757.59,258.91,82.28,2025-07-14
2026-08-12,ORD-106456,C-4819,North America,Organic,Consumer,Accessories,Flux Cable,1,93,0,93,57.09,35.91,0,2024-01-11
2026-08-12,ORD-106457,C-4670,APAC,Paid Search,SMB,Accessories,Shield Case,3,204,0.14802919708029197,521.41,413.67,107.74,102.74,2023-11-18
2026-08-13,ORD-106458,C-4272,EMEA,Organic,Enterprise,Audio,Halo Headset,4,125,0,500,290.49,209.51,0,2023-02-22
2026-08-13,ORD-106459,C-4206,EMEA,Email,Enterprise,Wearables,Nimbus Ring,1,245,0,245,178.82,66.18,17.87,2025-01-26
2026-08-13,ORD-106460,C-4645,North America,Organic,SMB,Home,Vista Hub,2,214,0,428,303.03,124.97,0,2024-01-18
2026-08-13,ORD-106461,C-4877,LATAM,Paid Search,Consumer,Accessories,Orbit Dock,1,208,0.07813868613138686,191.75,119.97,71.78,37.81,2023-05-06
2026-08-13,ORD-106462,C-4878,EMEA,Paid Search,SMB,Accessories,Orbit Dock,3,208,0.058138686131386855,587.72,359.9,227.82,115.9,2023-05-27
2026-08-13,ORD-106463,C-4234,North America,Email,Enterprise,Accessories,Shield Case,4,204,0.06,767.04,551.56,215.48,65.21,2024-03-17
2026-08-13,ORD-106464,C-4415,EMEA,Paid Search,SMB,Wearables,Aura Watch,1,329,0.2813138686131387,236.45,203.08,33.37,46.63,2023-07-12
2026-08-13,ORD-106465,C-4581,APAC,Organic,SMB,Audio,Halo Headset,3,125,0,375,217.87,157.13,0,2024-07-30
2026-08-13,ORD-106466,C-4706,North America,Organic,Enterprise,Accessories,Shield Case,7,204,0,1428,965.23,462.77,0,2025-05-13
2026-08-13,ORD-106467,C-4420,LATAM,Affiliate,SMB,Wearables,Aura Watch,1,329,0.3031751824817518,229.26,203.08,26.18,14.65,2024-09-22
2026-08-13,ORD-106468,C-4765,EMEA,Social,Enterprise,Wearables,Nimbus Ring,2,245,0,490,357.64,132.36,36.47,2024-10-02
2026-08-13,ORD-106469,C-4564,APAC,Organic,Enterprise,Accessories,Shield Case,8,204,0.14,1403.52,1103.12,300.4,0,2023-09-20
2026-08-13,ORD-106470,C-4587,APAC,Paid Search,Consumer,Audio,Halo Headset,2,125,0.11813868613138685,220.47,145.24,75.23,43.48,2023-10-06
2026-08-13,ORD-106471,C-4320,North America,Social,Consumer,Wearables,Aura Watch,3,329,0.2331751824817518,756.86,609.22,147.64,64.72,2024-05-07
2026-08-13,ORD-106472,C-4882,APAC,Affiliate,SMB,Wearables,Aura Watch,3,329,0.3031751824817518,687.77,609.22,78.55,51.19,2023-02-15
2026-08-13,ORD-106473,C-4717,APAC,Organic,Consumer,Wearables,Pulse Band,3,105,0,315,169.17,145.83,0,2025-07-02
2026-08-13,ORD-106474,C-4477,North America,Paid Search,Consumer,Accessories,Shield Case,2,204,0.058138686131386855,384.28,275.78,108.5,75.78,2025-07-16
2026-08-13,ORD-106475,C-4326,EMEA,Social,SMB,Accessories,Flux Cable,1,93,0.09,84.63,57.09,27.54,6.23,2025-03-25
2026-08-13,ORD-106476,C-4331,APAC,Social,Enterprise,Audio,Halo Headset,6,125,0,750,435.73,314.27,66.31,2023-04-20
2026-08-13,ORD-106477,C-4978,APAC,Organic,Consumer,Audio,Echo Buds,2,79,0.1,142.2,113.76,28.44,0,2023-10-02
2026-08-14,ORD-106478,C-4711,EMEA,Social,SMB,Home,Nest Sensor,2,64,0,128,68.56,59.44,10.69,2023-07-19
2026-08-14,ORD-106479,C-4641,North America,Affiliate,SMB,Accessories,Orbit Dock,1,208,0,208,119.97,88.03,18.55,2024-12-04
2026-08-14,ORD-106480,C-4302,APAC,Organic,Enterprise,Home,Beacon Lamp,6,192,0,1152,865.98,286.02,0,2025-07-06
2026-08-14,ORD-106481,C-4743,LATAM,Organic,SMB,Home,Vista Hub,2,214,0.08,393.76,303.03,90.73,0,2023-07-11
2026-08-14,ORD-106482,C-4267,APAC,Organic,Consumer,Accessories,Orbit Dock,3,208,0,624,359.9,264.1,0,2023-04-09
2026-08-14,ORD-106483,C-4956,EMEA,Email,Enterprise,Audio,Echo Buds,3,79,0,237,170.65,66.35,20.08,2024-07-02
2026-08-14,ORD-106484,C-4378,EMEA,Paid Search,Enterprise,Home,Beacon Lamp,2,192,0.13824817518248175,330.91,288.66,42.25,65.31,2023-04-22
2026-08-14,ORD-106485,C-4920,LATAM,Affiliate,Consumer,Accessories,Flux Cable,3,93,0.02,273.42,171.28,102.14,20.34,2025-01-25
2026-08-14,ORD-106486,C-4675,LATAM,Email,Enterprise,Audio,Echo Buds,7,79,0.13,481.11,398.17,82.94,33.02,2025-06-01
2026-08-14,ORD-106487,C-4611,North America,Organic,SMB,Accessories,Flux Cable,3,93,0.06,262.26,171.28,90.98,0,2024-02-17
2026-08-14,ORD-106488,C-4203,North America,Affiliate,Enterprise,Audio,Echo Buds,6,79,0.12,417.12,341.29,75.83,27.01,2023-08-14
2026-08-14,ORD-106489,C-4162,EMEA,Organic,Enterprise,Audio,Echo Buds,5,79,0,395,284.41,110.59,0,2025-05-05
2026-08-14,ORD-106490,C-4911,LATAM,Social,SMB,Wearables,Aura Watch,3,329,0.21357664233576643,776.2,609.36,166.84,60.62,2023-06-25
2026-08-15,ORD-106491,C-4270,APAC,Affiliate,Consumer,Audio,Halo Headset,1,125,0,125,72.62,52.38,8.64,2023-03-18
2026-08-15,ORD-106492,C-4891,LATAM,Social,SMB,Accessories,Orbit Dock,3,208,0,624,359.9,264.1,41.65,2024-11-08
2026-08-15,ORD-106493,C-4684,North America,Affiliate,SMB,Home,Nest Sensor,2,64,0,128,68.56,59.44,13.59,2023-04-24
2026-08-15,ORD-106494,C-4416,APAC,Paid Search,Consumer,Accessories,Flux Cable,2,93,0.05835766423357664,175.15,114.19,60.96,34.6,2024-04-17
2026-08-15,ORD-106495,C-4818,EMEA,Paid Search,Consumer,Accessories,Shield Case,3,204,0.11835766423357663,539.57,413.67,125.9,106.58,2024-06-26
2026-08-15,ORD-106496,C-4691,LATAM,Paid Search,Consumer,Wearables,Pulse Band,3,105,0.05835766423357664,296.62,169.17,127.45,58.59,2023-09-12
2026-08-15,ORD-106497,C-4145,APAC,Affiliate,Consumer,Wearables,Pulse Band,3,105,0,315,169.17,145.83,32.7,2023-11-25
2026-08-15,ORD-106498,C-4698,North America,Email,Consumer,Home,Beacon Lamp,1,192,0.07,178.56,144.33,34.23,12.63,2025-09-01
2026-08-15,ORD-106499,C-4313,APAC,Email,SMB,Accessories,Shield Case,3,204,0,612,413.67,198.33,60.7,2023-12-14
2026-08-15,ORD-106500,C-4166,North America,Paid Search,Consumer,Audio,Echo Buds,2,79,0.05835766423357664,148.78,113.76,35.02,29.39,2023-07-07
2026-08-15,ORD-106501,C-4836,North America,Social,Consumer,Home,Beacon Lamp,2,192,0,384,288.66,95.34,34.96,2025-06-02
2026-08-16,ORD-106502,C-4471,APAC,Affiliate,Enterprise,Accessories,Shield Case,9,204,0,1836,1241.01,594.99,184.32,2025-05-27
2026-08-16,ORD-106503,C-4480,APAC,Organic,Enterprise,Accessories,Orbit Dock,6,208,0,1248,719.8,528.2,0,2023-04-28
2026-08-16,ORD-106504,C-4214,EMEA,Organic,SMB,Wearables,Pulse Band,3,105,0,315,169.17,145.83,0,2024-12-03
2026-08-16,ORD-106505,C-4876,EMEA,Paid Search,Enterprise,Wearables,Aura Watch,7,329,0.3028467153284672,1605.54,1422.47,183.07,317.42,2024-03-23
2026-08-16,ORD-106506,C-4204,EMEA,Email,SMB,Wearables,Nimbus Ring,1,245,0,245,178.82,66.18,16.59,2024-02-24
2026-08-16,ORD-106507,C-4439,North America,Organic,Consumer,Home,Beacon Lamp,2,192,0,384,288.66,95.34,0,2024-12-03
2026-08-16,ORD-106508,C-4741,APAC,Paid Search,Consumer,Accessories,Shield Case,3,204,0.05846715328467153,576.22,413.67,162.55,113.92,2025-08-18
2026-08-16,ORD-106509,C-4633,APAC,Paid Search,Enterprise,Wearables,Nimbus Ring,4,245,0.05846715328467153,922.7,715.28,207.42,182.42,2024-04-10
2026-08-16,ORD-106510,C-4260,EMEA,Organic,Consumer,Home,Beacon Lamp,3,192,0,576,432.99,143.01,0,2025-05-13
2026-08-16,ORD-106511,C-4573,APAC,Social,Enterprise,Home,Nest Sensor,6,64,0,384,205.67,178.33,29.16,2024-02-12
2026-08-16,ORD-106512,C-4475,LATAM,Email,Enterprise,Accessories,Orbit Dock,3,208,0,624,359.9,264.1,40.54,2024-07-29
2026-08-16,ORD-106513,C-4376,LATAM,Organic,Enterprise,Accessories,Shield Case,4,204,0,816,551.56,264.44,0,2024-01-20
2026-08-16,ORD-106514,C-4450,North America,Affiliate,Enterprise,Wearables,Nimbus Ring,1,245,0.13,213.15,178.82,34.33,17.29,2023-04-17
2026-08-16,ORD-106515,C-4733,EMEA,Affiliate,Consumer,Accessories,Shield Case,1,204,0,204,137.89,66.11,13.86,2024-09-07
2026-08-16,ORD-106516,C-4724,APAC,Organic,Consumer,Wearables,Aura Watch,1,329,0.21437956204379563,258.47,203.22,55.25,0,2024-03-15
2026-08-16,ORD-106517,C-4835,LATAM,Paid Search,Enterprise,Home,Beacon Lamp,6,192,0.05846715328467153,1084.65,865.98,218.67,214.44,2024-10-25
2026-08-16,ORD-106518,C-4152,APAC,Organic,SMB,Home,Beacon Lamp,1,192,0.08,176.64,144.33,32.31,0,2023-12-07
2026-08-16,ORD-106519,C-4297,LATAM,,Consumer,Audio,Echo Buds,1,79,0,79,56.88,22.12,0,2023-08-31
2026-08-16,ORD-106520,C-4181,APAC,Social,Enterprise,Home,Beacon Lamp,6,192,0.11,1025.28,865.98,159.3,92.06,2025-04-20
2026-08-17,ORD-106521,C-4302,APAC,Social,Consumer,Accessories,Flux Cable,2,93,0.06,174.84,114.19,60.65,13.83,2023-06-16
2026-08-17,ORD-106522,C-4510,APAC,Paid Search,Enterprise,Accessories,Orbit Dock,3,208,0.10857664233576642,556.25,359.9,196.35,110.06,2023-04-13
2026-08-17,ORD-106523,,North America,Paid Search,Enterprise,Audio,Halo Headset,5,125,0.05857664233576642,588.39,363.11,225.28,116.42,2023-05-11
2026-08-17,ORD-106524,C-4843,North America,Email,SMB,Home,Nest Sensor,3,64,0,192,102.83,89.17,17,2024-04-24
2026-08-17,ORD-106525,C-4720,North America,Affiliate,Consumer,Home,Beacon Lamp,1,192,0,192,144.33,47.67,12.37,2024-07-23
2026-08-17,ORD-106526,C-4167,APAC,Social,Consumer,Accessories,Shield Case,1,204,0,204,137.89,66.11,15.39,2023-03-12
2026-08-17,ORD-106527,C-4934,EMEA,Affiliate,Consumer,Wearables,Pulse Band,2,105,0,210,112.78,97.22,15.06,2023-03-07
2026-08-17,ORD-106528,C-4754,EMEA,Paid Search,SMB,Home,Nest Sensor,3,64,0.05857664233576642,180.75,102.83,77.92,35.76,2025-08-08
2026-08-17,ORD-106529,C-4140,EMEA,Paid Search,SMB,Accessories,Flux Cable,1,93,0.05857664233576642,87.55,57.09,30.46,17.32,2024-02-07
2026-08-17,ORD-106530,C-4195,EMEA,Organic,Consumer,Wearables,Aura Watch,3,329,0.2147810218978102,775.01,609.77,165.24,0,2024-04-22
2026-08-17,ORD-106531,C-4797,LATAM,Social,SMB,Accessories,Shield Case,3,204,0,612,413.67,198.33,44.65,2023-10-23
2026-08-17,ORD-106532,C-4447,APAC,Affiliate,SMB,Home,Vista Hub,1,214,0,214,151.52,62.48,20.65,2024-03-16
2026-08-17,ORD-106533,C-4489,APAC,Organic,SMB,Audio,Echo Buds,2,79,0.03,153.26,113.76,39.5,0,2024-07-13
2026-08-17,ORD-106534,C-4489,North America,Paid Search,SMB,Wearables,Pulse Band,3,105,0.05857664233576642,296.55,169.17,127.38,58.68,2023-11-27
2026-08-17,ORD-106535,C-4135,EMEA,Email,Enterprise,Wearables,Pulse Band,1,105,0.05,99.75,56.39,43.36,6.41,2023-05-26
2026-08-17,ORD-106536,C-4133,North America,Paid Search,Enterprise,Accessories,Flux Cable,8,93,0.05857664233576642,700.42,456.76,243.66,138.59,2025-05-02
2026-08-17,ORD-106537,C-4740,LATAM,Social,Enterprise,Audio,Echo Buds,2,79,0,158,113.76,44.24,13.3,2025-06-25
2026-08-17,ORD-106538,C-4834,LATAM,Paid Search,Enterprise,Accessories,Shield Case,3,204,0.05857664233576642,576.15,413.67,162.48,114,2024-02-20
2026-08-17,ORD-106539,C-4317,LATAM,Affiliate,Consumer,Wearables,Aura Watch,2,329,0.2147810218978102,516.67,406.51,110.16,54.9,2025-06-08
2026-08-18,ORD-106540,C-4957,EMEA,Affiliate,Consumer,Wearables,Aura Watch,2,329,0.34518248175182487,430.87,406.6,24.27,42.79,2023-10-15
2026-08-18,ORD-106541,C-4288,LATAM,Organic,Enterprise,Wearables,Aura Watch,5,329,0.21518248175182483,1291.02,1016.51,274.51,0,2025-02-22
2026-08-18,ORD-106542,C-4711,LATAM,Email,Enterprise,Audio,Halo Headset,6,125,0,750,435.73,314.27,51.36,2024-03-07
2026-08-18,ORD-106543,C-4930,EMEA,Paid Search,Enterprise,Wearables,Pulse Band,1,105,0.058686131386861316,98.84,56.39,42.45,19.57,2024-12-18
2026-08-18,ORD-106544,C-4788,EMEA,Organic,Consumer,Audio,Halo Headset,3,125,0,375,217.87,157.13,0,2025-02-04
2026-08-18,ORD-106545,C-4811,APAC,Social,Consumer,Accessories,Orbit Dock,2,208,0.11,370.24,239.93,130.31,32.97,2024-02-26
2026-08-18,ORD-106546,C-4844,North America,Paid Search,SMB,Accessories,Orbit Dock,2,208,0.20868613138686132,329.19,239.93,89.26,65.19,2024-08-09
2026-08-18,ORD-106547,C-4526,EMEA,Organic,Enterprise,Accessories,Shield Case,4,204,0,816,551.56,264.44,0,2025-07-25
2026-08-18,ORD-106548,C-4131,APAC,Email,Enterprise,Audio,Halo Headset,4,125,0.12,440,290.49,149.51,27.1,2024-05-01
2026-08-18,ORD-106549,C-4904,APAC,Organic,Enterprise,Home,Vista Hub,4,214,0.08,787.52,606.07,181.45,0,2023-02-23
2026-08-18,ORD-106550,C-4961,LATAM,Social,SMB,Accessories,Orbit Dock,1,208,0,208,119.97,88.03,22,2024-12-17
2026-08-18,ORD-106551,C-4343,APAC,Paid Search,Consumer,Accessories,Orbit Dock,2,208,0.058686131386861316,391.59,239.93,151.66,77.55,2023-09-24
2026-08-18,ORD-106552,C-4748,LATAM,Organic,Enterprise,Audio,Echo Buds,3,79,0,237,170.65,66.35,0,2025-05-30
2026-08-18,ORD-106553,C-4930,LATAM,Paid Search,SMB,Accessories,Shield Case,3,204,0.058686131386861316,576.08,413.67,162.41,114.08,2025-04-07
2026-08-18,ORD-106554,C-4903,North America,Affiliate,Consumer,Home,Nest Sensor,3,64,0,192,102.83,89.17,19.91,2024-10-18
2026-08-18,ORD-106555,C-4516,LATAM,Affiliate,Enterprise,Home,Nest Sensor,8,64,0.14,440.32,274.22,166.1,30.75,2023-02-24
2026-08-19,ORD-106556,C-4535,LATAM,Social,Enterprise,Home,Nest Sensor,1,64,0.04,61.44,34.28,27.16,3.94,2025-09-04
2026-08-19,ORD-106557,C-4496,APAC,Paid Search,SMB,Home,Vista Hub,3,214,0.0687956204379562,597.83,454.55,143.28,118.49,2024-05-28
2026-08-19,ORD-106558,C-4810,APAC,Social,Consumer,Audio,Halo Headset,3,125,0.02,367.5,217.87,149.63,30.69,2025-06-16
2026-08-19,ORD-106559,C-4138,APAC,Affiliate,SMB,Home,Beacon Lamp,3,192,0,576,432.99,143.01,62.23,2024-09-04
2026-08-19,ORD-106560,C-4374,North America,Paid Search,Consumer,Accessories,Shield Case,3,204,0.0587956204379562,576.02,413.67,162.35,114.16,2025-03-17
2026-08-19,ORD-106561,C-4893,APAC,Social,SMB,Audio,Halo Headset,1,125,0,125,72.62,52.38,12.87,2025-01-04
2026-08-19,ORD-106562,C-4570,North America,Paid Search,SMB,Home,Vista Hub,3,214,0.0587956204379562,604.25,454.55,149.7,119.76,2025-05-29
2026-08-19,ORD-106563,C-4585,LATAM,Affiliate,Consumer,Accessories,Flux Cable,1,93,0.05,88.35,57.09,31.26,5.34,2024-10-02
2026-08-19,ORD-106564,C-4800,EMEA,Paid Search,SMB,Wearables,Pulse Band,3,105,0.1687956204379562,261.83,169.17,92.66,51.89,2025-06-21
2026-08-19,ORD-106565,C-4330,APAC,Email,Consumer,Accessories,Orbit Dock,1,208,0,208,119.97,88.03,22.19,2025-07-19
2026-08-19,ORD-106566,C-4210,LATAM,Organic,Enterprise,Home,Nest Sensor,2,64,0.08,117.76,68.56,49.2,0,2023-02-01
2026-08-19,ORD-106567,C-4195,North America,Paid Search,Enterprise,Wearables,Pulse Band,3,105,0.0587956204379562,296.48,169.17,127.31,58.76,2023-02-10
2026-08-19,ORD-106568,C-4540,EMEA,Organic,Consumer,Home,Beacon Lamp,2,192,0,384,288.66,95.34,0,2024-12-18
2026-08-19,ORD-106569,C-4905,APAC,Paid Search,Consumer,Home,Beacon Lamp,2,192,0.1287956204379562,334.54,288.66,45.88,66.3,2024-05-15
2026-08-19,ORD-106570,C-4284,LATAM,Organic,Consumer,Wearables,Pulse Band,1,105,0.09,95.55,56.39,39.16,0,2023-11-15
2026-08-19,ORD-106571,C-4749,APAC,Social,Consumer,Audio,Halo Headset,2,125,0,250,145.24,104.76,22.08,2023-03-31
2026-08-19,ORD-106572,C-4657,LATAM,Email,SMB,Wearables,Nimbus Ring,1,245,0,245,178.82,66.18,15.37,2025-01-30
2026-08-19,ORD-106573,C-4417,APAC,Organic,Consumer,Wearables,Pulse Band,2,105,0,210,112.78,97.22,0,2024-08-17
2026-08-19,ORD-106574,C-4451,North America,Social,Consumer,Audio,Halo Headset,1,125,0.08,115,72.62,42.38,8.28,2024-07-15
2026-08-20,ORD-106575,C-4758,North America,Social,SMB,Home,Vista Hub,3,214,0.1,577.8,454.55,123.25,58.01,2024-01-10
2026-08-20,ORD-106576,C-4293,EMEA,Social,Consumer,Accessories,Flux Cable,1,93,0.02,91.14,57.09,34.05,8.19,2023-07-15
2026-08-20,ORD-106577,C-4748,LATAM,Affiliate,Enterprise,Home,Nest Sensor,2,64,0,128,68.56,59.44,12.26,2024-12-01
2026-08-20,ORD-106578,C-4322,APAC,Email,Enterprise,Accessories,Shield Case,3,204,0,612,413.67,198.33,40.16,2024-03-18
2026-08-20,ORD-106579,C-4162,North America,Paid Search,Enterprise,Accessories,Orbit Dock,7,208,0.05890510948905109,1370.23,839.77,530.46,271.8,2025-05-17
2026-08-20,ORD-106580,C-4675,LATAM,Social,Enterprise,Audio,Halo Headset,8,125,0.15,850,580.98,269.02,64.48,2023-01-16
2026-08-20,ORD-106581,C-4905,APAC,Email,Consumer,Wearables,Nimbus Ring,3,245,0,735,536.46,198.54,51.26,2023-11-29
2026-08-20,ORD-106582,C-4792,North America,Organic,SMB,Audio,Echo Buds,2,79,0,158,113.76,44.24,0,2024-05-12
2026-08-20,ORD-106583,C-4668,North America,Paid Search,Enterprise,Home,Beacon Lamp,5,192,0.05890510948905109,903.45,721.65,181.8,179.21,2024-09-03
2026-08-20,ORD-106584,C-4816,LATAM,Paid Search,Consumer,Wearables,Aura Watch,3,329,0.2748905109489051,715.68,610.18,105.5,141.96,2023-01-26
2026-08-20,ORD-106585,C-4218,North America,Affiliate,Enterprise,Accessories,Flux Cable,6,93,0,558,342.57,215.43,44.61,2023-10-22
2026-08-20,ORD-106586,C-4358,APAC,Email,SMB,Home,Vista Hub,2,214,0,428,303.03,124.97,31.75,2024-12-20
2026-08-20,ORD-106587,C-4682,EMEA,Paid Search,SMB,Home,Vista Hub,3,214,0.0989051094890511,578.5,454.55,123.95,114.75,2024-04-01
2026-08-20,ORD-106588,C-4290,APAC,Paid Search,Enterprise,Audio,Halo Headset,1,125,0.05890510948905109,117.64,72.62,45.02,23.33,2024-05-28
2026-08-20,ORD-106589,C-4968,EMEA,Organic,SMB,Audio,Echo Buds,1,79,0,79,56.88,22.12,0,2025-06-27
2026-08-20,ORD-106590,C-4956,North America,Organic,SMB,Accessories,Shield Case,2,204,0,408,275.78,132.22,0,2024-05-22
2026-08-20,ORD-106591,C-4705,LATAM,Email,SMB,Wearables,Pulse Band,3,105,0,315,169.17,145.83,27.26,2025-09-17
2026-08-21,ORD-106592,C-4702,LATAM,Affiliate,Enterprise,Home,Vista Hub,4,214,0.12,753.28,606.07,147.21,64.88,2024-07-24
2026-08-21,ORD-106593,C-4759,APAC,Email,SMB,Wearables,Aura Watch,1,329,0.3663868613138686,208.46,203.44,5.02,14.36,2024-06-23
2026-08-21,ORD-106594,C-4459,LATAM,Organic,SMB,Home,Beacon Lamp,1,192,0,192,144.33,47.67,0,2024-08-06
2026-08-21,ORD-106595,C-4868,EMEA,Paid Search,Consumer,Accessories,Flux Cable,3,93,0.059014598540145985,262.53,171.28,91.25,52.12,2025-05-07
2026-08-21,ORD-106596,C-4651,APAC,Organic,SMB,Wearables,Aura Watch,2,329,0.2163868613138686,515.62,406.88,108.74,0,2024-09-14
2026-08-21,ORD-106597,C-4689,North America,Social,Enterprise,Accessories,Shield Case,2,204,0.09,371.28,275.78,95.5,22.32,2023-04-25
2026-08-21,ORD-106598,C-4718,LATAM,Email,SMB,Audio,Halo Headset,3,125,0.06,352.5,217.87,134.63,27.18,2025-07-21
2026-08-21,ORD-106599,C-4172,North America,Social,Enterprise,Home,Nest Sensor,5,64,0.02,313.6,171.39,142.21,23.54,2024-12-17
2026-08-21,ORD-106600,C-4456,EMEA,Paid Search,Enterprise,Home,Nest Sensor,9,64,0.059014598540145985,542.01,308.5,233.51,107.6,2024-02-11
2026-08-21,ORD-106601,C-4132,EMEA,Social,Enterprise,Home,Nest Sensor,6,64,0.04,368.64,205.67,162.97,35.51,2023-12-25
2026-08-21,ORD-106602,C-4238,APAC,Organic,Enterprise,Wearables,Pulse Band,5,105,0,525,281.95,243.05,0,2025-02-25
2026-08-21,ORD-106603,C-4484,LATAM,Email,Enterprise,Audio,Echo Buds,2,79,0.05,150.1,113.76,36.34,9.78,2024-12-26
2026-08-21,ORD-106604,C-4739,North America,Affiliate,SMB,Accessories,Flux Cable,1,93,0,93,57.09,35.91,5.93,2023-08-20
2026-08-21,ORD-106605,C-4870,APAC,Paid Search,SMB,Home,Beacon Lamp,1,192,0.059014598540145985,180.67,144.33,36.34,35.87,2024-05-23
2026-08-22,ORD-106606,C-4642,LATAM,Social,Consumer,Accessories,Flux Cable,2,93,0.02,182.28,114.19,68.09,14.24,2023-07-29
2026-08-22,ORD-106607,C-4647,APAC,Social,Enterprise,Wearables,Pulse Band,3,105,0,315,169.17,145.83,22.64,2023-02-21
2026-08-22,ORD-106608,C-4408,North America,Paid Search,Consumer,Accessories,Flux Cable,3,93,0.059124087591240874,262.5,171.28,91.22,52.16,2025-02-14
2026-08-22,ORD-106609,C-4838,LATAM,Email,Consumer,Audio,Halo Headset,3,125,0,375,217.87,157.13,22.92,2025-08-15
2026-08-22,ORD-106610,C-4907,LATAM,Paid Search,Enterprise,Wearables,Nimbus Ring,3,245,0.1291240875912409,640.09,536.46,103.63,127.18,2023-05-22
2026-08-22,ORD-106611,C-4304,North America,Paid Search,Enterprise,Accessories,Orbit Dock,7,208,0.059124087591240874,1369.92,839.77,530.15,272.18,2024-01-25
2026-08-22,ORD-106612,C-4345,APAC,Paid Search,Consumer,Audio,Halo Headset,3,125,0.059124087591240874,352.83,217.87,134.96,70.1,2025-05-03
2026-08-22,ORD-106613,C-4168,North America,Organic,Enterprise,Accessories,Shield Case,4,204,0,816,551.56,264.44,0,2025-07-23
2026-08-22,ORD-106614,C-4910,LATAM,Affiliate,Enterprise,Audio,Halo Headset,8,125,0,1000,580.98,419.02,82.63,2025-07-28
2026-08-22,ORD-106615,C-4570,EMEA,Organic,Consumer,Accessories,Flux Cable,3,93,0.04,267.84,171.28,96.56,0,2025-05-15
2026-08-22,ORD-106616,C-4126,LATAM,Paid Search,Consumer,Audio,Halo Headset,3,125,0.06912408759124088,349.08,217.87,131.21,69.36,2023-06-20
2026-08-22,ORD-106617,C-4107,LATAM,Email,SMB,Wearables,Aura Watch,2,329,0.2167883211678832,515.35,406.97,108.38,56.18,2025-02-04
2026-08-22,ORD-106618,C-4696,LATAM,Email,Consumer,Audio,Halo Headset,1,125,0,125,72.62,52.38,11.36,2023-12-11
2026-08-22,ORD-106619,C-4618,North America,Affiliate,Consumer,Wearables,Pulse Band,1,105,0,105,56.39,48.61,6.68,2024-05-28
2026-08-23,ORD-106620,C-4459,North America,Organic,Consumer,Accessories,Flux Cable,1,93,0.05,88.35,57.09,31.26,0,2023-10-29
2026-08-23,ORD-106621,C-4466,APAC,Paid Search,SMB,Home,Nest Sensor,2,64,0.059233576642335764,120.42,68.56,51.86,23.95,2025-07-17
2026-08-23,ORD-106622,C-4891,APAC,Email,Enterprise,Accessories,Orbit Dock,9,208,0,1872,1079.7,792.3,127.52,2025-07-02
2026-08-23,ORD-106623,C-4758,APAC,Paid Search,Consumer,Home,Vista Hub,3,214,0.13923357664233577,552.61,454.55,98.06,109.89,2025-05-08
2026-08-23,ORD-106624,C-4483,EMEA,Organic,SMB,Audio,Echo Buds,1,79,0.02,77.42,56.88,20.54,0,2023-07-28
2026-08-23,ORD-106625,C-4449,APAC,Affiliate,Consumer,Home,Vista Hub,3,214,0.13,558.54,454.55,103.99,58.63,2025-05-24
2026-08-23,ORD-106626,C-4876,North America,Email,SMB,Home,Beacon Lamp,1,192,0.14,165.12,144.33,20.79,11.08,2025-07-03
2026-08-23,ORD-106627,C-4315,APAC,Organic,Consumer,Accessories,Shield Case,2,204,0,408,275.78,132.22,0,2025-09-10
2026-08-23,ORD-106628,C-4596,APAC,Organic,Enterprise,Accessories,Orbit Dock,6,208,0,1248,719.8,528.2,0,2024-09-27
2026-08-23,ORD-106629,C-4153,APAC,Paid Search,Consumer,Wearables,Nimbus Ring,3,245,0.059233576642335764,691.46,536.46,155,137.5,2025-05-31
2026-08-23,ORD-106630,C-4613,APAC,Affiliate,Enterprise,Home,Beacon Lamp,2,192,0.01,380.16,288.66,91.5,31.63,2024-11-19
2026-08-23,ORD-106631,C-4543,LATAM,Email,Consumer,Audio,Echo Buds,2,79,0.01,156.42,113.76,42.66,9.74,2024-04-10
2026-08-23,ORD-106632,C-4854,LATAM,Organic,Enterprise,Audio,Halo Headset,8,125,0.11,890,580.98,309.02,0,2025-01-23
2026-08-23,ORD-106633,C-4224,North America,Social,SMB,Wearables,Pulse Band,1,105,0.02,102.9,56.39,46.51,8.13,2024-07-02
2026-08-23,ORD-106634,C-4554,LATAM,Social,Enterprise,Home,Vista Hub,7,214,0,1498,1060.62,437.38,156.13,2023-03-24
2026-08-23,ORD-106635,C-4900,LATAM,Paid Search,Consumer,Home,Beacon Lamp,1,192,0.13923357664233577,165.27,144.33,20.94,32.86,2025-03-28
2026-08-24,ORD-106636,C-4338,North America,Email,Enterprise,Accessories,Orbit Dock,5,208,0,1040,599.83,440.17,78.7,2024-09-10
2026-08-24,ORD-106637,C-4750,APAC,Paid Search,SMB,Wearables,Aura Watch,2,329,0.27693430656934304,475.78,407.15,68.63,94.69,2023-01-24
2026-08-24,ORD-106638,C-4205,APAC,Social,SMB,Wearables,Pulse Band,1,105,0,105,56.39,48.61,8.19,2024-11-05
2026-08-24,ORD-106639,C-4366,EMEA,Social,Enterprise,Audio,Echo Buds,2,79,0.09,143.78,113.76,30.02,11.72,2024-10-16
2026-08-24,ORD-106640,C-4969,North America,Affiliate,Consumer,Home,Nest Sensor,1,64,0.01,63.36,34.28,29.08,5.48,2025-06-24
2026-08-24,ORD-106641,C-4490,APAC,Social,Enterprise,Accessories,Flux Cable,9,93,0.12,736.56,513.85,222.71,54.19,2025-04-04
2026-08-24,ORD-106642,C-4990,North America,Social,Consumer,Home,Nest Sensor,1,64,0.01,63.36,34.28,29.08,5.22,2024-06-04
2026-08-24,ORD-106643,C-4475,North America,Social,Consumer,Audio,Halo Headset,2,125,0,250,145.24,104.76,23.19,2024-05-23
2026-08-24,ORD-106644,C-4472,EMEA,Organic,SMB,Home,Beacon Lamp,2,192,0,384,288.66,95.34,0,2025-05-05
2026-08-24,ORD-106645,C-4818,APAC,Social,Consumer,Home,Vista Hub,1,214,0.04,205.44,151.52,53.92,14.69,2024-11-11
2026-08-24,ORD-106646,C-4532,North America,Organic,Consumer,Wearables,Nimbus Ring,1,245,0,245,178.82,66.18,0,2024-02-02
2026-08-24,ORD-106647,C-4105,North America,Social,Enterprise,Home,Beacon Lamp,8,192,0.01,1520.64,1154.65,365.99,125.94,2023-02-17
2026-08-24,ORD-106648,C-4212,APAC,Affiliate,Enterprise,Accessories,Flux Cable,7,93,0,651,399.66,251.34,52.93,2024-11-22
2026-08-24,ORD-106649,C-4936,EMEA,Social,SMB,Home,Beacon Lamp,1,192,0.01,190.08,144.33,45.75,11.69,2025-08-17
2026-08-24,ORD-106650,C-4779,APAC,Email,SMB,Wearables,Nimbus Ring,3,245,0,735,536.46,198.54,61.35,2023-01-15
2026-08-24,ORD-106651,C-4592,North America,Paid Search,Enterprise,Accessories,Orbit Dock,6,208,0.059343065693430654,1173.94,719.8,454.14,233.63,2025-03-01
2026-08-24,ORD-106652,C-4552,EMEA,Social,Consumer,Accessories,Flux Cable,3,93,0,279,171.28,107.72,18.49,2025-04-20
2026-08-24,ORD-106653,C-4241,EMEA,Social,SMB,Wearables,Pulse Band,1,105,0,105,56.39,48.61,11.2,2023-06-06
2026-08-24,ORD-106654,C-4848,LATAM,Affiliate,Enterprise,Accessories,Orbit Dock,3,208,0,624,359.9,264.1,66.12,2025-02-13
2026-08-24,ORD-106655,C-4280,EMEA,Paid Search,Enterprise,Accessories,Flux Cable,5,93,0.059343065693430654,437.41,285.47,151.94,87.05,2023-03-05
2026-08-25,ORD-106656,C-4521,EMEA,Paid Search,SMB,Audio,Echo Buds,1,79,0.05945255474452555,74.3,56.88,17.42,14.8,2023-02-13
2026-08-25,ORD-106657,C-4479,North America,Social,Enterprise,Accessories,Flux Cable,2,93,0,186,114.19,71.81,19.74,2025-09-08
2026-08-25,ORD-106658,C-4770,LATAM,Organic,SMB,Home,Vista Hub,1,214,0.14,184.04,151.52,32.52,0,2025-09-20
2026-08-25,ORD-106659,C-4505,LATAM,Organic,Enterprise,Audio,Halo Headset,7,125,0,875,508.35,366.65,0,2025-05-03
2026-08-25,ORD-106660,C-4634,LATAM,Affiliate,Enterprise,Wearables,Nimbus Ring,2,245,0.15,416.5,357.64,58.86,28.14,2025-05-15
2026-08-25,ORD-106661,C-4234,LATAM,Paid Search,SMB,Audio,Echo Buds,3,79,0.05945255474452555,222.91,170.65,52.26,44.4,2023-08-28
2026-08-25,ORD-106662,C-4824,APAC,Social,Enterprise,Audio,Halo Headset,1,125,0,125,72.62,52.38,8.81,2025-05-14
2026-08-25,ORD-106663,C-4760,LATAM,Social,Enterprise,Home,Vista Hub,3,214,0.12,564.96,454.55,110.41,43.92,2024-05-19
2026-08-25,ORD-106664,C-4555,EMEA,Paid Search,Enterprise,Audio,Halo Headset,8,125,0.15945255474452555,840.55,580.98,259.57,167.42,2024-05-26
2026-08-25,ORD-106665,C-4357,APAC,Email,Consumer,Wearables,Pulse Band,2,105,0,210,112.78,97.22,17.14,2023-11-12
2026-08-25,ORD-106666,C-4473,North America,Affiliate,Consumer,Wearables,Nimbus Ring,3,245,0,735,536.46,198.54,50.39,2024-03-17
2026-08-25,ORD-106667,C-4445,LATAM,Email,SMB,Wearables,Aura Watch,1,329,0.237992700729927,250.7,203.63,47.07,24.94,2023-11-17
2026-08-25,ORD-106668,C-4808,North America,Email,SMB,Audio,Echo Buds,1,79,0.01,78.21,56.88,21.33,6.16,2025-03-22
2026-08-25,ORD-106669,C-4132,APAC,Paid Search,Enterprise,Accessories,Flux Cable,3,93,0.15945255474452555,234.51,171.28,63.23,46.71,2025-05-16
2026-08-25,ORD-106670,C-4582,APAC,Social,SMB,Home,Vista Hub,2,214,0.14,368.08,303.03,65.05,25.12,2024-01-29
2026-08-25,ORD-106671,C-4692,APAC,Organic,SMB,Accessories,Shield Case,1,204,0,204,137.89,66.11,0,2023-01-27
2026-08-25,ORD-106672,C-4502,North America,Affiliate,Enterprise,Wearables,Pulse Band,2,105,0,210,112.78,97.22,17.82,2025-09-13
2026-08-25,ORD-106673,C-4645,EMEA,Paid Search,Consumer,Wearables,Aura Watch,2,329,0.2774452554744526,475.44,407.24,68.2,94.7,2024-03-18
2026-08-25,ORD-106674,C-4650,APAC,Organic,Consumer,Accessories,Shield Case,1,204,0.03,197.88,137.89,59.99,0,2025-07-11
2026-08-25,ORD-106675,C-4274,LATAM,Organic,SMB,Audio,Halo Headset,1,125,0,125,72.62,52.38,0,2024-05-02
2026-08-26,ORD-106676,C-4139,North America,Paid Search,SMB,Home,Nest Sensor,1,64,0.12956204379562045,55.71,34.28,21.43,11.11,2023-11-17
2026-08-26,ORD-106677,C-4780,APAC,Organic,Consumer,Accessories,Shield Case,2,204,0.1,367.2,275.78,91.42,0,2024-09-16
2026-08-26,ORD-106678,C-4827,LATAM,Email,SMB,Audio,Echo Buds,3,79,0.04,227.52,170.65,56.87,23.78,2023-11-05
2026-08-26,ORD-106679,C-4953,APAC,Organic,Consumer,Audio,Echo Buds,3,79,0,237,170.65,66.35,0,2024-05-04
2026-08-26,ORD-106680,C-4139,LATAM,Social,Consumer,Audio,Echo Buds,3,79,0.12,208.56,170.65,37.91,19.47,2025-03-10
2026-08-26,ORD-106681,C-4492,APAC,Paid Search,SMB,Audio,Halo Headset,2,125,0.19956204379562045,200.11,145.24,54.87,39.89,2024-03-21
2026-08-26,ORD-106682,C-4907,APAC,Social,SMB,Audio,Echo Buds,2,79,0.12,139.04,113.76,25.28,8.63,2025-06-19
2026-08-26,ORD-106683,C-4966,EMEA,Social,Consumer,Accessories,Orbit Dock,3,208,0,624,359.9,264.1,57.7,2024-03-08
2026-08-26,ORD-106684,,North America,Affiliate,Enterprise,Wearables,Nimbus Ring,1,245,0,245,178.82,66.18,24.52,2025-08-07
2026-08-26,ORD-106685,C-4197,LATAM,Organic,Enterprise,Accessories,Flux Cable,8,93,0,744,456.76,287.24,0,2023-01-20
2026-08-26,ORD-106686,C-4427,APAC,Paid Search,Consumer,Accessories,Orbit Dock,1,208,0.18956204379562044,168.57,119.97,48.6,33.6,2025-05-14
2026-08-26,ORD-106687,C-4258,EMEA,Paid Search,Enterprise,Accessories,Flux Cable,4,93,0.05956204379562044,349.84,228.38,121.46,69.74,2024-10-19
2026-08-26,ORD-106688,C-4873,North America,Social,Consumer,Accessories,Shield Case,1,204,0,204,137.89,66.11,19.38,2025-02-22
2026-08-26,ORD-106689,C-4304,North America,Social,SMB,Accessories,Shield Case,2,204,0,408,275.78,132.22,35.4,2023-02-16
2026-08-26,ORD-106690,C-4632,EMEA,Paid Search,Consumer,Wearables,Pulse Band,2,105,0.05956204379562044,197.49,112.78,84.71,39.37,2023-09-16
2026-08-26,ORD-106691,C-4720,EMEA,Organic,Consumer,Wearables,Pulse Band,2,105,0,210,112.78,97.22,0,2025-04-05
2026-08-26,ORD-106692,C-4378,EMEA,Organic,Consumer,Home,Beacon Lamp,2,192,0,384,288.66,95.34,0,2023-09-19
2026-08-27,ORD-106693,C-4553,EMEA,Paid Search,Consumer,Home,Beacon Lamp,3,192,0.05967153284671532,541.63,432.99,108.64,108.06,2024-09-30
2026-08-27,ORD-106694,C-4216,LATAM,Email,Enterprise,Wearables,Aura Watch,6,329,0.2187956204379562,1542.1,1222.27,319.83,108.49,2024-08-06
2026-08-27,ORD-106695,C-4221,LATAM,Social,Enterprise,Wearables,Nimbus Ring,2,245,0.11,436.1,357.64,78.46,35.88,2024-07-17
2026-08-27,ORD-106696,C-4395,LATAM,Social,Enterprise,Wearables,Aura Watch,9,329,0.30879562043795616,2046.66,1833.41,213.25,219.17,2023-07-27
2026-08-27,ORD-106697,C-4272,EMEA,Organic,Consumer,Wearables,Pulse Band,3,105,0,315,169.17,145.83,0,2024-07-31
2026-08-27,ORD-106698,C-4887,LATAM,Affiliate,Consumer,Wearables,Aura Watch,3,329,0.30879562043795616,682.22,611.14,71.08,52.94,2023-09-14
2026-08-27,ORD-106699,C-4476,LATAM,Email,SMB,Wearables,Pulse Band,3,105,0.06,296.1,169.17,126.93,18.33,2024-03-09
2026-08-27,ORD-106700,C-4805,APAC,Paid Search,Consumer,Audio,Halo Headset,2,125,0.05967153284671532,235.08,145.24,89.84,46.9,2024-04-02
2026-08-27,ORD-106701,C-4811,EMEA,Social,Consumer,Accessories,Flux Cable,3,93,0.12,245.52,171.28,74.24,24.65,2024-03-27
2026-08-27,ORD-106702,C-4674,North America,Social,SMB,Wearables,Nimbus Ring,3,245,0.05,698.25,536.46,161.79,66.72,2025-04-01
2026-08-27,ORD-106703,C-4526,LATAM,Affiliate,Consumer,Accessories,Shield Case,3,204,0.03,593.64,413.67,179.97,63.28,2025-03-09
2026-08-27,ORD-106704,C-4999,North America,Organic,Enterprise,Home,Beacon Lamp,7,192,0,1344,1010.32,333.68,0,2023-05-05
2026-08-27,ORD-106705,C-4611,North America,Social,Enterprise,Audio,Echo Buds,5,79,0,395,284.41,110.59,38.11,2024-12-18
2026-08-27,ORD-106706,C-4101,EMEA,Affiliate,Consumer,Audio,Echo Buds,1,79,0.03,76.63,56.88,19.75,4.61,2024-08-12
2026-08-27,ORD-106707,C-4237,APAC,Affiliate,Consumer,Home,Vista Hub,3,214,0,642,454.55,187.45,57.3,2023-04-05
2026-08-27,ORD-106708,C-4389,North America,Email,Consumer,Accessories,Orbit Dock,2,208,0,416,239.93,176.07,37.24,2023-06-20
2026-08-27,ORD-106709,C-4523,APAC,Email,SMB,Home,Vista Hub,3,214,0,642,454.55,187.45,50.25,2023-01-24
2026-08-27,ORD-106710,C-4704,LATAM,Email,Enterprise,Home,Nest Sensor,8,64,0,512,274.22,237.78,36.9,2024-01-02
2026-08-27,ORD-106711,C-4982,EMEA,Affiliate,Enterprise,Wearables,Nimbus Ring,7,245,0.09,1560.65,1251.74,308.91,140.45,2024-06-06
2026-08-28,ORD-106712,C-4283,APAC,Social,Enterprise,Accessories,Flux Cable,4,93,0.07,345.96,228.38,117.58,21.26,2025-05-31
2026-08-28,ORD-106713,C-4792,North America,Paid Search,Consumer,Home,Nest Sensor,1,64,0.05978102189781021,60.17,34.28,25.89,12.01,2024-06-25
2026-08-28,ORD-106714,C-4732,LATAM,Social,Enterprise,Wearables,Nimbus Ring,6,245,0.1,1323,1072.92,250.08,135.83,2024-12-22
2026-08-28,ORD-106715,C-4960,APAC,Social,Enterprise,Wearables,Pulse Band,8,105,0,840,451.12,388.88,63.44,2023-04-21
2026-08-28,ORD-106716,C-4813,APAC,Affiliate,Consumer,Audio,Halo Headset,1,125,0,125,72.62,52.38,12.4,2024-04-17
2026-08-28,ORD-106717,C-4509,APAC,Paid Search,SMB,Audio,Echo Buds,3,79,0.05978102189781021,222.83,170.65,52.18,44.49,2025-06-25
2026-08-28,ORD-106718,C-4828,EMEA,Organic,Enterprise,Wearables,Nimbus Ring,2,245,0.14,421.4,357.64,63.76,0,2024-09-08
2026-08-28,ORD-106719,C-4710,EMEA,Organic,SMB,Home,Vista Hub,1,214,0.03,207.58,151.52,56.06,0,2025-07-28
2026-08-28,ORD-106720,C-4319,APAC,Organic,Enterprise,Wearables,Nimbus Ring,1,245,0,245,178.82,66.18,0,2024-03-04
2026-08-28,ORD-106721,C-4993,North America,Social,Enterprise,Accessories,Flux Cable,7,93,0,651,399.66,251.34,67,2023-07-21
2026-08-28,ORD-106722,C-4139,North America,Social,Enterprise,Accessories,Orbit Dock,6,208,0,1248,719.8,528.2,83.94,2024-05-22
2026-08-29,ORD-106723,C-4344,APAC,Email,Enterprise,Audio,Echo Buds,4,79,0,316,227.53,88.47,26.08,2024-04-29
2026-08-29,ORD-106724,C-4297,North America,Affiliate,Enterprise,Audio,Echo Buds,9,79,0,711,511.94,199.06,47.58,2023-04-09
2026-08-29,ORD-106725,C-4994,North America,Affiliate,Consumer,Home,Nest Sensor,3,64,0,192,102.83,89.17,16.31,2023-10-04
2026-08-29,ORD-106726,C-4890,EMEA,Social,Consumer,Wearables,Pulse Band,1,105,0.12,92.4,56.39,36.01,7.26,2023-04-08
2026-08-29,ORD-106727,C-4212,APAC,Social,Enterprise,Home,Beacon Lamp,8,192,0.02,1505.28,1154.65,350.63,103.83,2023-11-21
2026-08-29,ORD-106728,C-4381,APAC,Organic,Consumer,Home,Beacon Lamp,2,192,0,384,288.66,95.34,0,2024-12-31
2026-08-29,ORD-106729,C-4181,EMEA,Paid Search,Enterprise,Audio,Echo Buds,2,79,0.05989051094890511,148.54,113.76,34.78,29.68,2024-03-28
2026-08-29,ORD-106730,C-4221,North America,Paid Search,Consumer,Wearables,Pulse Band,2,105,0.05989051094890511,197.42,112.78,84.64,39.45,2023-09-24
2026-08-29,ORD-106731,C-4713,LATAM,Paid Search,SMB,Accessories,Flux Cable,1,93,0.05989051094890511,87.43,57.09,30.34,17.47,2024-03-03
2026-08-29,ORD-106732,C-4364,APAC,Affiliate,SMB,Wearables,Aura Watch,2,329,0.2195985401459854,513.5,407.61,105.89,53.1,2025-05-08
2026-08-29,ORD-106733,C-4206,APAC,Organic,Enterprise,Audio,Halo Headset,1,125,0.04,120,72.62,47.38,0,2024-02-09
2026-08-29,ORD-106734,C-4599,EMEA,Organic,Consumer,Audio,Halo Headset,3,125,0,375,217.87,157.13,0,2024-06-17
2026-08-29,ORD-106735,C-4426,LATAM,Social,SMB,Wearables,Nimbus Ring,2,245,0.05,465.5,357.64,107.86,29.83,2023-12-10
2026-08-29,ORD-106736,C-4925,EMEA,Paid Search,Enterprise,Wearables,Aura Watch,5,329,0.27948905109489053,1185.24,1019.02,166.22,236.85,2023-07-17
2026-08-30,ORD-106737,C-4912,North America,Paid Search,Enterprise,Wearables,Pulse Band,4,105,0.15,357,225.56,131.44,71.4,2023-08-10
2026-08-30,ORD-106738,,North America,Paid Search,SMB,Wearables,Nimbus Ring,3,245,0.06,690.9,536.46,154.44,138.18,2025-02-02
2026-08-30,ORD-106739,C-4583,EMEA,Email,Consumer,Accessories,Orbit Dock,2,208,0,416,239.93,176.07,29.75,2023-08-31
2026-08-30,ORD-106740,C-4387,EMEA,Organic,Enterprise,Accessories,Orbit Dock,9,208,0.03,1815.84,1079.7,736.14,0,2024-02-28
2026-08-30,ORD-106741,C-4287,APAC,Organic,SMB,Home,Beacon Lamp,2,192,0,384,288.66,95.34,0,2023-10-28
2026-08-30,ORD-106742,C-4424,North America,Paid Search,Enterprise,Home,Nest Sensor,7,64,0.15,380.8,239.95,140.85,76.16,2023-03-05
2026-08-30,ORD-106743,C-4742,North America,Paid Search,SMB,Accessories,Shield Case,1,204,0.18,167.28,137.89,29.39,33.46,2023-02-15
2026-08-30,ORD-106744,C-4728,LATAM,Paid Search,Consumer,Accessories,Flux Cable,3,93,0.06,262.26,171.28,90.98,52.45,2024-09-10
2026-08-30,ORD-106745,C-4695,LATAM,Social,Consumer,Audio,Halo Headset,1,125,0.12,110,72.62,37.38,9.2,2023-02-11
2026-08-30,ORD-106746,C-4714,APAC,Social,Enterprise,Accessories,Orbit Dock,2,208,0.11,370.24,239.93,130.31,28.41,2023-01-10
2026-08-30,ORD-106747,C-4547,North America,Affiliate,Enterprise,Audio,Echo Buds,7,79,0,553,398.17,154.83,55.61,2024-10-29
2026-08-30,ORD-106748,C-4395,North America,Social,SMB,Home,Nest Sensor,1,64,0.15,54.4,34.28,20.12,3.78,2023-09-04
2026-08-30,ORD-106749,C-4549,EMEA,Paid Search,SMB,Wearables,Aura Watch,1,329,0.41,194.11,203.85,-9.74,38.82,2023-09-07
2026-03-12,ORD-104068,C-4558,APAC,Affiliate,SMB,Accessories,Shield Case,3,204,0,612,413.67,198.33,52.59,2023-06-03
2026-06-12,ORD-105426,C-4986,LATAM,Affiliate,SMB,Wearables,Nimbus Ring,3,245,0.06,690.9,536.46,154.44,72.33,2025-07-15
2025-12-31,ORD-103303,C-4989,North America,Affiliate,SMB,Accessories,Shield Case,2,204,0,408,275.78,132.22,35.32,2023-11-12
2025-03-30,ORD-100238,C-4712,North America,Paid Search,SMB,Accessories,Orbit Dock,3,208,0.03328467153284671,603.23,359.9,243.33,69.33,2025-03-18
2026-07-05,ORD-105815,C-4208,EMEA,Paid Search,Enterprise,Home,Vista Hub,1,214,0.08386861313868613,196.05,151.52,44.53,37.41,2023-05-28
2025-03-07,ORD-100040,C-4497,North America,Social,Enterprise,Audio,Halo Headset,1,125,0,125,72.62,52.38,7.67,2025-04-20
2025-09-07,ORD-101993,C-4676,APAC,Affiliate,SMB,Home,Nest Sensor,1,64,0.08,58.88,34.28,24.6,4.58,2024-01-10
2025-12-19,ORD-103144,C-4175,EMEA,,Enterprise,Home,Vista Hub,4,214,0,856,606.07,249.93,66.18,2025-07-17
2025-07-17,ORD-101399,C-4643,APAC,Social,Enterprise,Accessories,Orbit Dock,6,208,0,1248,719.8,528.2,120.45,2024-07-27
2025-12-31,ORD-103303,C-4989,North America,Affiliate,SMB,Accessories,Shield Case,2,204,0,408,275.78,132.22,35.32,2023-11-12
2025-05-18,ORD-100728,C-4529,North America,Paid Search,Enterprise,Wearables,Pulse Band,9,105,0.008649635036496349,936.83,507.51,429.32,115.21,2023-03-01
2026-04-01,ORD-104326,C-4518,APAC,Social,Enterprise,Wearables,Pulse Band,5,105,0,525,281.95,243.05,33.27,2023-07-28
2025-10-02,ORD-102278,C-4793,EMEA,Organic,Enterprise,Audio,Echo Buds,6,79,0,474,341.29,132.71,0,2024-03-11
2025-04-01,ORD-100250,C-4481,APAC,Social,Consumer,Wearables,Aura Watch,1,329,0.022846715328467153,321.48,180.28,141.2,19.91,2025-08-26